"chr","start","end","width","nCpGs","minFDR","Stouffer","maxdiff","meandiff","overlapping_genes"
"chr7",27142816,27145517,2702,51,9.45708528210448e-40,3.37007055505187e-24,0.0103168717252247,0.00481733942394614,"HOXA-AS3, HOXA3, AC004080.6, HOXA5, HOXA6"
"chr6",32095137,32098113,2977,49,2.24701673869269e-35,4.61934759818106e-27,0.0105167465408689,0.00494080172885719,"TNXB"
"chr17",44004226,44006621,2396,19,9.57782158330289e-29,8.75939658928382e-26,0.0100287609139623,0.00654626213640426,"NAGS, PYY"
"chr16",67161755,67164340,2586,17,5.37201736656119e-24,1.7366573675464e-15,0.00903096313264837,0.00568365904838222,"FBXL8, AC074143.1"
"chr6",29552921,29554004,1084,30,2.35767730795006e-22,5.58688553431956e-14,0.00605566717533411,0.00236963416422701,"OR2I1P"
"chr15",83282911,83286097,3187,35,4.43041206924913e-21,6.81405854332651e-16,0.00987032536609027,0.00410908390116143,"AC103876.1, BNC1"
"chr2",191845500,191848317,2818,17,6.35694656731522e-20,1.46425890783678e-15,-0.0116794878707932,-0.00646672844856482,"CAVIN2-AS1, CAVIN2"
"chr1",52842193,52844264,2072,11,1.09666418168408e-19,5.0618714668195e-07,0.00914616089743347,0.00382734051261811,"ZYG11A"
"chr5",135930028,135931207,1180,14,1.69105474122588e-19,1.05336982045003e-15,0.00843143290584288,0.005391798490832,"FBXL21P, LECT2"
"chr4",10456425,10458613,2189,17,2.88121094627408e-19,6.93040216964158e-08,0.00894159163123484,0.00378493753552036,"AC005599.1, ZNF518B"
"chr6",25651448,25652587,1140,14,5.37858554246697e-19,2.51141750913377e-09,0.00739322695106353,0.00328383405301084,"SCGN"
"chr6",11043873,11045137,1265,9,2.52800066221915e-18,0.000203196137518004,0.0152131570081856,0.00429170635455565,"ELOVL2-AS1, ELOVL2"
"chr2",176187758,176189845,2088,20,3.23023185699879e-18,2.20146814603071e-05,0.00889343547991789,0.00230752930048008,"HOXD1, MIR7704, HAGLR"
"chr10",8052897,8055391,2495,41,9.47285424414968e-18,5.17377426488465e-10,0.00568552574811817,0.00229728982832551,"GATA3, AL390294.1, GATA3-AS1"
"chr13",99988660,99992403,3744,27,2.09702885696025e-17,9.91486948429982e-26,-0.0113267187459393,-0.0077530738495053,""
"chr7",135147379,135148583,1205,13,5.63974216476231e-17,8.54153102351776e-17,-0.0110011199913965,-0.00849538945234215,"AGBL3, TMEM140, CYREN"
"chr2",88451639,88453318,1680,9,9.89987907295449e-17,2.8816311173607e-10,0.010565988825673,0.00415291379140466,"FOXI3"
"chr7",35253285,35255047,1763,16,1.01566991182536e-16,8.45535571541869e-10,0.00858698457980423,0.0036601566938187,"TBX20"
"chr14",101560385,101561460,1076,12,2.327670615717e-16,1.48492836049947e-09,0.0103956789118192,0.00508031428727737,"DIO3, DIO3OS, MIR1247"
"chr1",50422788,50425280,2493,18,8.41342282501172e-16,6.52832146897785e-14,0.00806662577069994,0.00387315217612574,"AL049637.1, DMRTA2"
"chr17",38509590,38511546,1957,10,9.16275274890397e-16,2.10028390744921e-14,0.0116539600598916,0.00871092788276676,"ARHGAP23"
"chr12",114697081,114698503,1423,36,9.51554773928395e-16,7.66026507585106e-09,0.00670441996362895,0.00273151779877099,"AC026765.3"
"chr1",119005904,119008696,2793,15,9.51554773928395e-16,2.59667470107644e-17,0.0111098940956815,0.00666538657258182,""
"chr17",44656000,44657291,1292,12,9.51554773928395e-16,4.23324670745936e-08,0.00807176255355788,0.00377421805092851,"MEIOC"
"chr11",63887430,63889393,1964,13,1.48116463231571e-15,2.80687597721878e-09,-0.0102286952766719,-0.00541438445702607,"MARK2"
"chr7",27241696,27243790,2095,27,1.89157662359327e-15,2.02317594648539e-07,0.00688220494899805,0.00253707906401022,"EVX1, EVX1-AS"
"chr8",100336131,100337471,1341,11,2.28941371684955e-15,1.83747595770462e-13,-0.0104843614574121,-0.00718405721172935,"RNF19A"
"chr2",28810195,28811186,992,9,2.43754088756881e-15,5.4224826236578e-07,0.0108680158172797,0.00489044751213133,"SPDYA, AC097724.1"
"chr13",100516620,100518399,1780,8,3.76608380824528e-15,1.86449300883864e-12,-0.00976358941439028,-0.00701106115283356,"PCCA"
"chr16",179408,181150,1743,11,5.31951480537708e-15,0.000176051950320014,0.0106240727194334,0.00384323893905901,"HBQ1"
"chr11",2376293,2377626,1334,24,5.8374993324584e-15,0.03153603328918,0.00975063646666072,0.00123406829107605,"CD81, CD81-AS1"
"chr8",70070020,70072682,2663,19,9.96575724067872e-15,2.35307133961539e-10,0.0108733943039415,0.00455133408230098,"PRDM14"
"chr5",16508811,16510380,1570,9,1.07477855304313e-14,5.27162697340951e-13,-0.00935000894763887,-0.00634472803691571,"RETREG1"
"chr8",35234670,35236535,1866,13,1.12322277358525e-14,8.92301667839445e-12,0.00767378394419992,0.00306978739199999,"UNC5D"
"chr5",127651814,127653191,1378,9,1.19501347125058e-14,2.26589340025962e-12,-0.0074560180787685,-0.00590848515338842,"CTXN3, AC022118.1"
"chr11",74310778,74312174,1397,15,1.60756219234174e-14,4.50930799586905e-11,0.0115266673912319,0.00530020714518545,"P4HA3-AS1, P4HA3"
"chr18",24397376,24398504,1129,13,2.10185036023973e-14,2.43762913465634e-10,0.00737875618444028,0.00307983602978007,"OSBPL1A"
"chr11",2868579,2870265,1687,31,2.19522301046291e-14,2.06215931791708e-07,0.00976958868489879,0.0042722594733577,"KCNQ1DN"
"chr15",32717790,32719240,1451,9,9.39168733508588e-14,5.13816946641582e-07,0.0115429066785085,0.00315507428569278,"GREM1, AC090877.2"
"chr2",71276116,71277641,1526,12,1.05040904534055e-13,1.05233132506474e-09,0.00967706549290262,0.00462312069752752,"ZNF638"
"chr14",93938570,93940272,1703,8,1.28797874399806e-13,0.000234968385772015,0.0112061298852475,0.00514513384264917,"AL132642.1, ASB2"
"chr3",172447727,172449655,1929,14,1.48296269165978e-13,5.39747445562734e-06,0.008391712137792,0.00250963304362368,"GHSR"
"chr6",117270270,117271195,926,5,1.64706900421757e-13,1.42181194194738e-05,0.00757128412893594,0.00393675583239894,"VGLL2"
"chr10",11741795,11743162,1368,12,1.89490326989572e-13,3.04707232088658e-10,0.00976567474383953,0.00543541512515613,"ECHDC3"
"chr5",2038414,2038875,462,6,1.89544183366245e-13,4.28207889805057e-09,0.00958260919873452,0.00523507553311473,"AC124852.1"
"chr8",123657418,123658733,1316,14,2.06981148591263e-13,1.471005101852e-10,-0.00926869160669798,-0.004573189570975,"AC135166.1"
"chr17",7929161,7930345,1185,10,2.08821903539015e-13,1.38617980492528e-07,0.0113872720294663,0.00576313174637678,"KCNAB3, AC104581.2, TRAPPC1"
"chr15",74201299,74203699,2401,18,2.33183508181542e-13,2.18443573362334e-12,-0.00734103376348596,-0.00499197334888258,"CCDC33, STRA6"
"chr11",126402181,126404165,1985,10,2.53550860932803e-13,7.20885529796464e-11,-0.00841200148524548,-0.00616884264517832,"ST3GAL4"
"chr6",30742596,30745320,2725,63,2.65008214557597e-13,6.81405854332651e-16,0.00834068665891031,0.00354984346047734,"IER3-AS1, HCG20, FLOT1, IER3"
"chr10",127735734,127739044,3311,18,2.65624462394395e-13,1.17174616037856e-13,0.00994440228219991,0.00597173233819192,"FOXI2, AL391005.1"
"chr15",96346822,96348247,1426,8,2.89886140190528e-13,1.91469173527484e-10,-0.0120978371701656,-0.00829151010760408,""
"chr4",110639306,110640196,891,9,3.402591100121e-13,3.86924126885884e-05,0.0127610263726164,0.00519325490121577,"PITX2"
"chr2",176128904,176130828,1925,17,3.88468898562982e-13,4.13528510597479e-09,0.006119355652892,0.00264818610663228,"HOXD8, HOXD-AS2"
"chr5",171307852,171310392,2541,18,3.93516502014993e-13,1.6538030574137e-10,0.00844672190482606,0.00406668676394092,"TLX3, AC091980.2"
"chr15",74172409,74175368,2960,17,4.06686864797678e-13,6.63202695888175e-11,-0.00813639974069323,-0.00573550518170414,"ISLR, AC010931.2"
"chr10",14008306,14008719,414,7,4.21520615522892e-13,1.51586964754402e-10,-0.00919234183074264,-0.00652770339898525,"FRMD4A"
"chr5",10649269,10650239,971,3,4.44463581590753e-13,1.37753983729191e-08,0.0109429192787756,0.00862827641721336,"ANKRD33B"
"chr10",35639626,35640441,816,4,4.55618693480331e-13,0.000110161858258423,0.010526775038541,0.00494692983978502,"FZD8"
"chr20",23047667,23049465,1799,8,4.57945535550355e-13,9.44978929325544e-07,0.00973013783678475,0.00530663810472077,"THBD"
"chr7",124764768,124766508,1741,15,5.08878160002839e-13,3.68428864372821e-12,0.00948840417126848,0.00551998185389454,"GPR37"
"chr18",78978201,78980962,2762,19,7.30873790976875e-13,1.23642653622348e-10,0.00760482779618077,0.00313242374078239,"SALL3, LINC01896"
"chr3",120907260,120909444,2185,16,8.80459387752576e-13,3.28428130644915e-06,0.00747501490874905,0.00349559137685571,"STXBP5L, AC072026.2"
"chr15",45022381,45023444,1064,15,9.71409356428931e-13,5.59865734729366e-12,0.00806985139393553,0.00365410232930193,"SORD"
"chr16",49281391,49282286,896,10,1.0561688833532e-12,9.65809677796875e-10,0.0066067333094715,0.00353479911636349,"AC007614.1, CBLN1"
"chr17",45404853,45406289,1437,9,1.09303393829727e-12,3.91973232445262e-07,0.0092433790835397,0.00401194377704058,"ARHGAP27"
"chr6",83707726,83710108,2383,29,1.17285950928796e-12,4.31610235376288e-09,0.00665899700823766,0.00220877188021827,"SNAP91"
"chr6",109977948,109980276,2329,17,1.37528261408291e-12,3.86338883440238e-07,0.0109971034351426,0.00432530692090645,"GPR6"
"chr10",129962497,129963788,1292,12,1.73957398107109e-12,1.38983645917787e-05,0.00909970588791305,0.00406738863997321,"EBF3"
"chr12",68932748,68934167,1420,11,1.95553230671949e-12,7.73756390470419e-06,0.00832158045650897,0.00318882265929906,"CPM"
"chr6",167093959,167095049,1091,10,2.38244913768231e-12,0.000211443570725565,-0.0097632627191615,-0.00439829138271183,"CEP43, Z94721.2"
"chr5",93594346,93597208,2863,15,2.70385931351237e-12,2.14825830497004e-10,-0.00998226895882369,-0.00573033343500719,"NR2F1"
"chr14",92922455,92923546,1092,18,3.60726721020743e-12,8.20021189198518e-07,0.00888436478090236,0.0027578472330868,"CHGA"
"chr10",25061307,25062598,1292,8,4.07251779425159e-12,2.89113615132464e-11,-0.0106621772168534,-0.00761860111844317,"AL512598.2, ENKUR"
"chr6",122995452,122996730,1279,17,4.08952390063213e-12,1.05313045389384e-08,0.00789003014965039,0.00272033225484383,"CLVS2, AL591428.1"
"chr18",5196398,5197633,1236,14,4.44124899527046e-12,2.23932565813882e-10,0.0063538883899873,0.00310271033603724,"AP001496.4, AKAIN1"
"chr8",26864219,26866067,1849,16,4.87980519661213e-12,4.77863102549363e-11,0.0106447052124014,0.00695642833909681,"ADRA1A"
"chr15",96342789,96345204,2416,15,5.2422277580017e-12,6.00070560652721e-16,-0.0107202848844524,-0.00710147004883375,"AC103746.1"
"chr2",176106576,176108084,1509,13,6.0137944053567e-12,8.73289011127548e-08,0.00732082840524829,0.00324955401863213,"HOXD11"
"chr11",2140616,2142283,1668,24,6.32030970634154e-12,1.91469173527484e-10,0.00862332230330782,0.00420955150126902,"IGF2-AS, IGF2, AC132217.2, INS-IGF2"
"chr18",5455803,5456539,737,4,6.32030970634154e-12,5.10554330144263e-06,-0.00969253629106808,-0.0062515106114645,"EPB41L3"
"chr6",1765812,1766690,879,7,8.45179572845885e-12,3.91571629522647e-10,-0.00862935543009931,-0.00671114393368451,"GMDS"
"chr10",129964870,129967514,2645,11,8.45445628477764e-12,3.94373642863602e-10,0.0070304550894086,0.00516580209013717,"EBF3"
"chr11",69011277,69013889,2613,17,8.45836983109423e-12,1.05233132506474e-09,-0.00816126501742651,-0.00357544813134744,"MRGPRF-AS1, MRGPRF"
"chr5",170861251,170862844,1594,16,8.62059306846675e-12,2.39207450663817e-06,0.0109730880885374,0.00441602061777333,"RANBP17"
"chr7",55077899,55079734,1836,10,1.0972053393214e-11,9.291019804591e-08,-0.00811838539347719,-0.00452542150568175,"EGFR"
"chr3",68931796,68932947,1152,14,1.111988898451e-11,1.05233132506474e-09,0.00984413564061653,0.00492198227934776,"TAFA4"
"chr6",116876382,116877904,1523,11,1.34670900529727e-11,0.00072759628855159,0.00715263949347748,0.00256546707645529,"RFX6"
"chr6",31680737,31681951,1215,31,1.54880079664653e-11,2.95680236481415e-08,-0.00847465485235982,-0.00150357392317165,"LY6G5C"
"chr16",8712502,8713451,950,15,1.67952343747788e-11,5.69238230356119e-12,0.00798695514110438,0.00524696748682674,"ABAT"
"chr20",2206228,2207929,1702,11,1.72271918436343e-11,4.70178831495482e-06,0.00898150468705463,0.00312100148272721,"AL121899.1, AL121899.2, AL121899.4"
"chr20",46028476,46030302,1827,11,1.85631521283048e-11,2.16649684682417e-09,0.00847427516972335,0.00335306811461806,"SLC12A5"
"chr5",139481225,139483456,2232,15,1.8856969536085e-11,3.68428864372821e-12,-0.00890319329212945,-0.00479040493680082,"STING1"
"chr1",150974927,150976290,1364,14,2.12255562031215e-11,7.87040008025736e-05,0.0103124840446745,0.00310165101137883,"AL590133.1, CERS2"
"chr20",21397407,21398508,1102,15,2.27754436035017e-11,8.57519623951055e-07,0.00548909840965025,0.0015341223618838,"AL158013.1, NKX2-4"
"chr2",98086645,98087472,828,13,2.2965455288391e-11,8.20021189198518e-07,0.00976687497448792,0.00413794949191313,"VWA3B"
"chr3",192514288,192515909,1622,7,2.35862135120387e-11,1.40899503970086e-06,0.0117546209979131,0.00590576120634091,"FGF12-AS2, FGF12"
"chr1",58895879,58897674,1796,11,2.39366212092009e-11,1.78066984131634e-05,-0.00993063956343912,-0.00402899777136161,"LINC01135, LINC02777"
"chr19",7873508,7874104,597,4,2.65537878407647e-11,2.33422983059564e-06,0.0101723943027999,0.00656356034248878,"PRR36"
"chr16",252853,253193,341,5,2.81866295506221e-11,4.68425872435418e-09,-0.0105819256135959,-0.00902663188072001,"FAM234A"
"chr8",59118879,59120424,1546,17,3.13636745237005e-11,3.12113397947585e-10,0.00761415307402198,0.00359477167242072,"AC090152.1, TOX"
"chr22",25026922,25028545,1624,10,3.16422493441022e-11,4.64881766861398e-09,-0.00892731548363255,-0.00520761480373422,"KIAA1671"
"chr8",24912868,24914132,1265,11,3.33807394338609e-11,1.11968625205784e-08,0.00959228049590913,0.00675759739976417,"NEFM, AF106564.1"
"chr12",53972423,53974488,2066,15,3.43658155618129e-11,1.46266227320064e-05,0.00801468188016475,0.00348786814549012,"HOXC11, HOTAIR"
"chr8",119206912,119208616,1705,14,3.6367291442544e-11,0.000110448405873064,0.0126189841809986,0.00335124803559876,"MAL2"
"chr4",8579923,8581636,1714,12,3.74975230530549e-11,6.10201982001032e-07,0.00896714647107195,0.00425620132615568,"GPR78"
"chr19",38303874,38305454,1581,12,4.0127285028445e-11,3.78856693068441e-11,-0.0106252992641499,-0.00632407340665456,"AC011479.1, C19orf33, YIF1B"
"chr3",123883921,123884777,857,12,4.05246858870513e-11,0.00278510800522424,0.00994023632154444,0.00216118325237675,"MYLK"
"chr9",16120876,16121844,969,6,4.05982530806809e-11,2.82828731704271e-09,-0.010330066548716,-0.00848041352336556,""
"chr6",113903848,113904718,871,7,4.10727595272717e-11,1.01546687082904e-07,-0.0109208299020953,-0.00731829840678767,"LINC02880"
"chr1",1354415,1355684,1270,10,4.97075706391973e-11,5.22967934802185e-09,0.00991806232783548,0.00607788476246595,"MXRA8"
"chr13",78595579,78597544,1966,17,4.98560200702934e-11,5.06242574322863e-07,0.00717698410546341,0.00435305539293526,"OBI1-AS1, AL445209.1"
"chr6",116060446,116061433,988,6,5.22880603308343e-11,3.07262538421809e-08,-0.0105683096661544,-0.00823147364018023,"FRK"
"chr3",172594733,172595528,796,5,5.23604716540396e-11,7.86491706309362e-08,-0.0108013284789724,-0.00740812252210902,"LINC02068"
"chr2",234497324,234498509,1186,10,6.04349761939664e-11,0.00391813053104001,0.0104246663977509,0.00319289467468256,""
"chr1",233326829,233327757,929,7,6.26525283517539e-11,0.000313295136798025,0.010282406650575,0.0046570953102168,"MAP3K21"
"chr7",27173143,27174841,1699,18,6.55807235314342e-11,3.28066043509705e-05,0.00732291061138918,0.00259979463504504,"HOXA9, AC004080.3, HOXA10"
"chr2",206274342,206275579,1238,13,6.98757330107676e-11,1.25279472969691e-06,0.00563462903525007,0.00238659678315088,"ZDBF2"
"chr11",44950337,44952099,1763,18,9.91683046678769e-11,0.000300776212240018,0.00758151635700552,0.00191197003362875,"TP53I11"
"chr10",22344987,22346214,1228,15,1.03663805622841e-10,3.8520372777522e-06,0.00777768627961696,0.00376029317403679,"SPAG6"
"chr3",108461931,108462990,1060,5,1.07062675644788e-10,2.67640045763709e-05,-0.00866242866831678,-0.00473688418407687,"MYH15"
"chr6",101398197,101399830,1634,20,1.20027000040693e-10,4.08249623973366e-06,0.00910546464949788,0.00327118311120663,"GRIK2"
"chr16",979745,981205,1461,11,1.21400412172752e-10,1.88082220296053e-07,0.00945817652922512,0.0037412100478637,"LMF1, CEROX1"
"chr5",168020882,168021074,193,2,1.29333058261418e-10,8.09063009411513e-07,-0.0106952784906732,-0.0106227590399899,"TENM2"
"chr11",10454695,10456300,1606,12,1.38331146008371e-10,2.0831042328141e-10,-0.00863955698460247,-0.00591171144575627,"AMPD3"
"chr13",78602437,78604369,1933,13,1.38431034474043e-10,1.87381840841812e-08,0.00740584325339299,0.00428134962249675,"OBI1-AS1, POU4F1"
"chr11",17014232,17015275,1044,12,1.42298586569429e-10,2.28403260628335e-05,0.01264222956904,0.00428005131612802,"OR7E14P, PLEKHA7"
"chr11",60952212,60952757,546,6,1.97085018269415e-10,4.72621176657957e-09,-0.0104607450695842,-0.00880166341807959,"SLC15A3"
"chr10",122162796,122163584,789,11,2.0001931300375e-10,0.00205760056805604,0.00910610420589879,0.00326798613803928,"TACC2"
"chr17",48612191,48615974,3784,23,2.26541664985491e-10,2.19414357314787e-05,0.00930642639404711,0.00216590162476234,"HOXB7, HOXB8"
"chr11",27404687,27406012,1326,4,2.46968929454637e-10,1.01546687082904e-07,-0.00876069202580919,-0.00494811441588922,"LGR4"
"chr18",24138412,24139604,1193,21,2.68041965287156e-10,2.22900215888315e-08,0.00565487641249702,0.00282212501903733,"CABYR"
"chr1",29121459,29122113,655,4,2.86477663430487e-10,9.17702951253891e-05,0.00928906154983577,0.0040081496208679,"TMEM200B"
"chr13",101452222,101454072,1851,13,3.10254376640477e-10,1.07638079290718e-09,-0.0112891353052608,-0.00724645171672572,"ITGBL1"
"chr14",24171686,24173149,1464,15,3.32912862076055e-10,2.13208765545824e-10,0.00807370057312827,0.00516392751818077,"REC8"
"chr1",154501632,154503212,1581,11,3.42237183040466e-10,8.59130656563867e-08,0.00988420495969126,0.00466239613821889,"TDRD10, SHE"
"chr1",61606590,61606796,207,2,3.4769377687792e-10,1.44918547650608e-06,-0.0111712244897225,-0.00965375583228564,""
"chr2",181679580,181681044,1465,15,3.57402988822924e-10,2.43170884590203e-09,0.00562841125696597,0.00232519287213413,"CERKL, NEUROD1"
"chr12",46442633,46443432,800,2,3.66798272882033e-10,0.00539041845959542,-0.00560228110799404,-0.00280136676718448,"AC008014.1"
"chr4",157075030,157077049,2020,18,3.69406097781521e-10,7.92004748925384e-10,0.00678063655197487,0.00252036787238572,"GLRB"
"chr19",6767428,6768240,813,8,4.09066832903117e-10,7.23692184333857e-07,0.00748460598085604,0.00459958606582432,"SH2D3A"
"chr15",78871730,78873037,1308,8,4.2931229895365e-10,2.6978703919662e-05,0.00917313105567851,0.00274688745932882,"MORF4L1"
"chr10",7472111,7472501,391,4,4.32199063289489e-10,4.00786726684565e-07,-0.00812856667330787,-0.00534813483176928,""
"chr1",203351062,203351959,898,12,4.54080178936663e-10,6.42680307632678e-09,-0.0105459975265231,-0.00679946561463832,"FMOD"
"chr15",92595915,92596837,923,10,4.54730092913374e-10,3.64311558445885e-08,-0.00814853335684686,-0.0053383396314478,"AC091544.2, AC091544.4"
"chr10",132407463,132409003,1541,10,4.94926857478353e-10,0.000332072033076715,-0.00866488306386115,-0.00356427745713018,"PWWP2B"
"chr5",115961993,115963391,1399,15,5.03560347759732e-10,0.000131347938437854,0.00869201834817277,0.00340552392503913,"LVRN"
"chr12",84912242,84913819,1578,17,5.48619278726529e-10,0.000365170928088297,0.00634637423920411,0.0021060692058523,"SLC6A15"
"chr19",12956375,12956869,495,5,5.49428469317445e-10,1.44918547650608e-06,0.008632978695234,0.00555717038830044,"GADD45GIP1"
"chr8",108082881,108084178,1298,15,6.25799387196847e-10,8.14986782901802e-06,0.00682490797828862,0.00224788237046532,"RSPO2"
"chr7",94654946,94656681,1736,50,6.37545764923792e-10,1.06752375244831e-09,0.0065056309708209,0.00127491262710645,"PEG10, SGCE"
"chr6",112439077,112439250,174,3,6.51679828836711e-10,2.29629089295974e-07,-0.0096914069986844,-0.00888609479875675,""
"chr8",133407092,133407438,347,3,6.51679828836711e-10,2.32849633753159e-07,-0.00981738992969058,-0.00826565889743849,""
"chr3",52533617,52535736,2120,11,6.51795360895978e-10,5.34177334003418e-08,0.00842482014227491,0.00497858898879302,"SMIM4, NT5DC2"
"chr3",189630025,189632340,2316,12,6.59569222631136e-10,2.88973024108406e-10,-0.0094521443446605,-0.00610774008577248,"TP63"
"chr12",109458690,109460139,1450,9,6.83704625376328e-10,1.64546805959121e-07,-0.00810453795966959,-0.00531466369362051,"KCTD10"
"chr7",55127585,55127877,293,3,7.69236932611675e-10,2.93900981825416e-05,-0.0107700586937216,-0.00753578636679924,"EGFR"
"chr13",91397809,91399322,1514,14,8.82456205217507e-10,0.00202730601881654,0.00890754883486734,0.00260043126695563,"GPC5"
"chr9",2241249,2242173,925,9,9.19085293047824e-10,1.54540302104148e-06,0.00781498251049078,0.00340345426118615,""
"chr16",68447146,68449651,2506,21,9.29669537964351e-10,1.08613554800682e-07,0.00960701375419728,0.00309024999929779,"AC099521.3, SMPD3"
"chr14",75831633,75833026,1394,6,9.55472866365746e-10,1.99169339363824e-09,-0.00889266819531262,-0.00706721291602238,"TTLL5, AF107885.2"
"chr3",33659198,33660215,1018,12,9.80142128287348e-10,3.41397748267996e-08,0.00783859935214324,0.00511060204029412,"CLASP2"
"chr21",41895409,41896596,1188,6,9.9460891538264e-10,4.13528510597479e-09,-0.009347889478063,-0.00673942152982766,"C2CD2"
"chr6",127518677,127519659,983,17,1.15534359887095e-09,1.55842115494787e-07,0.00426696001936753,0.00176708574843474,"C6orf58, AL096711.2, SOGA3"
"chr8",84182511,84184633,2123,14,1.17106703993434e-09,3.07017451429393e-06,0.0103736354792157,0.00280601756697374,"RALYL"
"chr13",106416840,106417870,1031,4,1.29161250284131e-09,1.71461368124428e-07,-0.00893280995102637,-0.00803923302973859,""
"chr12",130336908,130338273,1366,13,1.30809974728087e-09,3.67417998753807e-06,0.00925521042023628,0.00400054974637601,"PIWIL1"
"chr17",7557373,7559419,2047,16,1.30910094126106e-09,2.10322959805752e-10,-0.00808763378471392,-0.00362823874659604,"TNFSF12, TNFSF12-TNFSF13, TNFSF13, AC016876.3"
"chr3",184319342,184320935,1594,13,1.68846762739695e-09,8.13526941380103e-09,-0.00892821033577678,-0.00429915362931142,"EIF4G1"
"chr4",742977,744411,1435,11,1.69095452925842e-09,2.09484916607558e-06,-0.0078711893530282,-0.00408772177749289,"PCGF3"
"chr2",45170663,45171242,580,6,2.10826468834489e-09,3.55623415436348e-08,-0.00924857913734366,-0.00822930986496229,"AC009236.2, LINC01121"
"chr8",26512591,26513837,1247,6,2.1994081988062e-09,1.39590458765849e-05,0.00874644496181032,0.00450621970411095,"PNMA2"
"chr3",179036512,179037409,898,5,2.42077989078768e-09,0.00042442991478878,-0.0084062904882366,-0.00416591584961041,"ZMAT3"
"chr5",154477725,154479407,1683,13,2.53454216353929e-09,6.92384687683819e-09,0.00700098372472075,0.00254927928219695,"HAND1"
"chr15",71545896,71547759,1864,9,2.64780231810076e-09,2.03803990983787e-07,-0.00874811229080766,-0.00580990759551488,"THSD4, AC108861.1"
"chr8",141237255,141238781,1527,8,2.90050175612191e-09,2.57708398705959e-08,-0.00769207415348947,-0.00474796939749553,"SLC45A4"
"chr16",81500967,81501476,510,4,2.9200666703976e-09,4.5174988153419e-07,-0.010196836914579,-0.00629740875327429,"CMIP"
"chr16",22813168,22814922,1755,16,3.27545352689106e-09,4.77755325805817e-07,0.00789682612331433,0.00232205592832752,"HS3ST2, AC130466.1"
"chr17",6755387,6756243,857,11,3.39087356476398e-09,0.000190280037884108,-0.0110655009316828,-0.00488241948556968,"XAF1"
"chr11",20363115,20364476,1362,20,3.42153042811145e-09,1.27950214166971e-06,0.00808273091278875,0.00311311540981136,"HTATIP2"
"chr2",196718542,196719210,669,6,3.57013294551983e-09,4.34081932703649e-08,-0.00750729500687113,-0.00528886956036524,"CCDC150"
"chr13",83880893,83882854,1962,16,3.83423264095791e-09,3.18293589571838e-06,0.00807869456475873,0.00236064593579127,"AL355481.1, SLITRK1"
"chr6",11732279,11732420,142,2,3.85270933898917e-09,2.93046281431982e-06,-0.00897497333083617,-0.00816298644978759,"ADTRP"
"chr6",158661990,158663567,1578,7,4.03520834680855e-09,5.04236389477655e-06,-0.00878429004603042,-0.00621388856673968,"SYTL3"
"chr10",69087005,69088126,1122,6,4.03783130800067e-09,3.06814500175265e-05,-0.0108020970612517,-0.00621959469206581,"SRGN"
"chr17",42286294,42288446,2153,14,4.12149832337328e-09,3.94158699825088e-08,-0.0102247687095887,-0.00408871620177839,"STAT5A"
"chr6",151807193,151809197,2005,30,4.47846151603345e-09,4.26043520501588e-08,0.00822534957981283,0.00234057432606619,"ESR1"
"chr17",48994977,48996632,1656,10,4.56272574838686e-09,0.000332072033076715,0.0061798963320988,0.00226392693462085,"AC091133.3"
"chr15",45200244,45201616,1373,15,4.66677975320162e-09,1.1501691442195e-08,0.00616824371925628,0.00400310325711126,"SHF, AC051619.7"
"chr10",22334284,22337313,3030,18,5.08771321576419e-09,5.80721435924858e-08,0.008789466734931,0.00369240287863119,""
"chr2",219308378,219309743,1366,12,5.73579342408873e-09,0.000180826951727982,0.00706685495943795,0.00243236156969433,"PTPRN"
"chr2",45005502,45008880,3379,11,6.10316120533693e-09,3.68428864372821e-12,-0.010516327238841,-0.0071790703561834,"SIX2"
"chr14",74425838,74426973,1136,7,6.28582792399876e-09,3.27747137210035e-07,0.0119294778693738,0.00464058535568238,"SYNDIG1L"
"chr14",35533235,35535958,2724,19,6.29874151375845e-09,2.43170884590203e-09,0.0058600400193569,0.00193715333462876,"INSM2"
"chr15",62560943,62561340,398,5,6.6881519986028e-09,6.93040216964158e-08,-0.0079809870545009,-0.00636051639828792,"TLN2"
"chr3",108090863,108091944,1082,11,6.72250867329538e-09,0.000737920615536253,0.00653072141311444,0.00221735777703543,"CD47"
"chr14",70002638,70003465,828,4,6.73697294772586e-09,1.68075146271523e-07,-0.00735753901240889,-0.0061022939738813,"SMOC1"
"chr20",1001980,1003168,1189,12,6.74740565084378e-09,8.28658815878345e-08,0.00554930223812431,0.0031153996512336,"RSPO4"
"chr11",86940183,86942024,1842,7,7.5260436339357e-09,3.34740168785212e-10,-0.00989668981728097,-0.00764532345359589,"PRSS23"
"chr11",44310578,44311642,1065,33,8.03941417703497e-09,2.06333584976411e-08,0.00774702534046373,0.00389489142008545,""
"chr8",26047398,26052083,4686,24,8.37102670898916e-09,7.93573415863994e-08,0.00845375779770957,0.00302727854747951,""
"chr17",76643138,76644173,1036,8,8.4695873989379e-09,3.97075885941363e-06,-0.00978803376479158,-0.0054666336217878,"ST6GALNAC1"
"chr11",33700168,33701340,1173,9,8.5366315190298e-09,0.000436437490870995,0.00861307696829172,0.00249836894901657,"C11orf91, AL049629.2"
"chr10",49678832,49679888,1057,14,8.64195805350104e-09,1.54652942976319e-07,0.00678926760629695,0.00387052224561345,"C10orf53"
"chr6",168625216,168626538,1323,10,8.93172763472973e-09,8.53553714393988e-07,-0.00797199824481428,-0.00425440890927909,"SMOC2"
"chr2",182426835,182428329,1495,8,9.00103975385227e-09,1.57643428768306e-08,-0.00741817367553403,-0.00540435805023466,"PDE1A"
"chr15",78064657,78067129,2473,7,9.01781031682532e-09,2.36181645932951e-08,-0.0115949684188968,-0.00636876539764094,"TBC1D2B"
"chr15",67063972,67065023,1052,6,9.19052459348537e-09,2.19642423217817e-07,-0.00916402973014076,-0.00657871533759364,"SMAD3, AC087482.1"
"chr11",32433202,32436332,3131,30,9.65524742277849e-09,1.92184583936249e-07,0.00796544403284248,0.00294715625979934,"WT1-AS, AL049692.6, AL049692.1, WT1"
"chr5",141968637,141969538,902,15,1.00996605235443e-08,1.42276924289132e-05,0.0082581750359997,0.00193706460803243,"RNF14, PCDH12"
"chr7",122303651,122305137,1487,16,1.02588442242538e-08,0.000457087594248203,0.00657215771306305,0.00262742220979671,"FEZF1-AS1, FEZF1"
"chr11",64971781,64972380,600,14,1.03044676472092e-08,1.26416317245756e-08,0.00977484949766066,0.00634515346561683,"MAJIN"
"chr10",101130281,101132122,1842,16,1.1155462225558e-08,1.72626228310135e-08,0.0072988504652688,0.00190259649363427,"TLX1, TLX1NB"
"chr10",82941950,82943206,1257,6,1.18462969340932e-08,0.000120392653244446,-0.00936945587649645,-0.00491715448363495,"NRG3"
"chr6",104940278,104941669,1392,8,1.22574926626714e-08,4.49460866651056e-06,0.0107992531540054,0.00538443837621713,"LIN28B, LIN28B-AS1"
"chr16",3793231,3793431,201,5,1.23128817778471e-08,5.25910228827658e-07,-0.00875429014106412,-0.00668801310776836,"CREBBP"
"chr21",17793436,17794359,924,5,1.26881151399504e-08,1.15211182882998e-05,-0.010838556996395,-0.00593171830425443,"AL109761.1, C21orf91"
"chr2",172083997,172085491,1495,17,1.27631219445514e-08,0.00139523405187579,0.00432300785903006,0.00125322810643975,"DLX1"
"chr14",22838576,22839840,1265,5,1.31689502021261e-08,3.86432869927118e-07,-0.00837533947907772,-0.00622547320778061,"MMP14"
"chr17",1203259,1204166,908,6,1.32339613547931e-08,4.92247946237469e-08,0.00831255850568328,0.00507160161282906,"ABR"
"chr17",5498877,5500485,1609,9,1.33896862722424e-08,4.94983609592083e-05,0.00969611229060617,0.00458086299582041,"AC055839.2, NLRP1"
"chr2",239222102,239223326,1225,6,1.37153197351556e-08,5.10094943033081e-06,-0.00786741492694829,-0.00494763593488316,"HDAC4"
"chr6",163335818,163336016,199,4,1.37243580243079e-08,2.26414185177202e-07,-0.00884292591189203,-0.0080314348762461,""
"chr11",66290868,66292327,1460,9,1.38516911008681e-08,5.87284305506894e-07,0.00765859599437059,0.00338128701014162,"TMEM151A"
"chr11",1298780,1300724,1945,11,1.49825800616525e-08,0.00171168827794913,-0.0107018268611058,-0.00442445005718053,"TOLLIP"
"chr14",35402026,35403669,1644,10,1.5426452511805e-08,4.13528510597479e-09,-0.00921898299662273,-0.00561529208568341,"NFKBIA"
"chr7",73624529,73625482,954,11,1.63797450870002e-08,0.000122949565014211,0.00687040167188929,0.00268559424804973,"MLXIPL"
"chr2",11669555,11670557,1003,13,1.68444747314739e-08,0.00282820976097641,0.0111331978216943,0.00247092846998583,"NTSR2"
"chr4",83034071,83035098,1028,16,1.77232723877903e-08,0.0070885952272542,0.0107545977507951,0.00109634303638993,"COPS4"
"chr6",125917788,125920282,2495,10,1.77245810655001e-08,2.85461820505447e-09,-0.0101484930895606,-0.00617640831637004,"NCOA7"
"chr5",119353598,119356316,2719,24,1.78242095902936e-08,4.99577410454602e-07,-0.0066764218807845,-0.00192193470728478,"TNFAIP8"
"chr8",139702775,139703559,785,7,1.82992177002995e-08,3.05462438124473e-07,0.00715532858700149,0.00422774098744362,"KCNK9"
"chr11",124635297,124636370,1074,4,1.84261065800168e-08,2.13231366649726e-06,-0.00766368334519319,-0.00639176081928798,"TBRG1, SIAE"
"chr10",118594366,118596560,2195,17,2.24226206607724e-08,3.04070396958251e-06,0.0130799536233762,0.0030973631157034,"PRLHR"
"chr2",45010292,45012354,2063,9,2.244103536348e-08,5.87284305506894e-07,-0.00947533716937695,-0.00411593883251027,""
"chr14",61281135,61281856,722,11,2.27189218573383e-08,2.24906945675765e-05,-0.00853369386372213,-0.00480349608488118,"PRKCH, TMEM30B"
"chr5",134115018,134116497,1480,11,2.27955024071439e-08,1.23066942624494e-07,0.0072024952648317,0.0049559272973418,"TCF7"
"chr15",28098431,28100358,1928,13,2.32553492633991e-08,0.00332820467259313,0.0100817134643282,0.00431657070874909,"OCA2"
"chr10",132544526,132545855,1330,8,2.4780411427145e-08,1.08485011398817e-05,-0.0100867830974407,-0.00483754093205189,"INPP5A"
"chr16",66508221,66508676,456,3,2.50261443195669e-08,1.06017107414537e-06,-0.00846698951874558,-0.00767365953544493,"AC010542.3, TK2"
"chr2",239318424,239319523,1100,5,2.55923604145342e-08,6.40812661898607e-05,-0.0114815692119705,-0.00493227895711231,"HDAC4"
"chr19",32676546,32677285,740,6,2.57629318492014e-08,2.39284056892894e-06,0.00841408076142224,0.00629051355970081,"RGS9BP, ANKRD27"
"chr9",137278895,137281784,2890,11,2.64572755905992e-08,3.5612881242958e-08,0.00860849897512035,0.00511730149039012,"TOR4A"
"chr21",41361470,41362339,870,9,2.6549680268674e-08,4.51367626059521e-05,-0.00943705754197817,-0.00524736953371978,"MX2"
"chr13",49350886,49352178,1293,6,2.6765544564854e-08,7.66220881365993e-07,-0.00838313943989207,-0.00495655723624406,"CAB39L"
"chr17",9178553,9179617,1065,6,2.71646113990319e-08,3.79633572058572e-08,-0.00795976991247724,-0.00712746282392711,"NTN1, AC005695.1"
"chr5",137888524,137889820,1297,10,3.02460318824687e-08,4.60100717565803e-07,0.00931331980007571,0.00516396600619825,"PKD2L2, AC106791.1"
"chr21",35048967,35050503,1537,10,3.05756918655445e-08,0.000210397969967212,-0.00838396381480982,-0.00471238273293484,"RUNX1"
"chr5",1444737,1446328,1592,12,3.07693004810758e-08,0.00693559103702484,0.00632755089104455,0.00175155751663705,"SLC6A3"
"chr17",49230773,49231567,795,9,3.10966055941374e-08,0.000699349431546735,0.0080642317293396,0.00227046983236953,"FLJ40194, PHOSPHO1"
"chr13",33015648,33016992,1345,12,3.14883624118037e-08,0.00196028533156189,0.00865560045900758,0.00294878705400625,"KL"
"chr14",68359972,68360382,411,3,3.21681611032513e-08,1.75729101085844e-06,-0.00985910954819169,-0.00777356395466309,"RAD51B"
"chr11",43578482,43582022,3541,25,3.22288936919502e-08,5.44357837742509e-05,0.00537151018877824,0.00164508074282172,"AC068205.1, AC068205.2, MIR129-2"
"chr4",154490199,154490654,456,2,3.30446767073786e-08,0.000690923109040561,0.00876751192255408,0.00613140533053784,"DCHS2"
"chr2",174334531,174336116,1586,14,3.31231499717669e-08,0.000470235702694027,0.00884129118243912,0.0028348967074321,"SP9, AC018470.1"
"chr20",4220957,4222257,1301,5,3.35831496818095e-08,1.26251645282758e-06,0.0119645274080865,0.00665317397567193,"ADRA1D"
"chr11",615170,616879,1710,16,3.47460045200119e-08,7.61342449218752e-09,0.00369955955733354,-0.000537048947804,"IRF7, CDHR5"
"chr13",42991765,42993017,1253,16,3.52343418984108e-08,6.00510398799988e-08,-0.0101896034044308,-0.00618437070981919,"EPSTI1"
"chr10",110840448,110840545,98,2,3.84784624570121e-08,1.02443674758566e-05,-0.00952205547282237,-0.00867639534927654,""
"chr4",48482621,48484137,1517,14,4.00883907624577e-08,1.14020690229522e-07,0.00633173182338053,0.00293844472217692,"SLC10A4"
"chr1",71046802,71048106,1305,10,4.13028720479168e-08,1.81936911557396e-05,0.0088429721248426,0.00298674461172876,"PTGER3"
"chr1",37556229,37557393,1165,13,4.15932220269533e-08,1.37563986717076e-06,0.00719575028596215,0.00325052376960607,"AL034379.1, DNALI1"
"chr5",1881541,1883400,1860,12,4.29506031954143e-08,2.19590334330711e-05,0.00631010426534915,0.00210666565606009,"IRX4"
"chr10",49610253,49612985,2733,10,4.98549249903654e-08,1.40052948955377e-05,0.0121206571989405,0.00415496772841113,"CHAT, SLC18A3"
"chr4",13547011,13549134,2124,14,5.19983378207708e-08,7.42702800859819e-06,0.00842130637111661,0.0027238629078122,"LINC01096"
"chr19",38267821,38270863,3043,7,5.5095249793078e-08,3.71475936386176e-10,-0.00806399665214429,-0.00533208356574926,"SPINT2"
"chr5",38467605,38469015,1411,10,5.52465900227505e-08,1.95419551316681e-07,-0.00902939601265919,-0.00529443181869994,"AC010457.1"
"chr7",27129891,27131782,1892,26,5.90042383647276e-08,7.74589183600097e-07,0.00872220059549546,0.00393438474549779,"HOXA-AS2, HOXA-AS3, HOXA3, HOXA4, AC004080.6"
"chr1",109914738,109915561,824,5,6.70821391591871e-08,0.000787625890264862,-0.00874852936362418,-0.00484678242379782,"CSF1"
"chr13",112066613,112069163,2551,14,7.82147611486383e-08,4.34081932703649e-08,0.00638367284765976,0.00209369371167601,"SOX1-OT, SOX1"
"chr11",720454,722258,1805,7,7.83816043213326e-08,1.63525998155509e-07,0.00773552069428473,0.0059711232485307,"EPS8L2, AP006621.4"
"chr13",25468244,25469334,1091,8,7.85909703006452e-08,4.89953659085419e-06,0.00689170810976238,0.00344586908509183,"ATP8A2"
"chr1",201377021,201378422,1402,10,7.91804458914898e-08,7.03494043061755e-05,-0.00875647076573327,-0.00378415509288414,"TNNT2, AC119427.2"
"chr11",16739130,16739986,857,6,7.92031238768921e-08,0.000899122703833257,0.00759530319577683,0.00466650280562003,"C11orf58, SOX6"
"chr17",66675511,66676223,713,5,8.00383074834268e-08,9.72457554145478e-06,-0.00900047861536408,-0.00626466555641759,"PRKCA"
"chr14",77075700,77076849,1150,8,8.0645108304293e-08,9.90004847158067e-05,-0.00851911294590637,-0.00428354824592196,"AC007686.2, LINC02289"
"chr13",52848246,52849127,882,11,8.07150908224847e-08,7.00961845730636e-08,0.00565776188097094,0.0030058963220559,"PCDH8"
"chr8",121638477,121639922,1446,11,8.1332025834032e-08,0.000875287930507571,0.00556092769650968,0.0018369046490706,"HAS2-AS1, HAS2"
"chr3",58536333,58537922,1590,7,8.37654603817738e-08,1.84247747515386e-05,-0.00816982003532131,-0.00449555820682417,"ACOX2"
"chr11",31815762,31816448,687,7,8.44636744190864e-08,3.42718670086758e-05,0.00425394166633797,0.00305816225313414,"PAUPAR, AL035078.4, PAX6"
"chr11",61827236,61828022,787,11,8.57994556061879e-08,0.00175178922828311,0.0071443748744789,0.00224068666886686,"FADS2, FADS1"
"chr17",81566681,81567668,988,7,8.92377364285479e-08,9.36239202005598e-06,-0.00732879149754914,-0.00418955882991325,"NPLOC4"
"chr3",158105300,158107407,2108,16,9.17104724000409e-08,6.93502320480549e-07,0.00675030378423013,0.00327570748429515,"RSRC1, SHOX2"
"chr11",133366227,133366349,123,5,9.29894987797867e-08,3.95108573491219e-07,-0.00838865558158291,-0.00751433492624688,"OPCML"
"chr15",96351113,96352550,1438,7,9.33696459880805e-08,6.65068632070387e-08,-0.0104937122619579,-0.00715645376365784,""
"chr2",227870847,227871743,897,14,1.01432635774746e-07,0.000710324918511033,0.00771495755124925,0.00380075239006861,"DAW1"
"chr22",42644440,42645226,787,8,1.03078702607642e-07,7.32922888553533e-05,-0.00811925571125176,-0.00490082238140113,"CYB5R3"
"chr13",73060858,73062504,1647,4,1.04957933130136e-07,1.24328923306344e-07,-0.00886532567800815,-0.00726304714541251,"KLF5"
"chr10",133464626,133465643,1018,7,1.04985570199417e-07,9.17702951253891e-05,0.0101956694841638,0.00483684246634951,"SCART1"
"chr19",11243285,11243725,441,5,1.0862555870185e-07,9.45063644165604e-07,0.00838696101221109,0.00717448883539761,"DOCK6"
"chr1",236686173,236687061,889,9,1.13424116420577e-07,4.92760857606341e-06,0.00871387720895418,0.00407458324233705,"ACTN2"
"chr14",57865398,57866766,1369,13,1.1380230184369e-07,1.91538289388264e-07,0.00543908833959201,0.00215746740021128,"SLC35F4"
"chr1",227558410,227559767,1358,7,1.18128727437777e-07,0.0114510861642809,-0.00734106245995338,-0.00282585376473779,""
"chr2",218960039,218961810,1772,8,1.18396553530713e-07,7.46286097447722e-05,0.00856363997549572,0.00269878220207358,"CDK5R2, AC097468.2"
"chr4",4216400,4217182,783,7,1.19369009479461e-07,2.46970623311885e-06,-0.00749586727129216,-0.00511424034639251,"OTOP1"
"chr6",31945238,31946528,1291,13,1.22489794653479e-07,9.20213556687549e-06,-0.00869033205292603,-0.00461119923426767,"C2, AL645922.1, CFB"
"chr3",39807918,39809524,1607,16,1.23449036672163e-07,0.000420012737909068,0.00554130539663255,0.00207939787340443,"MYRIP"
"chr6",142087909,142089623,1715,19,1.31234582635976e-07,0.000700196554645167,0.0080022960722235,0.00174502807416087,"NMBR-AS1, NMBR"
"chr12",67927825,67928058,234,3,1.32491530918621e-07,3.24044665879717e-06,-0.00799466659697802,-0.00690341572592053,""
"chr7",105678990,105679949,960,9,1.38806010920821e-07,8.13716862094231e-06,-0.0101403987516332,-0.00646800041957133,"ATXN7L1"
"chr5",1886381,1887895,1515,17,1.41344434143378e-07,8.33362819111513e-05,0.00497197429454244,0.000920063784577659,"CTD-2194D22.4, IRX4"
"chr8",23706059,23707661,1603,18,1.46434385683844e-07,2.5630490802327e-05,0.00897214912978567,0.00298017080635825,"AC012574.1, NKX2-6"
"chr6",30206484,30208330,1847,14,1.47581304114139e-07,4.8458806173494e-08,-0.00757094834375785,-0.00471434610782428,"TRIM26"
"chr4",184217716,184218793,1078,6,1.48229415615266e-07,4.35274161965822e-06,-0.01009055525872,-0.00591488117238512,"ENPP6"
"chr11",66907033,66908824,1792,6,1.52936849263641e-07,0.000712129235171049,-0.00739306279568996,-0.00332944046575322,"PC"
"chr17",77184678,77186088,1411,6,1.60672385704792e-07,3.09079285707213e-06,-0.00665014494012322,-0.00419518829394962,"SEC14L1"
"chr13",38784640,38784756,117,4,1.60693620763956e-07,7.09580187416233e-07,-0.00813099800076657,-0.0075856416222302,"FREM2"
"chr7",1042756,1044274,1519,8,1.6208504733307e-07,6.15815761319624e-05,-0.0115026739503431,-0.0053168873574714,"AC073957.1, C7orf50"
"chr12",114443648,114444798,1151,6,1.6265390907731e-07,0.000288958574851905,0.00535266893577034,0.00222243922498719,""
"chr4",89894142,89895509,1368,8,1.69149152379614e-07,6.06607800605133e-07,-0.00798073033997808,-0.0050475761715396,"MMRN1"
"chr17",80981799,80982084,286,2,1.7085125348707e-07,0.000637737967607915,-0.0114501492279549,-0.00356022260235931,""
"chr2",227164162,227165208,1047,13,1.72872231634521e-07,2.46002978262083e-05,0.00600761670816231,0.00239251115847179,"COL4A3, COL4A4"
"chr13",100490492,100491003,512,4,1.73901176803891e-07,6.10201982001032e-07,-0.00966432817576786,-0.00701082193528504,"PCCA"
"chr10",126101219,126101768,550,2,1.73901176803891e-07,2.04102416424824e-05,-0.00854725625729497,-0.00761147106865106,"ADAM12"
"chr10",89476302,89478203,1902,6,1.75149979160397e-07,5.71539108131459e-08,-0.00875589403486634,-0.00647038857379034,"SLC16A12"
"chr8",71547884,71548655,772,6,1.76063787765819e-07,0.00112024779761167,-0.00745261015700075,-0.00337407758939722,"EYA1"
"chr12",57816878,57817454,577,5,1.83482289777079e-07,2.15499794853851e-06,-0.00990845682130704,-0.00737505687449808,"AVIL"
"chr9",114805476,114806495,1020,5,1.84500865956885e-07,3.74760433664217e-07,-0.0103359965893813,-0.00771865515069468,"TNFSF15"
"chr11",95153097,95153544,448,4,1.84842423403141e-07,1.39293239185047e-06,-0.00877271890698263,-0.0070301781935479,"AP000787.1"
"chr2",112836208,112837386,1179,8,1.97825926134792e-07,4.44608261752069e-05,-0.00794333249264502,-0.00320057136075361,"IL1B"
"chr18",34493498,34494460,963,6,2.04765710287794e-07,4.44608261752069e-05,0.00778767016334074,0.00246152722864016,"DTNA"
"chr6",46901691,46902697,1007,6,2.14646990780055e-07,0.000464849903100555,-0.00764961179122178,-0.00491598193093122,"ADGRF5"
"chr11",111435069,111435646,578,4,2.16032853837541e-07,1.25713250262456e-06,-0.0088401391898138,-0.00793318178812607,"POU2AF1"
"chr15",45645559,45646351,793,3,2.25915086852082e-07,7.70969635181591e-06,-0.00959126042170758,-0.00845393831935932,"AC090527.2, SQOR"
"chr19",35142354,35143652,1299,13,2.29827771014913e-07,4.8510989031195e-06,0.00639311267515682,0.00340338962418307,"FXYD1, AC020907.2, FXYD7, LGI4"
"chr8",56320042,56321315,1274,15,2.30569232644997e-07,3.72304561245559e-05,-0.00695641381622788,-0.00176194512229875,"SDR16C5"
"chr5",42811850,42812742,893,7,2.32801826243055e-07,6.10201982001032e-07,-0.008377994437253,-0.0062047095740923,"SELENOP"
"chr11",45845934,45847498,1565,14,2.35523228815519e-07,0.000340318320652015,0.00758648586825307,0.00211086326829665,"CRY2"
"chr11",129373561,129376093,2533,16,2.47031748321338e-07,2.06215931791708e-07,0.00644769759071062,0.00182021094875197,"BARX2"
"chr2",215830557,215831945,1389,4,2.56231973562972e-07,5.54746142893597e-07,-0.00917665693602124,-0.00781632903104066,"LINC00607"
"chr15",76335721,76337430,1710,13,2.61835112181658e-07,9.07423643062054e-05,0.00531750579923425,0.00236759090994469,"ISL2"
"chr6",34145516,34146607,1092,12,2.69612581626519e-07,2.5135962724754e-06,0.00782438803945984,0.00349983087374361,"GRM4"
"chr1",98044626,98046352,1727,12,2.79086209322377e-07,0.000192402531000254,-0.0093728660064642,0.000153269049641985,"MIR137HG, MIR2682, MIR137"
"chr5",6581661,6582990,1330,8,2.81399563024887e-07,5.8024735168847e-06,-0.00612647336757464,-0.00425068259460857,"LINC01018"
"chr12",8662099,8663432,1334,8,2.88923545625049e-07,8.29643800999779e-06,-0.00942671860307677,-0.00501668214612246,"MFAP5"
"chr15",80403419,80404187,769,9,2.89955219702755e-07,0.00171168827794913,0.0068359161606739,0.0033265532783662,"AC016705.2"
"chr11",27470831,27471983,1153,5,2.92214292369431e-07,0.000148331258315424,-0.0066531731494632,-0.00395419167277745,"LGR4-AS1, LGR4"
"chr20",13219140,13219422,283,2,2.97446144541362e-07,0.00159285729818594,0.00751448820894898,0.00493024006148387,""
"chr4",95524679,95525026,348,4,3.03438775927807e-07,3.4240336501385e-06,-0.00928525082342328,-0.00597738692174148,"UNC5C"
"chr11",94304312,94305653,1342,6,3.04811260667015e-07,1.39293239185047e-06,-0.00910709550687373,-0.00620695879048718,"IZUMO1R"
"chr8",143958936,143959575,640,5,3.09017235902041e-07,3.09079285707213e-06,-0.0080836127831688,-0.00693194750653917,"PLEC"
"chr1",58854652,58855410,759,3,3.13796257975667e-07,4.34580024166825e-05,-0.00910941794102184,-0.00637288585731506,"LINC01135"
"chr12",57521593,57521853,261,5,3.22594661820217e-07,2.75142754768346e-06,0.0106046837496496,0.00830496003343362,"MBD6, DDIT3"
"chr3",69200125,69201734,1610,8,3.29400910551159e-07,1.18579404976465e-05,-0.00871064697387614,-0.00511794092202518,"FRMD4B"
"chr1",200042145,200043398,1254,16,3.42155453036219e-07,5.0461688031272e-05,0.00730145296114312,0.00394794500575869,"NR5A2"
"chr6",151689346,151690531,1186,9,3.42342865295999e-07,1.63324082796911e-06,-0.00699640693588174,-0.00446972184590558,"ESR1"
"chr11",67077439,67078807,1369,5,3.48360649212036e-07,0.000108455804957816,-0.00893139078759592,-0.00461198184179468,""
"chr5",72507392,72508111,720,6,3.62236618846897e-07,9.36239202005598e-06,-0.007503655756389,-0.00505550274786624,"ZNF366"
"chr5",181059155,181060371,1217,6,3.72482763234818e-07,6.48735415810787e-05,0.00886637562980708,0.0060782947822937,"BTNL9"
"chr9",16624283,16624544,262,3,3.77760692441257e-07,1.02443674758566e-05,-0.00902965020901639,-0.00612507898230917,"BNC2"
"chr14",105301072,105301772,701,9,3.79846688497565e-07,0.000461794387969195,0.0118285581524797,0.00280600876080395,"PACS2, BRF1"
"chr13",113121938,113122846,909,10,3.80729032197104e-07,2.39771952626437e-07,-0.00903264730488843,-0.00559847367982661,"F10"
"chr15",89377656,89379114,1459,16,3.91380846114322e-07,4.15934661200592e-06,-0.00970131761201456,-0.00529596969547018,"MIR9-3HG"
"chr2",230864006,230865202,1197,15,4.00810972202051e-07,9.36239202005598e-06,0.00761306843593815,0.00176333491134062,"ITM2C"
"chr15",92818092,92819501,1410,6,4.03740174268345e-07,5.56390151580168e-07,0.00855884844851999,0.00620134575418395,""
"chr18",55589788,55590648,861,11,4.05867564400108e-07,2.16369190891639e-05,0.00505498749964215,0.00300795722066707,"AC022031.2, TCF4"
"chr17",1977322,1978039,718,8,4.08479200264858e-07,2.49619733175288e-07,0.00651220801660381,0.00508396194847254,"RTN4RL1"
"chr17",1907165,1908331,1167,10,4.20285131056129e-07,7.53076491484073e-08,0.00685981665094985,0.00531678223505534,""
"chr6",17101247,17102714,1468,11,4.27879421216145e-07,5.78545497835486e-06,0.00859946757521022,0.00328309093764772,"STMND1, AL138740.1"
"chr11",126405173,126406697,1525,7,4.3297972326645e-07,6.98523270949761e-05,-0.00765684549515993,-0.00337378673734674,"ST3GAL4"
"chr4",121380418,121381661,1244,14,4.35943038830933e-07,0.00066071454534377,0.00744418968457979,0.00300786052339024,"QRFPR"
"chr7",23234481,23235421,941,3,4.36933465033639e-07,0.000125142812052441,-0.009184240484108,-0.00556676322568157,""
"chr3",9552017,9552701,685,7,4.38896881349415e-07,4.32128465333641e-07,0.00786222491290966,0.00582195591176777,"LHFPL4"
"chr8",9151587,9152807,1221,9,4.41590724180753e-07,5.8024735168847e-06,0.00870020743372091,0.00387070663323037,"AC022784.1"
"chr17",19534378,19535785,1408,7,4.4645998430203e-07,7.11569274891321e-05,-0.00918494305069357,-0.00419466515653208,"SLC47A1"
"chr2",176121732,176123190,1459,15,4.59919787875288e-07,9.23717480807444e-08,0.00742953808417759,0.00364452738930936,"HOXD9, HOXD-AS2"
"chr2",241035293,241036827,1535,8,4.61413624161624e-07,4.28045542962665e-07,0.0100674554077408,0.00521436931964434,"SNED1, SNED1-AS1"
"chr18",35264116,35265177,1062,5,4.65585233953294e-07,0.000404676039166719,-0.00651345628439265,-0.00377803157094772,"ZNF397, ZSCAN30"
"chr15",78937174,78937643,470,6,4.78914969001771e-07,1.44921185908401e-06,-0.00820573318414273,-0.00553870778410194,"CTSH"
"chr17",50425028,50426796,1769,13,4.80287733642358e-07,3.36406369531474e-05,-0.00540944828848999,-0.00124448394465634,"ACSF2"
"chr14",21056507,21057160,654,5,4.81209515018855e-07,5.8024735168847e-06,-0.00589229937359421,-0.00454603819945783,"NDRG2"
"chr6",32092904,32093701,798,8,4.81989306527611e-07,2.04865483583543e-07,-0.008532260971203,-0.00591144769916795,"TNXB"
"chr3",172563023,172563999,977,5,4.96550728933012e-07,4.55060680829491e-06,-0.00915622416558108,-0.00615676738900604,"LINC02068"
"chr17",36933986,36937563,3578,25,5.50378127027234e-07,3.41016648548266e-08,0.00728824065949885,0.0018456398942408,"LHX1, LHX1-DT"
"chr1",47439395,47441382,1988,6,5.59234636588766e-07,9.02606676568035e-05,-0.00817840178606541,-0.00553147163173279,"FOXD2"
"chr5",40680448,40682231,1784,10,5.83929358947242e-07,1.03822497353415e-05,0.0116661804159415,0.00533056747100045,"PTGER4, TTC33"
"chr9",137453973,137456633,2661,14,5.85016168507371e-07,5.25503568775177e-05,-0.0095415030273608,-0.00267564692919925,"NSMF"
"chr15",39919905,39920580,676,7,5.96318222119502e-07,2.6791655801812e-06,0.00460379361447334,0.00389264400139435,"GPR176"
"chr19",1724904,1726195,1292,6,5.96606916633083e-07,0.0427718959855889,0.00776853758152269,0.00162850832786575,""
"chr17",39863618,39865243,1626,8,6.01739339790203e-07,0.000200733578208415,0.00681724140047562,0.00266410137861304,"IKZF3"
"chr8",124999191,125000192,1002,5,6.01739339790203e-07,1.31300825361409e-06,0.00779477972097776,0.0048638162659904,"SQLE"
"chr19",11479445,11482588,3144,17,6.07081939441169e-07,5.22967934802185e-09,0.00697712490356412,0.00273999131043346,"ELAVL3, AC008481.3"
"chr10",100724086,100724742,657,5,6.09023086332524e-07,0.00843715077992721,0.00551015584177841,0.00188726471752111,""
"chr1",115338025,115338923,899,10,6.35510171660617e-07,0.000716145199674395,0.00855575229287784,0.0035464845091705,"NGF-AS1, NGF"
"chr1",181482049,181483571,1523,10,6.42509799611984e-07,4.33471712350536e-05,0.00870486267637222,0.00354010245299166,"CACNA1E"
"chr1",236521954,236523981,2028,19,6.54949343410487e-07,6.42474427398091e-05,0.00796719857970156,0.00281645864742867,"LGALS8, LGALS8-AS1"
"chr3",172523218,172524923,1706,7,6.58391556849944e-07,1.35762299806916e-07,-0.0110508413393978,-0.00624909398491328,"TNFSF10"
"chr15",69154793,69154951,159,3,6.67921118099836e-07,4.87266416989516e-06,-0.00915938990968104,-0.0078516116765971,""
"chr18",26547273,26548152,880,4,6.87161199786275e-07,1.85204612302831e-05,0.0100481750896165,0.00876312363307181,"KCTD1"
"chr3",100603649,100603785,137,2,6.87161199786275e-07,2.24906945675765e-05,-0.00723367979382725,-0.00470326475620892,""
"chr8",38728084,38729148,1065,9,6.92160233697951e-07,6.85036532292007e-07,-0.00880289159661848,-0.00573497703802238,"TACC1"
"chr6",41548347,41550085,1739,8,7.04839514682175e-07,5.17369651162859e-08,-0.0108296568480197,-0.00771658050313777,"FOXP4, FOXP4-AS1"
"chr6",134520533,134521448,916,4,7.10529415354564e-07,0.000884259176902231,-0.00884917747335682,-0.00445808240869598,"CT69, AL078590.2"
"chr1",19645215,19646283,1069,9,7.12388683304429e-07,4.14579545312238e-05,-0.00780715705374889,-0.00428208408551388,"NBL1, MICOS10-NBL1"
"chr6",33450879,33452450,1572,20,7.21424075873476e-07,1.87093635116902e-05,0.00335200729275005,0.00134815112441077,"SYNGAP1, SYNGAP1-AS1"
"chr13",109783764,109785412,1649,6,7.37550221139164e-07,1.07436634654492e-06,0.00859463328447403,0.00461705891184447,"IRS2"
"chr8",649525,650940,1416,8,7.3886462822807e-07,2.16369190891639e-05,0.00638305060526515,0.00315276376879237,"ERICH1"
"chr1",184974429,184975653,1225,10,7.40172589108003e-07,4.55946624509676e-05,-0.00709193379812711,-0.00311191933626767,"NIBAN1"
"chr5",10485235,10485624,390,3,7.411291378363e-07,8.7757786660137e-06,-0.00913627974396618,-0.00826482812826183,""
"chr20",41293027,41293518,492,3,7.59783445229943e-07,0.000168589150631699,-0.0100153394500515,-0.00574088942213905,"ZHX3"
"chr21",45589232,45590854,1623,5,7.68054426491378e-07,0.00065323172303216,0.00568376923345585,0.00322898381104933,""
"chr14",74764752,74765387,636,2,7.91756941624947e-07,2.19414357314787e-05,0.00714617178678722,0.00663527423152891,"YLPM1"
"chr8",66961241,66963206,1966,13,8.00796356290266e-07,2.93046281431982e-06,0.00758872143866058,0.00318958132222247,"TCF24"
"chr18",58590891,58590938,48,2,8.30479469133855e-07,2.2990594898382e-05,-0.00710349805822249,-0.00688605204872828,"ALPK2"
"chr22",19169573,19169925,353,5,8.34480655770338e-07,0.000834115057156171,0.0103921619419697,0.00425891441048061,""
"chr2",230415523,230416549,1027,7,8.39804276087561e-07,4.84417889731995e-07,-0.00936610603579451,-0.00670139108373762,"SP100"
"chr11",65606792,65608233,1442,12,8.59426873282016e-07,1.83890787453545e-05,0.00850165941597013,0.00476689544503837,"MAP3K11"
"chr5",51398270,51399886,1617,7,8.62173759912658e-07,0.000163592944748893,0.00797120993875023,0.00295925123206058,""
"chr11",27720369,27723212,2844,26,8.63502037679442e-07,2.804815829653e-08,0.00940567858267936,0.00247092106244097,"BDNF, AC103796.1"
"chr20",46897974,46899877,1904,6,8.72572957543208e-07,1.64546805959121e-07,-0.0082022261585736,-0.00716034189493505,"EYA2"
"chr8",27334624,27334755,132,2,8.72593817156978e-07,2.0891310520042e-05,-0.011660356540846,-0.00997316297801232,"PTK2B"
"chr1",2073197,2074700,1504,15,8.83313812403556e-07,7.93573415863994e-08,0.00802618714135567,0.00559393464306044,"PRKCZ"
"chr1",84997681,84999073,1393,8,9.02154664974512e-07,5.31411188572969e-05,0.00938039358039512,0.00268380098098423,""
"chr20",5316297,5316937,641,5,9.09968894317959e-07,3.37795531767074e-06,0.00580649052445438,0.00364726214773752,"PROKR2"
"chr14",33704769,33705557,789,3,9.12705154860099e-07,0.000224964049801747,-0.0069180251211413,-0.00466019714232057,"NPAS3"
"chr14",38255050,38255740,691,5,9.48406896309784e-07,0.000289562755832087,0.00933019174477685,0.0058897310906319,"CLEC14A"
"chr2",70257395,70257482,88,3,9.58848770281489e-07,2.91474872075448e-05,0.00834138066302252,0.00644583585435237,"PCYOX1"
"chr19",40285751,40286706,956,5,9.63596046496676e-07,0.00750276380935469,0.00725398241055645,0.00286209083731727,""
"chr16",73565419,73566157,739,3,9.64772371382665e-07,0.00102652383058503,-0.0101921940019284,-0.00625312852754668,"AC092114.1, ZFHX3"
"chr8",61287074,61288130,1057,8,9.75076568749901e-07,3.20760686352785e-05,0.00663553273683456,0.00237646843634258,"CLVS1, AC023866.2"
"chr4",173521633,173523156,1524,9,9.77705376310587e-07,3.35443030683418e-05,0.00776000953422506,0.0034025971208256,""
"chr2",222311448,222313023,1576,13,9.79997730159091e-07,0.00368681725891378,0.0109163500547033,0.00382463683980855,""
"chr7",20784362,20787102,2741,16,9.96004179548056e-07,0.000442570808161943,0.00766196625097743,0.00200992107285749,"SP8"
"chr14",105469963,105470630,668,6,9.99282542975417e-07,5.25503568775177e-05,-0.00666222212189956,-0.00448017844419366,"MTA1, AL928654.2"
"chr14",90061034,90062526,1493,13,1.01784503768038e-06,2.64107343700835e-05,0.00390535419351013,0.0015712780284795,"KCNK13"
"chr11",1481635,1482313,679,6,1.05628350726995e-06,0.000164476139291378,-0.00574900614214026,-0.00281907729929658,"MOB2"
"chr2",215917699,215919743,2045,6,1.12107011180918e-06,3.43689733329534e-05,-0.00848494827661344,-0.00483804753272552,""
"chr12",65120693,65122222,1530,13,1.12211371554732e-06,4.32716811403756e-05,0.00561788038517727,0.00276686090143776,"WIF1"
"chr13",113860070,113861259,1190,12,1.13166654064314e-06,2.04865483583543e-07,-0.0058850802987349,-0.00323382335461291,"GAS6"
"chr2",228181242,228182394,1153,12,1.13803541057206e-06,0.000477967601029795,0.00505927529789052,0.00202541192493976,"SPHKAP"
"chr6",135196877,135197697,821,4,1.14218278203951e-06,0.000219036667464259,-0.00913114542731172,-0.00498149171037309,"MYB"
"chr19",4338143,4339220,1078,9,1.1481534197485e-06,3.92667131851435e-06,-0.00887395135694173,-0.00491399070303125,"STAP2"
"chr6",27630727,27631873,1147,6,1.1542051111569e-06,0.00286292837754707,0.00754879128966755,0.00325869727177446,""
"chr18",68722183,68722210,28,2,1.15893651997558e-06,3.04837713224134e-05,-0.0110402597133478,-0.0102894140476247,"CCDC102B"
"chr5",71718582,71719605,1024,15,1.17143718695841e-06,3.9614558275366e-06,0.00576257586506286,0.0019697398779282,"CARTPT"
"chr12",9869456,9870493,1038,10,1.18472333633123e-06,7.22875457054961e-06,-0.00748549111738292,-0.00410499421538948,"AC091814.1, CLEC2B"
"chr3",150248549,150249117,569,3,1.20685069963927e-06,7.98095495392306e-05,-0.0101154076188463,-0.0061746531099153,""
"chr10",103515373,103516301,929,3,1.2493469232135e-06,0.000273024833500692,-0.0117418192091191,-0.00634461749294476,"NEURL1, NEURL1-AS1"
"chr10",23172372,23174817,2446,11,1.25133788252316e-06,0.00119719897227486,0.0066432737483338,0.00261257382982774,""
"chr4",37243217,37244095,879,7,1.27167478578757e-06,0.032781592865203,0.00937547593340642,0.00290813756751808,""
"chr20",45254349,45255578,1230,8,1.27366676010358e-06,1.65964172950008e-06,-0.00933645484994199,-0.00605757990745155,"SLPI"
"chr12",6392744,6392794,51,3,1.29665573022093e-06,1.60089827269994e-05,-0.00818012696681893,-0.00616439587149083,""
"chr13",73054810,73055018,209,3,1.30924886493693e-06,7.77431383064122e-06,-0.00852147448162851,-0.00824069683504783,"KLF5"
"chr19",4326126,4327353,1228,4,1.33114289336315e-06,4.39650927453343e-06,0.00845538421664126,0.00639958214739586,"STAP2"
"chr11",17544197,17545225,1029,12,1.33183581426802e-06,6.46722558768354e-05,0.00752388833696524,0.00402765441159812,"USH1C"
"chr1",90716571,90718944,2374,18,1.41092717725377e-06,6.00744438985538e-06,0.00724551174740897,0.00257218712402716,"BARHL2"
"chr6",149484460,149485596,1137,13,1.4174372021229e-06,8.62027405863059e-05,-0.0108517529854979,-0.0048836649890636,"ZC3H12D"
"chr8",74274298,74274571,274,2,1.437060557567e-06,5.07707908815591e-05,-0.00836068541509582,-0.00773766806515585,"JPH1"
"chr4",154742684,154744680,1997,16,1.43724374439937e-06,4.89953659085419e-06,0.00668139543456335,0.0025625383655699,"LRAT"
"chr19",45233753,45234857,1105,11,1.43724374439937e-06,0.0001669271059328,0.00747548941446193,0.00367113585605271,"MARK4, EXOC3L2"
"chr11",70826260,70827151,892,9,1.44329595766152e-06,8.8414467545997e-07,0.00378779622548268,0.00262151825694419,"SHANK2"
"chr9",129278536,129279075,540,3,1.45209469287114e-06,0.00111134637197298,-0.00578964684936587,-0.000149619686260177,""
"chr10",96271368,96272207,840,6,1.46797990147277e-06,0.000184129169527279,-0.00987042911514764,-0.00469669049066483,"BLNK"
"chr12",94675196,94675924,729,2,1.50581826776675e-06,0.00865406384319066,-0.00977067533909778,-0.00472531700563587,""
"chr15",29268711,29269297,587,2,1.55406353571741e-06,0.0169867363174944,0.00938938042372505,0.00470879444158959,"FAM189A1, NSMCE3"
"chr6",88166525,88167694,1170,7,1.60219233133641e-06,0.000498399355363575,0.0119641295994288,0.00628045290586268,""
"chr12",89354523,89356045,1523,11,1.63088043910566e-06,3.1505410287742e-06,0.00795963593363578,0.00508588712678195,"AC010201.3"
"chr12",85279422,85280916,1495,18,1.63280976417991e-06,7.85351188192574e-08,0.00551071661616816,0.00322033845429702,"ALX1"
"chr11",65442423,65444238,1816,8,1.64288715303566e-06,1.91537733202022e-06,-0.00840820207118522,-0.00507277528630549,"NEAT1"
"chr6",25961661,25963214,1554,10,1.64629428779823e-06,9.80676304227041e-06,-0.0106691094079949,-0.00514709276577033,"TRIM38"
"chr8",69111520,69111647,128,3,1.64675020322525e-06,8.99287810855189e-06,-0.00600024620270367,-0.00402991246006948,""
"chr19",33225352,33227242,1891,11,1.67003316669708e-06,2.13231366649726e-06,0.00820409732521627,0.00315140733673709,"SLC7A10"
"chr2",179272843,179273799,957,6,1.67074318496753e-06,8.25985568355595e-06,-0.00741847545539268,-0.00519683806592199,""
"chr14",59630406,59632416,2011,16,1.67907869143721e-06,5.71539108131459e-08,0.0051244146571862,0.00129393513543346,"RTN1"
"chr16",31215951,31217399,1449,17,1.72593602613261e-06,0.000343680330295785,0.0053548357369445,0.00197792340845568,"TRIM72, PYDC1"
"chr2",46394338,46395582,1245,4,1.75865777973831e-06,5.19300253910616e-05,-0.00767053800545222,-0.00553957207846677,""
"chr3",175957268,175957644,377,2,1.75992787851822e-06,3.95307946454067e-05,-0.00843041434548362,-0.00625505447004238,""
"chr3",54354143,54354796,654,3,1.76187288697879e-06,3.47843420936617e-05,-0.00707468767097022,-0.00668357782939614,"CACNA2D3"
"chr6",137222687,137224161,1475,4,1.78273076872366e-06,3.94459450811166e-06,-0.00976880792323254,-0.00720202456358865,""
"chr5",118561706,118562576,871,6,1.79074415899199e-06,0.000367017312032631,-0.00750544873952096,-0.00437450712266759,"LINC02208"
"chr11",70567714,70568500,787,6,1.83445518257741e-06,5.68631022708314e-05,-0.00990641664083058,-0.00539460335588135,"SHANK2"
"chr15",75817010,75817552,543,4,1.83855056208032e-06,3.29745803865036e-05,-0.0084688565675951,-0.00444713686905756,""
"chr10",100561979,100562937,959,5,1.83956735572446e-06,0.000314841434768319,0.00940921302671503,0.00572511150252891,""
"chr14",100726254,100727095,842,11,1.84515018444037e-06,0.000186460623272826,0.00794372902372703,0.00192555283010231,"DLK1"
"chr8",98942653,98945379,2727,18,1.84964685884462e-06,4.26018158526149e-07,0.00675324643764623,0.00309282233104868,"AC016877.3, OSR2, STK3"
"chr16",23181390,23183412,2023,15,1.85345277313077e-06,0.00224789232807094,0.00691401071632295,0.00145100862816374,"SCNN1G, AC099482.2"
"chr22",50529821,50530423,603,6,1.85367636115016e-06,0.00150500015798593,0.00712113902068361,0.00399689728962455,"TYMP, ODF3B"
"chr10",128047111,128048324,1214,9,1.88538805626169e-06,1.28551480347602e-05,-0.00875815052750685,-0.0052992667988532,"PTPRE"
"chr7",100477630,100478466,837,8,1.88982416361141e-06,3.09079285707213e-06,-0.00586021162455529,-0.00268616332723834,"TSC22D4"
"chr8",17539335,17540070,736,2,1.913404939933e-06,0.00977927663918161,-0.0069065083330733,-0.00311663157690331,"SLC7A2"
"chr3",16056030,16056428,399,2,1.92772179552369e-06,3.47843420936617e-05,-0.0080294345497631,-0.00744874585652889,""
"chr1",23902051,23903608,1558,7,1.93065340438657e-06,0.00137683498658325,0.00400575070842057,0.0014299867225482,"CNR2, BTBD6P1"
"chr7",50303456,50304287,832,6,1.93667504020196e-06,0.0018219827324281,0.00826882393365909,0.0032214995886072,"IKZF1"
"chr11",82906564,82906863,300,2,1.94204791056775e-06,4.14579545312238e-05,-0.00956108626748529,-0.00803665026002146,"DDIAS, PRCP"
"chr3",71061822,71062772,951,3,1.99491677771196e-06,1.62615924483033e-05,-0.00815085379137455,-0.00712363275656207,"FOXP1, AC097634.4"
"chr10",52314118,52315768,1651,11,2.01630252487566e-06,3.44024198537758e-07,0.0086475649963621,0.00389993462448599,"DKK1, PRKG1-AS1"
"chr2",240997427,240997617,191,3,2.01630252487566e-06,1.69074816803945e-05,-0.00827671583180254,-0.00812460827988837,""
"chr6",143163523,143165563,2041,6,2.02475359285031e-06,5.03818879403348e-05,-0.0069630204383735,-0.00397680218377774,"AIG1"
"chr1",243931466,243932113,648,6,2.02520313759522e-06,1.29805827262175e-05,0.00782207860041886,0.00546534016691249,"LINC02774"
"chr2",201257140,201258109,970,11,2.02788248470269e-06,4.56291685610119e-05,-0.00869934855472678,-0.00439568946797843,"CASP8"
"chr18",500817,501513,697,6,2.07265807154502e-06,0.00016025977068859,0.00572445058600023,0.00319375626426719,""
"chr8",8568943,8569182,240,3,2.09316279191844e-06,8.30470957871314e-06,-0.00788194761209002,-0.00693454176931294,"AC114550.1"
"chr22",43862252,43862832,581,11,2.10369210152623e-06,5.35809580955448e-08,0.00643965110383588,0.00474306152156576,"SULT4A1"
"chr1",2193610,2194540,931,9,2.13076446820543e-06,1.25713250262456e-06,0.00738221976194437,0.00366218304117407,"FAAP20"
"chr7",55156513,55158516,2004,13,2.13981324957184e-06,2.95680236481415e-08,-0.00782915437502689,-0.00498138915406875,"EGFR"
"chr6",41502785,41503935,1151,6,2.19148935154006e-06,0.00197671396171654,-0.0049422526333637,-0.00256749322097399,"LINC01276, FOXP4-AS1"
"chr1",230746641,230747806,1166,10,2.19788316446418e-06,0.00184724711593563,-0.00673194991227237,-0.00232316369991522,"CAPN9, AL512328.1"
"chr14",105039726,105039728,3,2,2.21016685711773e-06,4.66922389174004e-05,-0.00720992985267368,-0.00648093271640165,""
"chr12",75209288,75209968,681,9,2.25855794653906e-06,8.00396286538305e-05,0.00986940475275636,0.00308226184820421,"KCNC2"
"chr12",46492551,46493953,1403,4,2.27148311385993e-06,1.95667620661743e-06,-0.00853182862864971,-0.00734563728870283,"AC008014.1"
"chr14",60508754,60511376,2623,18,2.27440421371111e-06,2.6818561261471e-06,0.00835712347748913,0.00413664925384432,"SIX6, C14orf39"
"chr5",123086403,123088396,1994,9,2.30490667642873e-06,4.32559108828197e-08,0.010360019480947,0.00717990473117103,"AC106786.1"
"chr15",78034669,78035098,430,3,2.33250977687782e-06,3.4516273974885e-05,-0.011731320791537,-0.00839267368572652,"TBC1D2B"
"chr19",35040735,35041600,866,5,2.33716247724955e-06,0.000521961704342785,-0.00934275643927803,-0.00553796577478697,"HPN"
"chr17",49971857,49973148,1292,12,2.38118745308117e-06,0.0150319569558672,0.00870011128730012,0.00179066730578407,"DLX4"
"chr8",104466455,104467634,1180,12,2.39179977932141e-06,0.00522673516817132,0.0107883173010214,0.00347425956560322,"DPYS"
"chr6",45419065,45420763,1699,8,2.42875997549478e-06,9.02901207620042e-05,0.00703889834817855,0.00361955072334512,"RUNX2"
"chr17",11241192,11242488,1297,5,2.44105222501197e-06,0.001907723943958,0.00963372621297721,0.00471125548782098,"SHISA6, AC005548.1"
"chr2",239308757,239310075,1319,7,2.45910665102972e-06,1.99809114336804e-07,-0.00822219237519409,-0.00645953178502748,"HDAC4"
"chr2",218607687,218608661,975,6,2.47033850957833e-06,4.50538607454896e-05,-0.00830952339214477,-0.00492419615361763,"PLCD4"
"chr13",33350790,33351519,730,4,2.55308273229503e-06,0.00178823141436972,-0.00909543407270103,-0.00473088447626513,""
"chr17",68598734,68599403,670,2,2.59630589208192e-06,0.0002353175170226,-0.0078396309496778,-0.00607636953332375,"LINC01482, FAM20A"
"chr11",43546790,43548005,1216,5,2.60750902235953e-06,0.000464849903100555,0.00718765013025022,0.00250748502847494,""
"chr9",135714965,135715461,497,2,2.63785201462216e-06,0.0275834669256203,0.0102703314058615,0.00511943024223847,"KCNT1"
"chr11",59555597,59557513,1917,14,2.68309294290326e-06,1.2036654642639e-05,0.00942157885992018,0.00355395617402857,"AP003778.1"
"chr17",64230427,64231933,1507,7,2.70589820067559e-06,0.000176051950320014,-0.00859903949027345,-0.00360150522725837,"TEX2"
"chr1",226675206,226676363,1158,6,2.73242107159506e-06,1.10380280911632e-05,-0.00893734647136509,-0.00590932942315818,"ITPKB-AS1, ITPKB"
"chr20",49669748,49670162,415,2,2.73493907905814e-06,8.05783443158493e-05,-0.0101977807590752,-0.0100464536152945,"B4GALT5"
"chr9",137138234,137139621,1388,8,2.7410175700586e-06,0.000140559429310295,0.00886889054960032,0.00382655470122396,"GRIN1"
"chr12",32107442,32108248,807,6,2.7410175700586e-06,2.27875492857228e-06,0.00833731003048525,0.00551938530000778,"BICD1, AC048344.1"
"chr8",96327310,96328392,1083,7,2.7984591393216e-06,0.000452879564394111,0.00715041659039611,0.00410016323725712,"PTDSS1"
"chr10",121526611,121527835,1225,5,2.80825578811973e-06,3.89839034563152e-06,-0.0103678999606645,-0.00721249535393802,"FGFR2"
"chr20",54173107,54174439,1333,12,2.81638080673425e-06,9.21764540590789e-05,0.00796584417257207,0.00323349906194648,"CYP24A1"
"chr5",36301992,36303212,1221,5,2.82327141795363e-06,1.7304470716485e-05,-0.00749005505717139,-0.00408380414717194,"RANBP3L"
"chr3",71130552,71132191,1640,17,2.8613906659244e-06,2.02317594648539e-07,-0.0080066438900236,-0.00395049637347234,"FOXP1, AC097634.4"
"chr8",144527920,144528809,890,5,2.91461134841125e-06,0.00213222676932382,0.00842451887091045,0.00433669534063016,"C8orf82"
"chr10",73591318,73592130,813,6,2.96116491016669e-06,8.78279705808425e-07,-0.00818182762731873,-0.00512801940500288,"USP54"
"chr19",49071822,49072799,978,3,2.98041540176739e-06,1.03554350162465e-05,0.00632326396273207,0.00476343777604512,"KCNA7"
"chr16",54000060,54000458,399,2,2.9869146213965e-06,6.68316705768462e-05,-0.00828139233786801,-0.00780920816725187,"FTO"
"chr12",12992165,12992781,617,3,3.04318912729494e-06,0.000183769377005271,-0.0116302125897991,-0.00733882635345435,"HEBP1"
"chr12",4142729,4143245,517,4,3.07732084868387e-06,1.75759228316076e-05,-0.00772360030968872,-0.00461189788162481,""
"chr1",58249827,58250990,1164,14,3.1169058069641e-06,6.07046120425133e-05,0.0069161528097782,0.00288011532792108,"DAB1"
"chr11",111283554,111284289,736,7,3.13425884231245e-06,8.64520299942657e-05,-0.00883263338697902,-0.004909504767307,"C11orf53"
"chr12",6375547,6378511,2965,17,3.13764818084972e-06,0.000105694017114922,-0.00791813010670565,-0.00215148952254449,"LTBR, SCNN1A"
"chr14",75298649,75299311,663,4,3.14824356366899e-06,9.37150871837462e-05,-0.00939947759143759,-0.00638452677137353,""
"chr12",53513254,53514364,1111,3,3.16076206375331e-06,2.20146814603071e-05,-0.00826459317685551,-0.0060684167587528,"AC023509.2, ATF7-NPFF, ATF7"
"chr7",22452434,22452819,386,4,3.17994221551287e-06,6.0755734203578e-06,-0.00986814923223834,-0.007804657118692,"STEAP1B"
"chr16",67149822,67150659,838,3,3.22850091635143e-06,0.00226070147720962,0.0132282947838235,0.00612169880788887,"B3GNT9"
"chr18",59272790,59274014,1225,9,3.23502747944824e-06,0.000477164970578817,0.00669258349553746,0.00215818188173419,"RAX"
"chr2",27307587,27309099,1513,15,3.28745593894809e-06,2.19956072021754e-05,0.010335683906238,0.00519602623056429,"UCN"
"chr10",11004306,11004925,620,5,3.31135086584123e-06,0.000345629316201024,-0.00806738884117758,-0.00358254309033792,"CELF2"
"chr3",137761260,137761908,649,4,3.31535359210091e-06,0.00617964428682711,0.00687554642894947,0.00399674919866871,""
"chr4",3388257,3389086,830,3,3.32496019510987e-06,2.15016793741021e-05,-0.00864948086201025,-0.00805307222883796,"RGS12"
"chr1",212698878,212701400,2523,16,3.39442406379786e-06,1.35762299806916e-07,0.00546395948616604,0.00321900409528898,"BATF3"
"chr17",2083594,2085175,1582,9,3.39597825670998e-06,7.41612496071985e-07,-0.00793981816022172,-0.00487278383432117,"SMG6"
"chr14",59330040,59331214,1175,3,3.43272629688959e-06,0.00292923898003239,-0.00750458715739889,-0.00476677753105023,"DAAM1"
"chr17",52158033,52160484,2452,28,3.4331509655427e-06,1.53294515795255e-05,0.00750621193530434,0.00215904777045562,"CA10"
"chr17",46771848,46772491,644,3,3.46287665126897e-06,0.000536076880487944,0.00876180461921101,0.00548013797948279,"WNT3"
"chr10",80485970,80486611,642,3,3.47112362103219e-06,0.00184455663821588,-0.00989505037882404,-0.0057492115454512,"TSPAN14"
"chr11",459900,460914,1015,6,3.4760953601731e-06,2.27875492857228e-06,-0.00859034914535842,-0.00665150539406979,"PTDSS2"
"chr2",14615896,14616389,494,4,3.57284746651641e-06,2.20146814603071e-05,-0.0081404748771542,-0.00750032439596439,""
"chr5",132746941,132748376,1436,12,3.57880387308934e-06,1.54649175788892e-05,0.0107051941302863,0.00432840860184315,"CCNI2"
"chr7",101362551,101363292,742,12,3.59784351594159e-06,0.000358416108089487,0.00835966780011312,0.00341430620229828,"COL26A1"
"chr2",11393590,11394114,525,6,3.63102601239974e-06,8.78279705808425e-07,-0.00744263938654214,-0.00628784671856886,"LINC00570"
"chr8",52939053,52941044,1992,13,3.63883404600165e-06,9.12458872404991e-06,0.00705650838112397,0.00201022305821255,"NPBWR1"
"chr7",27199291,27201139,1849,10,3.68876917623408e-06,3.17862669216047e-05,0.00644148885073755,0.0026610096817618,"HOTTIP, AC004080.9, HOXA13"
"chr11",104897966,104898684,719,5,3.71513361254652e-06,3.52513331580397e-05,-0.00692752706101019,-0.00429080059508292,"CASP12"
"chr13",112979065,112979728,664,8,3.72453406131678e-06,0.000233989410510377,-0.00853768893791861,-0.00487612255278766,"MCF2L"
"chr6",57313815,57314252,438,5,3.80209820245712e-06,0.000119870830043076,-0.00766389530447787,-0.00373849837551135,""
"chr9",128148716,128149513,798,7,3.83581620593468e-06,4.0834355426912e-05,-0.00784735322793651,-0.00367668810395268,"LCN2"
"chr17",36942303,36943575,1273,7,3.87034885589336e-06,3.81578177532915e-05,0.00742844782006657,0.0037516866654596,"LHX1, AC243773.1"
"chr5",73497651,73498386,736,9,3.88411361106753e-06,0.00249813873062075,0.00747072250508354,0.00194957824169425,"AC099522.2"
"chr11",63608652,63608796,145,2,3.88414012833896e-06,5.76386503392286e-05,-0.00886012753875458,-0.00760272151207366,"PLAAT3"
"chr5",33936066,33937077,1012,13,3.88927323761799e-06,0.241383099734283,0.00652209393172218,0.00127319017452979,"RXFP3"
"chr16",84526574,84527511,938,7,3.93686712638091e-06,2.55948912510798e-05,0.00710750382052685,0.00505888939385766,"MEAK7"
"chr5",132386869,132388799,1931,6,3.9595622685173e-06,3.07262538421809e-08,-0.00817402574495823,-0.00734146073843242,"SLC22A5"
"chr14",28766701,28768274,1574,12,4.05770611006503e-06,2.16369190891639e-05,0.0083823797185961,0.00312962775800758,"AL049777.1, FOXG1"
"chr6",106360872,106361362,491,6,4.12636500334193e-06,0.000307488103193385,0.00361594337068176,0.001998991731537,"CRYBG1"
"chr5",54520193,54521243,1051,3,4.19962542337421e-06,1.71765920656008e-05,-0.0110053735762022,-0.00807033626820877,"SNX18"
"chr3",188899845,188901368,1524,13,4.2335467879736e-06,4.13954589373461e-07,-0.0075235043952189,-0.00496398522918134,""
"chr12",132488810,132489934,1125,21,4.24187015486088e-06,2.62051013338643e-06,0.00581002668455569,0.00188100256412744,"FBRSL1"
"chr3",186746154,186746364,211,4,4.26404597176672e-06,5.71638027131953e-06,-0.00785642515648978,-0.00702433097634025,"AC068631.1"
"chr16",89093090,89094488,1399,15,4.34467194372369e-06,0.000200668035967578,0.00468442704776364,0.00124315317239059,"ACSF3"
"chr17",48542985,48544347,1363,13,4.40651647801541e-06,0.00164840503633361,0.00572490965126039,0.00180429233814309,"HOXB-AS1, HOXB2"
"chr4",157219687,157223688,4002,23,4.54743562343454e-06,8.53553714393988e-07,0.00732539312222978,0.00313726508288954,"GRIA2"
"chr1",2207003,2208773,1771,13,4.59754803653758e-06,2.13007563852484e-07,-0.00717013876298542,-0.00484970583415409,"FAAP20"
"chr2",37318164,37318525,362,5,4.78828685197442e-06,8.77700687481869e-06,-0.00793769194091539,-0.00592415020950926,"PRKD3"
"chr3",71574530,71575170,641,5,4.81668954289672e-06,6.14869140136603e-05,-0.00725880496190525,-0.00399613021431853,"FOXP1, AC097634.4"
"chr11",72243938,72245101,1164,11,4.87697705140161e-06,1.83170063113368e-05,0.00498694848921961,0.00149555984028974,"PHOX2A"
"chr1",118999210,119001260,2051,14,4.8847247185976e-06,1.23617556265533e-06,0.00781279287618599,0.00511448552055554,"AL139420.1, AL139420.2"
"chr15",31483203,31484247,1045,3,4.97338634162769e-06,0.00189091265965591,0.00977883506104341,0.00579751570173626,"OTUD7A"
"chr6",100464946,100465716,771,7,5.01672598635519e-06,9.06635043641794e-05,0.00651912075355343,0.00240527083559896,""
"chr20",43666772,43667787,1016,8,5.05736106166164e-06,8.29643800999779e-06,0.00714805378566279,0.0046812927985719,"MYBL2"
"chr21",38438740,38439820,1081,5,5.0671355175783e-06,6.10201982001032e-07,-0.00876494644612698,-0.00674176992482248,"ERG"
"chr19",10976041,10976279,239,4,5.12110024468125e-06,1.05318781563283e-05,-0.00797301322398219,-0.00570123300393713,"SMARCA4"
"chr15",31212798,31212821,24,2,5.16511023228847e-06,5.78779207951918e-05,-0.00848020759916687,-0.0084163481398479,""
"chr13",53200509,53201823,1315,4,5.32736105535654e-06,0.000899122703833257,0.00867075618745032,0.00488541577429559,"PCDH8P1"
"chr18",23838904,23838959,56,2,5.36514256024201e-06,8.77385389939178e-05,-0.00983438839859662,-0.00840416039579291,"LAMA3"
"chr16",88508703,88509332,630,4,5.38605718895253e-06,0.00267323846207328,-0.00781755608185927,-0.00373056399513522,"ZFPM1"
"chr4",41363290,41363756,467,2,5.38756326777725e-06,0.000141821404690465,-0.00832358804403731,-0.00817791986430685,"LIMCH1"
"chr1",206034307,206035279,973,6,5.41167144392324e-06,6.97065179162121e-06,-0.0093507125760206,-0.00641842115006573,"BX571818.1"
"chr16",11975972,11976559,588,6,5.46446906243865e-06,0.00463398502213955,0.00159076255430192,3.27917956151268e-05,"NPIPB2"
"chr17",7383781,7384682,902,8,5.55639371654858e-06,2.54362184986014e-06,0.0074962765471422,0.00471084379365677,"TNK1"
"chr5",119328823,119329580,758,4,5.58159711919306e-06,2.09491842949241e-05,-0.00835932978690143,-0.00418213938055804,"TNFAIP8"
"chr6",117265062,117265992,931,9,5.66325518100171e-06,3.10286361812926e-05,0.00284283136402116,0.00108314042224927,"VGLL2"
"chr12",50924084,50924998,915,8,5.77756264749551e-06,7.23632914454985e-07,-0.00450862497614399,-0.00315608137291605,"METTL7A"
"chr14",73465405,73465903,499,2,5.7916667428842e-06,6.01060533606815e-05,-0.00887989602867205,-0.00845583108298306,"AC005280.1, AC005280.2"
"chr11",65427462,65430666,3205,18,5.86468032862825e-06,1.91469173527484e-10,-0.00879254098247977,-0.00574652459673108,"NEAT1"
"chr14",69046069,69046790,722,3,5.8711684245163e-06,3.04545832964248e-05,-0.00820929076041669,-0.00723324309780317,""
"chr6",136037008,136037908,901,4,5.91448915809506e-06,2.01210663958728e-05,-0.007758206022398,-0.00563391892180958,"PDE7B, AL138828.1"
"chr2",157440575,157441379,805,4,5.96135879567738e-06,0.00123408964038825,-0.0069001059993946,-0.00478621351572858,"CYTIP"
"chr10",72229793,72230420,628,2,6.00417625398781e-06,0.00579921674086636,-0.0106954153015506,-0.00528186160861966,"ANAPC16"
"chr10",132421704,132422949,1246,5,6.0178356391648e-06,3.09079285707213e-06,-0.00925515557277367,-0.00550171765558662,""
"chr5",115295848,115296933,1086,15,6.05331241989672e-06,0.00184471686100839,0.00894122166147875,0.00150262939417091,"CCDC112"
"chr11",63985089,63986401,1313,14,6.05614596214362e-06,0.0100305226346806,0.00724618362061991,0.00214737908611879,"AP000721.1, OTUB1"
"chr14",92687208,92688413,1206,4,6.12583536498007e-06,0.000105694017114922,0.0109641295736593,0.0071554418011565,"RIN3"
"chr10",111078320,111078373,54,2,6.35365467188098e-06,0.00628860379772521,0.00710399593574717,0.00424292065322652,"ADRA2A"
"chr1",223180874,223181265,392,5,6.37171194968296e-06,3.81477709770444e-06,-0.00872218275625884,-0.00663822804260421,"AL359979.1"
"chr1",112509063,112509545,483,6,6.48144668285881e-06,1.71695925016337e-05,0.00810487585907595,0.00599216505043228,"WNT2B"
"chr10",3494149,3495093,945,5,6.57143106198812e-06,3.77064713524908e-05,-0.00643345781338225,-0.00391260774867909,"LINC02669"
"chr10",24464764,24466509,1746,10,6.65438975772475e-06,1.33508570188496e-06,-0.00926837056278747,-0.00548205282850591,"KIAA1217"
"chr19",4304449,4305242,794,8,6.72079730016143e-06,0.00022634142887694,0.0082128588807627,0.00243339574691971,"FSD1"
"chr17",67474454,67475734,1281,8,6.75347317881567e-06,1.11107791915789e-05,0.00863117438432894,0.00146759970871681,"PITPNC1"
"chr13",56885648,56886271,624,2,6.88759022742903e-06,0.00473500029343124,-0.00498863369445177,-0.00281139206978946,""
"chr8",141287022,141287485,464,5,6.88892396091079e-06,0.000262910071112553,-0.0091652556241292,-0.00525174910970624,"AC011676.3, SLC45A4"
"chr10",131311604,131312468,865,5,6.90567278224751e-06,4.61822172091964e-05,0.00565450270571044,0.00331586332718346,"TCERG1L"
"chr6",20210369,20211423,1055,4,7.02846412994619e-06,1.87093635116902e-05,-0.00913765853335502,-0.00732075679253641,"MBOAT1"
"chr12",3380585,3381516,932,5,7.11968783822899e-06,0.000178707443262888,-0.00780155811850594,-0.00422918156896231,"PRMT8"
"chr11",115501630,115502401,772,5,7.33596069436999e-06,8.7757786660137e-06,0.00816791477899261,0.00699361910618375,"CADM1"
"chr5",11903033,11904800,1768,16,7.56860296853572e-06,2.81415043443034e-08,0.00606798406938539,0.00280902475401732,"CTNND2"
"chr6",146881548,146881769,222,2,7.56966501024265e-06,5.66413045853811e-05,-0.00743978931758277,-0.00663030191321108,"STXBP5-AS1"
"chr21",43865955,43867256,1302,7,7.75619361077417e-06,1.8843153901791e-05,-0.00919613657040198,-0.00349737082559877,"AGPAT3"
"chr6",45741709,45742071,363,2,7.88165834824738e-06,5.55890787684923e-05,-0.00814940296887975,-0.0076189505460922,""
"chr6",1615608,1617384,1777,7,8.00555366477779e-06,7.27580974010619e-08,-0.00799011186264062,-0.0065225143524372,""
"chr9",88534945,88535709,765,6,8.17803871516779e-06,6.05622641695517e-05,0.00753274870057959,0.00413012258778124,"NXNL2"
"chr2",172927709,172928809,1101,7,8.28100165937672e-06,1.29777096625992e-06,-0.00707869724282544,-0.00487813594411655,"RAPGEF4"
"chr16",68764890,68765049,160,2,8.32601661737013e-06,7.02887568806117e-05,-0.00902702355851419,-0.00833073219003256,"CDH1"
"chr17",6454842,6455608,767,7,8.36976723866249e-06,0.000232315154095029,0.00697307110034997,0.00311759565491313,"PITPNM3"
"chr17",77477262,77477887,626,6,8.47194060991648e-06,3.1851088655948e-06,-0.00710871388014548,-0.00589873900436251,"SEPTIN9"
"chr7",26375986,26378078,2093,13,8.47222101932422e-06,5.3402727177379e-08,0.0110657480260231,0.00463884899420833,"AC004540.2"
"chr12",6450996,6452381,1386,13,8.47467676226051e-06,6.99825464950722e-07,-0.00461159194842099,-0.00324238652709085,"CD27, TAPBPL, CD27-AS1"
"chr16",48386681,48386969,289,3,8.57753974616699e-06,3.41131840048493e-05,-0.00680497036472513,-0.00666043362019819,"SIAH1"
"chr11",31817766,31818399,634,9,8.58078515483167e-06,6.03274666494573e-05,0.00757674847195387,0.00372878507569721,"PAUPAR, AL035078.4, PAX6"
"chr18",44759241,44759330,90,2,8.59714749823073e-06,8.19166745806764e-05,-0.00845159825350819,-0.00706744746721668,"SETBP1"
"chr6",16236728,16238990,2263,13,8.60997938902047e-06,0.00154321895582318,0.00664432489064919,0.000241045576835538,"GMPR"
"chr2",239348919,239350061,1143,8,8.6293188934386e-06,1.44918547650608e-06,-0.0076855984519321,-0.00619704378684036,"HDAC4"
"chr1",183249134,183249531,398,2,8.7937527950009e-06,0.0118335838226321,-0.00679872128472304,-0.00288085277018309,"NMNAT2"
"chr10",77586989,77587788,800,3,8.81143337561784e-06,0.0022872409576668,-0.00793728395258221,-0.00400135762868901,"RNA5SP321, KCNMA1"
"chr14",103522439,103523746,1308,13,8.81791063996231e-06,5.3337392913324e-05,0.0090849798482943,0.00198230383003733,"CKB"
"chr4",145907320,145908038,719,5,8.89818111698418e-06,0.0166065820495156,-0.00729218173293886,-0.00391561510423344,"ZNF827"
"chr8",122828433,122828505,73,2,8.97494437086298e-06,5.66413045853811e-05,-0.00869619099473303,-0.00861629897994005,"ZHX2"
"chr6",161139573,161140089,517,6,8.99311210357177e-06,0.00046717041446449,-0.00377336399692564,-0.00162830845156733,"AGPAT4"
"chr20",63619874,63620548,675,4,9.01883896846372e-06,0.000599968629066377,-0.00676329046801473,-0.0042776486422664,"GMEB2"
"chr3",143120736,143121995,1260,7,9.03034614621267e-06,8.25985568355595e-06,0.00939910073762902,0.00375984341907357,"CHST2"
"chr12",104285301,104286606,1306,6,9.03163525095391e-06,0.000413383232933122,-0.00945983888198293,-0.00540959433699599,"TXNRD1"
"chr10",2657099,2657165,67,3,9.1318735072792e-06,3.21953245959353e-05,-0.00828664124045899,-0.00613807796746537,""
"chr1",59755265,59755510,246,3,9.15590488986511e-06,1.79256156967224e-05,-0.00541206872883739,-0.00414796602470262,"FGGY, AL035416.1"
"chr15",98899545,98900437,893,7,9.21157437007732e-06,0.000217640670219547,-0.00811413777273402,-0.00435979678406746,"IGF1R"
"chr9",88990120,88991308,1189,13,9.34131673536594e-06,0.0573416854592441,0.00979565907170446,0.00240292672639746,"S1PR3"
"chr5",82664464,82664847,384,2,9.42735175985094e-06,0.00311285713697089,-0.0095747177192117,-0.004470100784349,""
"chr17",3966822,3967121,300,3,9.46252506608827e-06,0.000148331258315424,-0.00781571105971619,-0.00552758902186662,""
"chr10",102742881,102744675,1795,15,9.46683721822313e-06,5.26009716125287e-05,0.00349774834972976,-0.000613746400722545,"SFXN2, WBP1L"
"chr4",57109572,57110265,694,9,9.49983701141907e-06,0.000186046276373034,0.00774839498286837,0.00482181653463861,"IGFBP7-AS1, IGFBP7"
"chr12",52009727,52011096,1370,13,9.50166508510374e-06,0.00264927495391839,-0.00628443513487584,-0.00282523073364716,"TAMALIN"
"chr8",42697131,42697576,446,8,9.52294824512822e-06,2.04770156418117e-05,-0.00480003070256466,-0.00331615703893153,"CHRNB3"
"chr7",24477795,24477869,75,2,9.6054662336814e-06,0.000177926075424358,-0.0111262588784592,-0.0100135830354957,""
"chr10",7702759,7703491,733,4,9.63472290387962e-06,0.000183316241635376,-0.00874119436516397,-0.00582780372858373,"ITIH2"
"chr12",46661162,46661794,633,2,9.69793788944161e-06,4.68890405649414e-05,-0.00724008222812868,-0.00626972241824275,"AC008014.1"
"chr17",78774816,78775241,426,3,9.87023792227738e-06,3.74484759263191e-05,-0.00907673531733831,-0.00859603930519418,"CYTH1"
"chr6",146027554,146029908,2355,22,9.87651932885358e-06,0.000659698975245737,0.00650749594918296,0.00189823625910202,"GRM1"
"chr17",2056302,2056905,604,5,9.96331479996355e-06,7.22875457054961e-06,-0.00942358495176884,-0.00742764057864999,"HIC1"
"chr17",49967766,49969759,1994,15,1.00807412296478e-05,0.000102069049579938,0.00810143335318602,0.00271615677945093,"DLX4"
"chr2",222298078,222300601,2524,25,1.01577103746118e-05,1.56397513318508e-08,0.0106678743385487,0.00368785498628711,"CCDC140, PAX3"
"chr2",175630992,175631168,177,3,1.02437602226962e-05,2.10779852844579e-05,-0.00802610950503402,-0.00769866600121521,""
"chr12",51820335,51821432,1098,6,1.03289182398922e-05,6.96596327384874e-06,0.00835751594765752,0.00569050477726623,"AC068987.2, FIGNL2"
"chr11",65111248,65111926,679,12,1.04698874334566e-05,0.147536723989101,0.00786521227681642,0.00102938367922945,"VPS51, TM7SF2, AP003068.1"
"chr14",89455511,89455921,411,3,1.04963648420964e-05,0.000287830904088144,-0.0073156939296789,-0.00442048600365252,"FOXN3, AL137230.2"
"chr5",181114779,181115623,845,9,1.0586635576625e-05,0.00103993492445704,0.00718825965596172,0.00342637666818855,"AC008620.2"
"chr1",99644710,99645866,1157,7,1.06713607493437e-05,0.000996916845501856,-0.00794040181183807,-0.00373789015947719,""
"chr17",76670577,76671194,618,3,1.07219433755239e-05,0.00241584722823982,-0.00738435219691277,-0.00520122045336729,""
"chr20",33178324,33178900,577,3,1.07397662524139e-05,0.000303597584733519,-0.00699086918415091,-0.00551045902162879,"BPIFA2"
"chr7",25858105,25861148,3044,17,1.07963401743882e-05,1.11968625205784e-08,0.00915845117562118,0.00524580415603797,""
"chr15",60519411,60520932,1522,5,1.08206828001627e-05,1.80980622004823e-05,-0.00826111453809065,-0.00496973356732957,"RORA-AS1, RORA"
"chr15",68340997,68342590,1594,4,1.08470939939537e-05,1.27952267341582e-05,-0.00764957771885383,-0.00552510327746731,"ITGA11"
"chr1",11151628,11152342,715,4,1.09515416442568e-05,3.15086901219222e-05,-0.00795895447339848,-0.00545315144889033,"MTOR"
"chr10",119270840,119271807,968,4,1.09898632872102e-05,0.000255811048430188,-0.00929277645607782,-0.00640177708770917,"GRK5"
"chr10",80207130,80208062,933,11,1.1036061614948e-05,0.000116719996792103,-0.00718000499909524,-0.00332491210228117,"LINC00857"
"chr1",19412142,19412902,761,3,1.11811165512889e-05,0.00265056234857146,-0.00652103039371536,-0.00365068908993235,"CAPZB"
"chr12",92465078,92465785,708,3,1.12502936993133e-05,0.00203490604535668,-0.00793186036994476,-0.0040011330004205,"AC063949.2"
"chr1",39900438,39901012,575,3,1.13438618411497e-05,0.00112756437287556,0.00593049993174806,0.00346866274663606,"MYCL"
"chr3",114624146,114625172,1027,9,1.14009696091092e-05,8.7757786660137e-06,-0.0104659670560886,-0.00589957901732405,"ZBTB20"
"chr3",188036300,188038515,2216,7,1.16588196368118e-05,0.000362219423290226,-0.0073401578226729,-0.00438518263231946,""
"chr17",2795727,2796799,1073,13,1.17486668674739e-05,0.00262904884131389,-0.00859061191479905,-0.00409971540183992,"RAP1GAP2"
"chr13",75760571,75760730,160,4,1.19303353597956e-05,1.4681402979751e-05,-0.00880780980177645,-0.00723509308118689,"AL137782.1, LMO7"
"chr8",96645325,96646546,1222,7,1.2192791216988e-05,0.00387865304430973,-0.00726246751499028,-0.00323515948954966,"CPQ"
"chr2",135985476,135986865,1390,12,1.238571682897e-05,0.000222770515886139,0.00872842813488175,0.00315004033158819,"DARS-AS1, DARS1"
"chr17",59565056,59566196,1141,15,1.2435931852434e-05,0.00714059568521268,0.0105059714838983,0.00267090370665485,"DHX40"
"chr11",5684765,5685610,846,7,1.24594710789122e-05,2.41765831487496e-05,-0.00669664648687035,-0.00379438788339589,"TRIM5"
"chr11",106172585,106172736,152,2,1.25308891195191e-05,9.63179415677454e-05,-0.0091482219741891,-0.00889056681862868,""
"chr11",26572545,26573659,1115,5,1.26251994003676e-05,0.00734288450488798,-0.00646274843180307,-0.00320426369820402,"ANO3"
"chr13",103282951,103283319,369,3,1.26639748054611e-05,2.86216154564708e-05,-0.00935728325967761,-0.00893537913303017,""
"chr10",80203379,80205026,1648,9,1.27289026816758e-05,3.12771228840865e-07,-0.00814004025328477,-0.0059548140369657,"ANXA11"
"chr8",48648660,48649606,947,3,1.27976924318144e-05,6.4387309269365e-05,-0.00885343464499356,-0.00537557688052009,"AC022915.2"
"chr8",9578059,9578112,54,2,1.28862110190295e-05,6.72507285540641e-05,-0.0055012469243147,-0.00529551641024386,"TNKS"
"chr2",176078941,176080394,1454,7,1.3059525299912e-05,0.00127197790033161,0.00869020202782869,0.00396283578908284,"EVX2"
"chr7",32427823,32428045,223,2,1.31517674190976e-05,0.000125781687936193,0.00571732477436869,0.00524609895908671,"AC018637.1, PDE1C"
"chr11",82732394,82732919,526,4,1.31691948831996e-05,4.80833591503025e-05,0.00885117431277317,0.0053374718046425,"FAM181B"
"chr14",102500544,102500556,13,2,1.33691576779068e-05,7.58026421765975e-05,-0.00765268595395415,-0.00708766961839734,"TECPR2"
"chr10",11149696,11150381,686,4,1.33996471988867e-05,8.29643800999779e-06,-0.00758161175414971,-0.00623646942985027,"CELF2"
"chr1",52553644,52555023,1380,6,1.3435706381314e-05,0.00369972088896105,0.00797584712071893,0.00416028253459369,"AL591167.1"
"chr10",3045931,3046310,380,2,1.34777212336674e-05,9.15637008167709e-05,-0.00714594261823773,-0.00502258745754813,"AL731533.3"
"chr5",74103311,74103876,566,5,1.34977049673495e-05,4.98756400502573e-05,-0.00923816116151398,-0.00531323807715619,""
"chr5",17436262,17436632,371,5,1.36595099144494e-05,0.0035611587210547,-0.00916994391854973,-0.00508087318986857,"LINC02217"
"chr1",204295944,204297032,1089,3,1.37240260075151e-05,9.23662415467922e-05,-0.00868201695319235,-0.00617875026519281,"PLEKHA6"
"chr7",155069859,155071060,1202,11,1.37646124701489e-05,0.000302412863928053,0.00742259582023649,0.00320327935585379,"HTR5A, HTR5A-AS1"
"chr6",1603297,1604462,1166,7,1.3768257347987e-05,0.000304488504399902,-0.00752934106844083,-0.005082996072236,"FOXCUT"
"chr4",165461509,165461962,454,2,1.3808868259084e-05,0.007779999951671,-0.00830292206427928,-0.00390336731087058,"CPE"
"chr5",179256833,179257657,825,5,1.38472650558105e-05,2.16369190891639e-05,-0.00833753533076692,-0.00685448798112137,"ADAMTS2"
"chr6",82364816,82365470,655,4,1.39972422702065e-05,0.00152676426813422,0.00681600754151601,0.00312996151533851,"TPBG"
"chr5",151924751,151925967,1217,14,1.41354480598861e-05,6.69898522919421e-06,0.00669230006539441,0.00231556746997853,"GLRA1"
"chr18",36153239,36153905,667,3,1.42458997820215e-05,0.000452879564394111,-0.00620873605294452,-0.00457253244994658,"ELP2"
"chr19",12775641,12776710,1070,9,1.43773505461705e-05,0.00549317552022231,0.00467118485862892,0.00150974703380472,"HOOK2"
"chr11",1336590,1337445,856,4,1.43773505461705e-05,0.000263120825894148,0.00999249759476365,0.00560215496872788,"AC136297.1"
"chr3",71065895,71066563,669,3,1.45222669874244e-05,6.94244876792861e-05,-0.00894652313761713,-0.00649712460600058,"FOXP1, AC097634.4"
"chr5",38445118,38446090,973,12,1.45852968379664e-05,8.34575071950754e-06,-0.00852251658272381,-0.00631821865875522,"EGFLAM"
"chr19",18232826,18233930,1105,7,1.458787979938e-05,0.00142363086266243,0.010375138408768,0.00371297870025837,"AC008397.2, PDE4C"
"chr1",224617585,224618671,1087,5,1.49103248147319e-05,0.000456695358162207,0.0107910584080068,0.00403917074898618,"CNIH3"
"chr9",130779846,130781470,1625,5,1.49147611798661e-05,0.00098527627017134,-0.00791511078372924,-0.00536054831141869,"ABL1"
"chr10",124048842,124048975,134,2,1.49476615109641e-05,9.70463117418224e-05,-0.0075872844015563,-0.00714463646348851,"CHST15"
"chr22",38214200,38214788,589,5,1.49915090674084e-05,6.46824080676358e-05,0.00979261499421403,0.00624716863012867,"MAFF, PLA2G6"
"chr12",116958573,116959198,626,3,1.50068492128027e-05,0.00114519376995574,-0.00799255645062565,-0.00512464941584471,"FBXW8"
"chr17",79220307,79220943,637,6,1.51996129711328e-05,7.25701836216971e-06,-0.00814334972396693,-0.00499793979202334,"RBFOX3"
"chr13",28099625,28100919,1295,7,1.52094429651587e-05,0.00549485591820238,0.00374396260920454,0.00109655979914356,"FLT3"
"chr17",39663297,39664262,966,6,1.52586550191758e-05,0.00243240057137634,-0.00726078252320817,-0.0037519695683226,"STARD3"
"chr5",95960036,95960798,763,5,1.52875103871778e-05,5.19438093616819e-05,0.0103010864072619,0.00574317996514859,"ELL2"
"chr19",46713510,46714774,1265,12,1.55113994827737e-05,1.54125292163955e-05,-0.00424581150366476,-0.00222560697157295,"PRKD2"
"chr6",139292008,139292319,312,3,1.56291665307234e-05,5.19438093616819e-05,-0.00718022787781719,-0.00630631008771383,"AL592429.2"
"chr1",4710616,4711622,1007,6,1.5663085224075e-05,0.000188708124605402,-0.00856195040892119,-0.00626427949018588,"AJAP1"
"chr2",236014187,236015115,929,5,1.57268403515334e-05,0.00013404682112376,-0.00757270393708617,-0.0049615592221351,"AGAP1"
"chr6",125818856,125819187,332,2,1.57618055478929e-05,0.00013659623002574,-0.00766116089761069,-0.00764927365167693,"NCOA7, NCOA7-AS1"
"chr13",26019916,26020345,430,2,1.58021508579214e-05,0.000100770945977746,-0.00984148383106303,-0.00766674186016877,"ATP8A2"
"chr2",240831623,240832827,1205,7,1.59170059932283e-05,5.01021144652222e-05,0.00391196195784698,0.00209658365651941,""
"chr14",28785474,28786189,716,8,1.59179943809175e-05,0.000104470469769671,0.00826067179541369,0.004402378490756,"AL049777.1, LINC01551, LINC02282"
"chr4",151098492,151099025,534,2,1.60663493190007e-05,0.0060588000035495,-0.00847879041830011,-0.0038103816510108,""
"chr5",154711871,154713700,1830,7,1.61242002576094e-05,3.54734842904991e-06,-0.00670661713588177,-0.00439428963621281,"LARP1"
"chr2",175462120,175462158,39,3,1.61538724383388e-05,0.00023758398744371,-0.00819829844271268,-0.00495328384908162,"AC093459.1"
"chr5",54646408,54647114,707,2,1.62115554610117e-05,0.000526651001578034,-0.0101494115091057,-0.00728268508914225,""
"chr11",70364510,70364516,7,2,1.63887540107512e-05,0.00013646621329483,-0.00723206316894266,-0.00665504548701607,"PPFIA1"
"chr4",154780756,154782018,1263,18,1.63900309776775e-05,0.000482433597072797,0.0063858547086706,0.00206229267944499,"RBM46, AC009567.1"
"chr17",79839817,79842235,2419,9,1.6434239735918e-05,7.42060685407503e-06,0.00768887893143483,0.00285428935019367,""
"chr2",170504089,170504816,728,3,1.64903665592932e-05,0.00185054217763676,0.00637514567359346,0.00356130426444466,"MYO3B"
"chr2",224039630,224040120,491,6,1.68277055059347e-05,1.65895038364512e-05,0.00701429571366817,0.00454562748040817,""
"chr1",17617861,17619158,1298,6,1.68463435942755e-05,0.00104103933409546,-0.00805492812362317,-0.00429985267161295,"ARHGEF10L"
"chr19",12825677,12826835,1159,6,1.68871673036217e-05,0.000842365060319639,0.00469206008770125,0.00185557262413742,"AC020934.1, HOOK2, RTBDN"
"chr14",101760079,101760448,370,5,1.69782373684632e-05,2.39075040415451e-05,0.00947513198144537,0.00386263342934168,""
"chr15",60003939,60005548,1610,13,1.71117745829188e-05,1.58128110612367e-05,0.00655532264059346,0.00260630717233676,"FOXB1"
"chr7",7535912,7537161,1250,6,1.72455355555669e-05,0.000964208661486341,-0.00761127793444254,-0.00400985757102919,""
"chr11",62541020,62542571,1552,6,1.76007776474872e-05,5.8024735168847e-06,-0.0079686091026503,-0.00542712569091452,"AP001363.1, AHNAK"
"chr1",92480630,92482031,1402,6,1.76060791104534e-05,0.000130569731595697,0.00849489726953703,0.00547106715237468,"GFI1"
"chr12",5493227,5494429,1203,12,1.76399008277616e-05,0.000494161286409406,-0.00717934647129714,-0.00318825665464462,"NTF3"
"chr15",80563116,80563243,128,5,1.76399008277616e-05,7.06496459216642e-06,-0.0081076647814079,-0.00766551083898759,"ARNT2"
"chr1",231335758,231337011,1254,8,1.76505783289226e-05,0.000198840091012694,0.00946377349423203,0.00403158183393494,"EXOC8"
"chr6",133240492,133241638,1147,31,1.77006398237855e-05,0.000643615693739666,0.00835936800623234,0.00192293941394933,"EYA4"
"chr17",80187164,80188146,983,9,1.77505964126664e-05,0.000125781687936193,-0.00890490961929143,-0.00425387631394347,"CARD14"
"chr3",129973993,129975174,1182,14,1.78613546774369e-05,5.82142407933514e-05,0.0100467909314666,0.00450563391485002,"TRH"
"chr1",165910845,165911363,519,4,1.78613546774369e-05,2.38677310325797e-05,-0.00866498724171998,-0.0071632639867401,"UCK2"
"chr20",59933021,59934187,1167,11,1.80205651493969e-05,0.000367034334528798,0.011217433805651,0.00391566240761284,"FAM217B, SYCP2"
"chr15",98901455,98901607,153,3,1.81062726541788e-05,8.28281411790926e-05,-0.00788495774947334,-0.00621135745583109,"IGF1R"
"chr10",5445822,5447222,1401,11,1.81192984290349e-05,4.29782629107336e-05,-0.00823042749301056,-0.00474036129626787,"NET1"
"chr3",149473208,149474348,1141,6,1.81853601858342e-05,0.000354649944255953,-0.00992963241368657,-0.00510627688725198,""
"chr19",1256529,1257348,820,4,1.82904571423742e-05,0.0003807536503195,0.00944285612945904,0.00548765632645448,"MIDN"
"chr6",144297079,144297868,790,2,1.85055815530983e-05,5.76386503392286e-05,-0.0104783350872103,-0.00812530323487403,"UTRN"
"chr19",19628598,19629572,975,8,1.8646785675831e-05,0.0131631088223812,0.0106271667406811,0.00385640821744363,"LPAR2, GMIP"
"chr12",121916806,121918946,2141,14,1.8649884111461e-05,1.06017107414537e-06,0.00820890706659449,0.00360953701955643,"PSMD9, AC069503.2, CFAP251"
"chr10",8048883,8049790,908,5,1.87695483487326e-05,0.192782913036173,0.0060570405181335,0.00200694053953854,"GATA3"
"chr10",114359448,114359530,83,2,1.88784279325785e-05,9.05101736561275e-05,-0.00805013286044691,-0.00780033737923396,"AFAP1L2"
"chr8",143552185,143553943,1759,15,1.88851606605288e-05,4.25384565832667e-07,0.00547233127381766,-0.000617222618189854,"GSDMD"
"chr14",37599547,37602763,3217,18,1.89420724636686e-05,4.81634944317075e-07,0.00866287979464351,0.0026673045388169,"TTC6"
"chr8",23286671,23287947,1277,7,1.92166259310446e-05,0.00083144378458065,-0.00735722672354842,-0.000720735651618887,"R3HCC1"
"chr7",75638312,75638964,653,2,1.92338563375979e-05,0.00508601801408564,0.00819874889838718,0.00403925442559074,"HIP1"
"chr9",114503718,114504962,1245,8,1.93550034727244e-05,0.000944968587487928,0.00971619763155683,0.00358190658732182,"WHRN"
"chr19",38949822,38950565,744,6,1.93776964617625e-05,7.60919749971607e-06,0.00712636683529989,0.00466787820504437,"AC011455.2, FBXO17"
"chr6",93886202,93886707,506,5,1.94189196090287e-05,1.00016499128248e-05,-0.00769761674953171,-0.0062385020202776,""
"chr4",48129856,48129879,24,2,1.94236215175827e-05,9.06635043641794e-05,-0.0107964221348037,-0.00867402066454099,"TXK"
"chr20",3749574,3752273,2700,8,1.94328172977605e-05,1.26043108092537e-06,0.0103601194741581,0.00584099608475665,"HSPA12B"
"chr15",80450423,80450984,562,3,1.94842081182814e-05,5.44357837742509e-05,-0.0074669781906897,-0.00632941730217462,"ARNT2"
"chr19",6502290,6502927,638,11,1.96959920993309e-05,0.00282157436181462,0.00562027602830217,0.00236787414635526,"TUBB4A"
"chr11",119167999,119169092,1094,12,1.97355063036741e-05,4.87266416989516e-06,-0.00684024842825457,-0.00301455107955469,"NLRX1"
"chr2",108587045,108588389,1345,7,1.97840130465738e-05,0.000236929785833956,-0.00796224201893133,-0.00411164778227091,"LIMS1"
"chr6",31762127,31763523,1397,7,2.00281166701503e-05,9.19966935345229e-05,-0.00640093598355398,-0.0041076310358196,"MSH5, MSH5-SAPCD1, SAPCD1"
"chr6",105993566,105995306,1741,12,2.02151683327399e-05,7.66220881365993e-07,0.00660951265158856,0.00353535615536214,"PRDM1"
"chr4",76948111,76948894,784,4,2.02491878210354e-05,0.00281242533520523,0.00655516279986505,0.00350864277785118,""
"chr1",2050995,2051594,600,5,2.05196129513169e-05,1.31221008978213e-05,0.00843378905209944,0.00608001325987099,"PRKCZ"
"chr19",46015651,46016608,958,5,2.05688961030844e-05,0.000348576598312844,0.00721322003364624,0.00365434171625123,"CCDC61"
"chr6",89117925,89118736,812,6,2.06236142755921e-05,0.000471215636462785,0.00769266863055032,0.00316587382351033,"SRSF12"
"chr5",180208979,180209686,708,6,2.06362285309856e-05,0.00225956664316615,0.00326120399094669,0.00101009412639269,"RASGEF1C"
"chr3",51706606,51707457,852,8,2.06997065032252e-05,1.57202935514699e-05,0.00421514842899968,0.00227924905978867,"GRM2"
"chr20",36472708,36473038,331,3,2.07113057269596e-05,9.93448114751195e-05,-0.0076402817181654,-0.00636753810968688,"DLGAP4"
"chr16",30740474,30740888,415,3,2.09778096604377e-05,7.36703404315263e-05,-0.00805276687152937,-0.00553786305046903,"SRCAP, AC106886.5, TMEM265, AC106886.2"
"chr3",126608594,126608629,36,3,2.10028064048956e-05,6.98523270949761e-05,-0.00456620679223555,-0.00400517767993985,"TXNRD3"
"chr15",79282334,79282992,659,8,2.11604026721692e-05,0.00232567968342322,0.00780245467274445,0.00213540287234118,"ANKRD34C-AS1"
"chr10",103276738,103278039,1302,13,2.12628178111707e-05,0.000180560882591124,0.00558644182522825,0.00255287775172808,"INA, NT5C2"
"chr17",76073626,76074617,992,6,2.13344517835157e-05,0.000217940043669224,0.00507741259630124,0.0028335351282533,"ZACN"
"chr3",71579493,71580671,1179,4,2.15193267904805e-05,9.31178520016386e-06,-0.00819222190455501,-0.00766117281081451,"FOXP1, AC097634.4"
"chr10",129958223,129960522,2300,14,2.17995762186899e-05,4.89698984753418e-05,0.0081579192254042,0.00398787734300261,"EBF3"
"chr11",66642996,66644515,1520,8,2.19232474860472e-05,7.25701836216971e-06,0.00816492780452111,0.00543957077443149,"RBM14-RBM4, RBM4"
"chr15",76012190,76013251,1062,10,2.19389621256118e-05,0.000154996759226505,-0.00692671367286825,-0.00271385064108517,"NRG4"
"chr7",155509647,155510748,1102,7,2.2093885334559e-05,0.00661295681112626,0.00702487996292177,0.00274377476281764,"AC008060.2, CNPY1, AC009403.2"
"chr1",27626154,27627252,1099,6,2.23025738585638e-05,1.01151678967569e-05,-0.00622775886350687,-0.0047452420245229,"FGR"
"chr1",19979613,19980789,1177,9,2.27057875503823e-05,0.000492352064308995,-0.00692859420878121,-0.00280186004961276,"PLA2G2A"
"chr17",83182349,83182893,545,4,2.2773621997406e-05,0.00138204556575746,-0.00860939746473262,-0.00454534842234106,"AC139099.2"
"chr10",125156425,125157590,1166,4,2.28121976071596e-05,1.03300567576539e-05,-0.00774405112088307,-0.0065263559751159,"CTBP2"
"chr21",33301399,33302981,1583,4,2.28804854627418e-05,0.000224814281266333,-0.00646581203365783,-0.00382751854935372,"IL10RB"
"chr1",112672949,112673760,812,4,2.29715602463744e-05,0.00253239963410812,-0.00560680049513097,-0.00363574993965252,"MOV10"
"chr12",128381627,128382190,564,5,2.30112659364981e-05,2.89999849081892e-05,0.00854979437518887,0.00639946586295646,"TMEM132C"
"chr1",226222697,226224117,1421,10,2.31524058959357e-05,0.00403791608831768,0.0110949869508297,0.00357312655889641,"MIXL1"
"chr8",141284722,141285924,1203,6,2.32646777508121e-05,3.68879697846642e-06,-0.00818817106096293,-0.00473120797578111,"AC011676.3, SLC45A4"
"chr21",46188801,46189039,239,2,2.32943484762851e-05,0.000186202056344137,-0.00856550014613795,-0.00803355086994353,"AP001468.1, LSS"
"chr11",20162582,20163836,1255,11,2.34199098376386e-05,0.000389255850881748,0.00807205568959082,0.00344289831203348,""
"chr2",241557962,241558934,973,10,2.4468189465029e-05,0.000125563230492618,0.00660556673244114,0.0034035718707454,"BOK, BOK-AS1"
"chr7",102912564,102913171,608,8,2.53024992783613e-05,2.57058502367015e-05,-0.00753599980072966,-0.00416996688786282,"LRRC17, FBXL13"
"chr20",25055961,25056035,75,2,2.5389399372703e-05,0.000110790713420198,-0.00845817989204736,-0.00708154142018333,"ACSS1"
"chr2",162092082,162092360,279,3,2.54128929569421e-05,0.000786965885408422,-0.00716401836745295,-0.00510754169782567,"AC008063.1"
"chr18",904389,906019,1631,19,2.5460016795617e-05,3.06814500175265e-05,0.00756172221154353,0.00195256122676955,"ADCYAP1, AP000894.3, AP000894.2"
"chr3",143171276,143171471,196,2,2.56583256154967e-05,0.000342111508172424,-0.0101366491222629,-0.00698480610491869,""
"chr3",11604314,11605016,703,4,2.57481753361951e-05,0.00573674592754238,-0.00639725191113833,-0.00326524465935992,"VGLL4"
"chr14",24368358,24369787,1430,13,2.61485540675709e-05,0.000911140487176894,0.00483648933512397,0.00153860179305547,"NFATC4"
"chr2",238231391,238231728,338,8,2.62692235689821e-05,4.02317759108062e-05,0.0102854489633518,0.00597242091979788,"AC012485.1, LINC02610"
"chr10",24457174,24458025,852,3,2.63799210706571e-05,6.04549207652024e-05,-0.00662835192250813,-0.00353681738320749,"KIAA1217"
"chr12",78863615,78864658,1044,13,2.66181242010794e-05,9.58117633287868e-05,0.0043622638083284,0.00122689567420301,"SYT1"
"chr5",501748,502456,709,6,2.71682203862083e-05,0.00017497745677029,-0.00871231970613198,-0.00536844280430663,"SLC9A3"
"chr5",91279324,91279642,319,5,2.75247145422782e-05,2.18787086111721e-05,0.00915200063386205,0.00623720608294075,"LUCAT1"
"chr8",11707717,11710847,3131,19,2.76317534351056e-05,6.14188863388179e-05,0.00883971523971766,0.00274193902665273,"GATA4"
"chr2",189178811,189180257,1447,8,2.77581032863382e-05,1.14572864119159e-06,-0.00823773594675814,-0.00575377986231274,"COL5A2"
"chr16",69647062,69647553,492,3,2.79793898592661e-05,2.95930398232738e-05,-0.00767716245750416,-0.00516256280467749,"NFAT5"
"chr1",50047494,50048788,1295,11,2.8047755606889e-05,0.000462847308512411,0.00708495662099114,0.00313253580003315,"ELAVL4"
"chr12",95533007,95533769,763,2,2.83075606807573e-05,0.00145960441819916,-0.00873887307228383,-0.00342052748068785,"USP44"
"chr19",49889997,49891041,1045,4,2.85904001642828e-05,0.000456595511995202,0.0105781430749856,0.00564741679385147,"IL4I1"
"chr6",32197024,32198429,1406,13,2.87893360286797e-05,8.06114107792383e-07,0.00777068387742234,0.00160048832949949,"NOTCH4"
"chr19",48836519,48837508,990,7,2.88072937793176e-05,1.7304470716485e-05,0.00690534866094589,0.00472825522287091,"PLEKHA4"
"chr2",27123428,27124070,643,10,2.93594694206164e-05,0.00513401342100876,0.00697834861511118,0.00173812410696396,"ABHD1"
"chr9",87120357,87121047,691,3,2.97308878954007e-05,3.48906988759045e-05,-0.00783559889386501,-0.00632277185100496,""
"chr13",73521221,73521425,205,2,2.9818457886415e-05,0.000108105333148775,-0.00858230244753969,-0.00809836558698246,"LINC00393"
"chr9",128733028,128733711,684,12,3.00504712854535e-05,0.000464849903100555,0.00659054996651602,0.00272964405232213,"AL441992.1, ZER1"
"chr13",23569551,23570846,1296,8,3.06113040565913e-05,8.17442068932421e-05,0.00502719122585987,0.00277769300949399,"TNFRSF19"
"chr12",130429503,130429799,297,4,3.07886182747714e-05,5.06560204988877e-05,-0.00895733492477455,-0.00738234478970255,"AC063926.3, RIMBP2"
"chr12",124936176,124936368,193,3,3.09766645629125e-05,0.00261643520376397,-0.00623009712020467,-0.00383988575292591,""
"chr4",26048694,26048903,210,3,3.11487529206268e-05,3.47843420936617e-05,-0.00782911931645572,-0.00750621059904603,""
"chr5",132011022,132012753,1732,20,3.15591393864037e-05,1.26224877025411e-06,0.00767526955104093,0.00169927746852107,"AC034228.1, AC034228.3, ACSL6"
"chr17",42107246,42108530,1285,8,3.15776969779193e-05,0.000171182049320552,0.0102658398609784,0.00501801188703066,"DHX58"
"chr4",183636701,183636975,275,2,3.17491410699833e-05,0.000168589150631699,-0.00995274710673813,-0.00912327627923792,""
"chr19",40600249,40601667,1419,12,3.19959272535245e-05,1.85157979931801e-06,-0.00507476159794763,-0.00171184020835169,"LTBP4"
"chr2",73268711,73269949,1239,8,3.21743091221729e-05,1.14572864119159e-06,0.00983461469317205,0.00656035774820571,"FBXO41"
"chr12",46386301,46389054,2754,9,3.22284037567567e-05,7.87780595275079e-07,-0.00910472478103337,-0.00456128708565366,"AC008014.1, AC025031.4, AC025031.1"
"chr10",49395566,49396523,958,11,3.23988026513059e-05,5.21321364581756e-05,0.00634637560534832,0.00326519963387929,"DRGX"
"chr9",16681186,16681937,752,3,3.24476398035904e-05,8.11142677720025e-05,-0.00812770184475861,-0.00655789480537854,"BNC2"
"chr19",2424795,2425478,684,3,3.27480113640091e-05,0.00118402750477638,0.00769047880740404,0.00570028040246616,"TMPRSS9"
"chr13",23432572,23433970,1399,7,3.28392560425136e-05,2.74214452695159e-05,0.00779982734480657,0.00473304112853798,"SACS"
"chr6",159168451,159170089,1639,7,3.3126331311987e-05,8.34575071950754e-06,0.00978599034245002,0.00515731030093312,"FNDC1, AL356417.2"
"chr7",100582955,100584462,1508,5,3.33763131317471e-05,4.43989934265383e-05,-0.00819464519764842,-0.00496802973480168,"FBXO24, LRCH4"
"chr3",188266354,188267089,736,3,3.33864867383529e-05,5.95090529234101e-05,-0.00905178306030485,-0.00799058527277386,"LPP"
"chr1",228158480,228158646,167,4,3.35511961278006e-05,2.43810447802022e-05,0.0105229283922718,0.00939828018037481,"GJC2"
"chr15",96324765,96325991,1227,9,3.41178748752231e-05,5.04481463952783e-05,-0.0088858503036217,-0.00376536250646771,"NR2F2, NR2F2-AS1"
"chr20",49982097,49983666,1570,10,3.41228644759502e-05,0.000131263612123176,0.00694476889440747,0.00361985123059408,"SNAI1"
"chr18",48618307,48618898,592,2,3.41228644759502e-05,0.00322608033827653,-0.00701836428989161,-0.00374844425698185,"CTIF"
"chr5",89314688,89315176,489,2,3.41283128450231e-05,0.000110790713420198,-0.00690811751925899,-0.00682875869199184,"MEF2C-AS1"
"chr5",147645279,147645396,118,3,3.43290540124016e-05,5.01219779412834e-05,-0.0081475890921885,-0.0074650489229357,"JAKMIP2-AS1, JAKMIP2"
"chr10",133357142,133358527,1386,10,3.43373093274364e-05,0.00247244288883339,0.00628366681544615,0.00248013635024443,"FUOM"
"chr11",19982796,19983459,664,2,3.44834897009009e-05,0.0101387065472911,-0.00615216275070048,-0.00316619850986141,"NAV2"
"chr1",220828283,220829316,1034,5,3.53096025548082e-05,0.000515620064823604,-0.00722129071100157,-0.00468274459509095,"AL445423.3, LINC01352, AL445423.1"
"chr12",118980817,118981981,1165,13,3.53522809516678e-05,1.0050462540383e-05,0.00375899079842151,0.00156473475891458,"SRRM4"
"chr3",53846349,53847243,895,10,3.55248541435752e-05,0.109567201742445,0.0077213571616924,0.00126541031468087,"IL17RB, CHDH"
"chr8",118415360,118415981,622,3,3.57601306789043e-05,9.73433614377092e-05,-0.00685079610796272,-0.00605300295774195,"SAMD12"
"chr1",8192592,8192730,139,3,3.58279994514426e-05,0.00662496370353957,-0.00489723681760272,-0.00282595419042231,"AL358876.1"
"chr7",771321,772149,829,7,3.60146538197164e-05,7.82846064701826e-06,-0.00841105329776997,-0.00658140757462203,"DNAAF5"
"chr2",152466309,152467384,1076,3,3.61330035448801e-05,7.60196364026929e-05,-0.00961729676370541,-0.0071538818070341,"FMNL2"
"chr5",1875434,1876283,850,8,3.61664008771922e-05,0.00146124415157445,0.00633829494854012,0.00314142954542913,""
"chr15",98906506,98907560,1055,4,3.64273276198006e-05,5.66413045853811e-05,-0.00688296519820473,-0.00408168502279666,"IGF1R"
"chr9",16417410,16417913,504,2,3.64312291984506e-05,0.000336466950951288,-0.00918323425011179,-0.00726192731449398,"BNC2"
"chr18",57746030,57746056,27,2,3.68220548528129e-05,0.000103721709531553,-0.00592595532826848,-0.00566218761881936,"ATP8B1"
"chr4",52862756,52863294,539,4,3.70355585515908e-05,6.16364331388938e-05,0.00781919790887732,0.00608811454756817,"LINC01618, RASL11B"
"chr9",5830879,5830958,80,2,3.72740402502606e-05,0.000235114164482096,-0.00700631395058789,-0.00601745368520132,"ERMP1"
"chr20",10751768,10751850,83,2,3.73240125546074e-05,0.000122586099431938,-0.00611121212440795,-0.00595426422909668,"AL050403.2, LINC01752"
"chr4",187066052,187066139,88,2,3.76838357191618e-05,0.000122042192370895,-0.00814027699619936,-0.00779424347916217,""
"chr21",42403495,42404153,659,10,3.78337679650491e-05,0.000226085934067974,-0.00575781981219467,-0.00323946402083153,"UBASH3A"
"chr17",64442440,64443278,839,3,3.79651209309476e-05,0.000154996759226505,-0.00766379081213914,-0.00542237364105038,""
"chr20",609599,611130,1532,8,3.80316732300557e-05,5.19995784082597e-05,0.00585289929623755,0.00393999165818794,"TCF15"
"chr11",79025709,79026409,701,2,3.80815602006556e-05,0.00126928742316165,-0.0071487341174336,-0.00584155979029216,"TENM4"
"chr3",193980147,193980629,483,5,3.81461819346441e-05,0.000149178830900435,-0.00814819532074377,-0.00555902215388758,"AC024559.1, LINC02026"
"chr10",122850848,122851484,637,5,3.81461819346441e-05,0.000268599454914123,-0.00742114156460975,-0.00434080059210884,"AC073585.1, FAM24B"
"chr17",58755190,58756064,875,14,3.82543331381531e-05,0.0032041557947582,0.00514961082291147,0.00156938381759948,"PPM1E"
"chr6",1600994,1601902,909,6,3.84420217168188e-05,5.79412186517682e-05,-0.00538932994808767,-0.00420287648442194,"FOXCUT"
"chr2",74374304,74375463,1160,8,3.88294469697905e-05,8.95882131662581e-05,0.00896008597821219,0.00516712918059901,"DCTN1"
"chr2",130964701,130965149,449,3,3.88294469697905e-05,0.00372831139723519,0.0106338492328833,0.00548402902012369,"ARHGEF4"
"chr10",109957498,109957650,153,2,3.89654256622866e-05,0.000117082495217673,-0.0084773959604495,-0.00805846791889725,"ADD3-AS1"
"chr12",53049273,53050178,906,8,3.94930589115709e-05,3.21338585361035e-06,-0.00784288696196043,-0.00492830411702962,"TNS2, AC068888.1"
"chr10",58665755,58665973,219,2,3.94930589115709e-05,0.000148445901208508,-0.00875248333225493,-0.00777885555822755,"BICC1"
"chr11",76129538,76132359,2822,15,3.95369208140454e-05,5.77853069396045e-07,-0.00786081862718651,-0.00399974607519553,"UVRAG"
"chr17",2262107,2262137,31,2,3.96456073239993e-05,0.000122949565014211,-0.00742137856085069,-0.00684515206068157,"SMG6"
"chr11",637885,639423,1539,7,3.98833988142559e-05,1.10797955886705e-05,0.00738920878857175,0.00551772212174414,"DRD4"
"chr7",100176163,100178239,2077,16,4.03307480243609e-05,0.00156798151576976,0.0102935867713927,0.00334691350679718,"STAG3, GPC2"
"chr7",37354956,37355102,147,4,4.03544985618218e-05,2.04252776007752e-05,-0.00882376054900565,-0.00819853657603881,"ELMO1"
"chr2",86035518,86037265,1748,8,4.04142816225027e-05,5.28046383651976e-06,-0.00602568443479243,-0.00335882852922983,"POLR1A"
"chr17",20091793,20092696,904,3,4.08251899054166e-05,2.09491842949241e-05,-0.0080216421123395,-0.0067776532422847,"SPECC1"
"chr12",69497573,69498412,840,3,4.09260033364644e-05,0.000505673243571024,-0.00934799657118864,-0.00323773644862039,"FRS2"
"chr7",155643583,155643818,236,4,4.09580865878364e-05,0.003004836056846,0.00737921011870799,0.00293951016812355,"AC009403.2, AC009403.1"
"chr11",12824543,12824854,312,2,4.09628518700653e-05,0.000148331258315424,-0.00862704555099239,-0.00842908202659267,"TEAD1"
"chr8",11346373,11347032,660,5,4.11735404426792e-05,0.00131714622045144,0.00564303486609465,0.00361542227502974,"TDH, AF131216.3"
"chr7",55056809,55057326,518,3,4.12049494043714e-05,5.00929033837541e-05,-0.00801414171809291,-0.00742037276675939,"EGFR"
"chr8",72536155,72536892,738,5,4.12814888082119e-05,0.000488961866544502,0.00644460155074683,0.00442403401503227,""
"chr4",174828958,174829850,893,13,4.13094671262907e-05,0.000131033252213395,0.00467228021801004,0.00174487019825895,"ADAM29, GLRA3"
"chr1",115089309,115090106,798,12,4.17859288921804e-05,2.4282337762281e-05,0.0054628622499884,0.00267222468353146,"TSPAN2"
"chr17",2236802,2238205,1404,8,4.18123770214507e-05,6.27206604893454e-06,-0.00720393957777235,-0.00452942880569284,"SMG6"
"chr6",142918481,142918528,48,3,4.20665190131459e-05,6.01060533606815e-05,-0.00750179385092637,-0.00680652047172594,"HIVEP2"
"chr1",207644658,207645548,891,8,4.21318255110885e-05,1.85306765465808e-05,0.00929335723996768,0.00379962180809595,"CR1L, CD46P1"
"chr12",96223999,96224920,922,4,4.25195566644332e-05,2.34810944212293e-05,-0.0074484450977987,-0.00395966097058837,"ELK3"
"chr11",114236889,114237174,286,3,4.26202604745254e-05,5.04481463952783e-05,-0.00748790610929183,-0.00652914499872061,"ZBTB16, AP002518.2"
"chr11",536299,537737,1439,15,4.31220900499275e-05,2.57058502367015e-05,0.009653132890561,0.00333235923642002,"LRRC56, HRAS"
"chr13",100533346,100534283,938,8,4.36548283073732e-05,0.000306967311454263,-0.00518311781382876,-0.00180331018965911,"GGACT"
"chr16",75086988,75087773,786,4,4.37315144761506e-05,2.5630490802327e-05,-0.00878231686186256,-0.00688778982542593,"ZNRF1"
"chr7",151745265,151745881,617,4,4.37956808256144e-05,8.00396286538305e-05,-0.00899122616861507,-0.00669681671766101,"PRKAG2"
"chr8",101460280,101460930,651,2,4.39667474237905e-05,0.00037075577728829,-0.0082735441943688,-0.00765775772925432,""
"chr2",106138507,106139854,1348,7,4.39907042424529e-05,5.6208892479848e-06,-0.00728999789368622,-0.00496236326000236,"UXS1"
"chr10",23191261,23193326,2066,12,4.40710588736124e-05,7.25701836216971e-06,0.00699476022602231,0.0024331182361105,"PTF1A"
"chr22",31104411,31105396,986,4,4.43366907740316e-05,5.57853640218574e-05,0.00393426034192299,0.00289480007910886,"SMTN, SELENOM"
"chr15",80903246,80904097,852,6,4.44449919489006e-05,0.000105842254370746,-0.00559718682765132,-0.00236334690478657,"CEMIP, AC027808.1, AC027808.2"
"chr14",34078145,34078321,177,2,4.46047262307522e-05,0.000122586099431938,-0.00747089005401022,-0.00705628113933194,"EGLN3"
"chr12",121672181,121673274,1094,8,4.46915985700839e-05,0.000143906026106163,0.00721453881500312,0.00443123572282709,"MORN3"
"chr17",27800412,27800817,406,6,4.51616418971469e-05,3.70856487209757e-05,-0.00764383106179017,-0.00429948987792114,"NOS2, AC005697.1"
"chr4",2811629,2812395,767,7,4.56725363663542e-05,0.00317788278342615,-0.00759584120914047,-0.00378551347165549,"SH3BP2"
"chr17",48577802,48578731,930,16,4.59733521563493e-05,4.98752880208589e-06,0.00535116302099248,0.00283833114050664,"HOXB-AS3, HOXB3, HOXB4"
"chr19",46300655,46301271,617,4,4.59785281584314e-05,6.33856667553026e-05,-0.00655580928720114,-0.00557846529928318,"HIF3A"
"chr2",98822440,98823534,1095,5,4.65014899915807e-05,0.00035390861466825,0.00819361590672654,0.00497522902291625,"CRACDL"
"chr17",78735803,78736823,1021,3,4.67157491549928e-05,4.56291685610119e-05,-0.0128135246335109,-0.00988191257041927,"CYTH1"
"chr5",134506357,134506455,99,3,4.67322654919927e-05,5.25503568775177e-05,-0.0082963511465731,-0.00673541736162028,""
"chr11",57751810,57752187,378,8,4.68871689153858e-05,0.000206121458810365,0.00770605321621699,0.00269978445188387,"AP001931.2, AP001931.1"
"chr5",76082965,76085245,2281,19,4.72202978757894e-05,4.12206506952049e-05,0.00742253725653574,0.00189646222556665,"SV2C, AC026774.1"
"chr10",80458621,80459654,1034,5,4.77894341453641e-05,9.22744902536903e-05,-0.00954874028700013,-0.00573422199867152,"TSPAN14"
"chr19",46303413,46304403,991,8,4.79852529488673e-05,0.000171182049320552,0.00605713835316737,0.00262277211700042,"HIF3A"
"chr11",112164078,112164956,879,8,4.79938719048283e-05,0.000523255118821441,-0.00910561161693999,-0.00491956463465839,"AP002884.2, IL18"
"chr22",31230498,31231471,974,4,4.8245973259442e-05,0.000757316028517197,-0.00945340374034808,-0.00543768276959016,"LIMK2"
"chr3",139548928,139549119,192,3,4.82480483508331e-05,4.40481232225402e-05,-0.00735541297414588,-0.00648152553324939,"AC046134.2"
"chr14",45087447,45087477,31,2,4.82480483508331e-05,0.000643615693739666,0.007840358687415,0.00508883909830287,"PRPF39"
"chr22",45785075,45785512,438,2,4.84084850430898e-05,0.00315090014565063,-0.00590996723821783,-0.00405840461558343,"ATXN10"
"chr7",143885215,143886106,892,11,4.86837746596414e-05,6.07046120425133e-05,-0.00784636309158968,-0.00343220887591855,"TCAF1"
"chr13",36431970,36432611,642,9,4.89591456161716e-05,0.000307736423186224,0.00699878871651448,0.00259579940451485,"CCNA1"
"chr17",83091206,83092947,1742,8,4.90725786477872e-05,2.54362184986014e-06,-0.00725422503573143,-0.00460436073879959,"METRNL"
"chr7",112069167,112069173,7,2,4.93096308166938e-05,0.000165489774167916,-0.00728177310472641,-0.00682762512979706,"DOCK4"
"chr7",91239270,91239643,374,2,4.94112188988648e-05,0.000174549077243514,-0.0083583382099294,-0.00762430288270496,""
"chr4",80201160,80202459,1300,7,4.97673085889077e-05,1.05391254964005e-05,0.0094513329020972,0.00684782010998152,"PRDM8"
"chr6",79947695,79948313,619,10,5.01480863096278e-05,0.000199010746005241,0.00274151378275767,0.00122550507985898,"AL133475.1"
"chr2",238138238,238139431,1194,8,5.02748337098017e-05,0.00134612591994707,-0.00791660152827804,-0.00200034844144972,"KLHL30"
"chr6",143697050,143697427,378,2,5.06008813224532e-05,0.000139965546239685,-0.00681404743876302,-0.00647601369121703,"PHACTR2"
"chr7",45203441,45204146,706,4,5.07920587750533e-05,9.71449054494004e-05,-0.00694226429572427,-0.00448250332879061,""
"chr12",120224412,120226561,2150,9,5.08420119795477e-05,4.95947327439279e-07,-0.00748353739964563,-0.00459988526064705,"AC004263.1, PXN"
"chr6",132085476,132085845,370,2,5.08603428817713e-05,0.000227812782617459,-0.00771374076938075,-0.00709840386046998,"AL021408.1"
"chr12",89212475,89213185,711,3,5.09875917272027e-05,0.000354839235377205,-0.00921291299075567,-0.00612043401657745,"LINC02458"
"chr16",89009443,89010216,774,3,5.09875917272027e-05,6.68316705768462e-05,0.00517819659547266,0.00476856640965223,""
"chr13",42273921,42274231,311,2,5.09875917272027e-05,0.000299051275593716,-0.00784520907083783,-0.00776313455414045,"AKAP11"
"chr5",14410143,14410543,401,4,5.11666642192977e-05,3.70856487209757e-05,-0.00700106482693397,-0.00505283059516665,"TRIO"
"chr13",106859073,106859788,716,4,5.12056946121923e-05,3.93423379319263e-05,-0.00767955432492643,-0.00639498589612733,""
"chr7",16804072,16805596,1525,8,5.12582452096619e-05,0.000236929785833956,-0.00684330417345176,-0.00370349391002268,"AGR2"
"chr12",109832796,109833636,841,9,5.15894644348838e-05,0.000223239242879519,-0.00597402615248573,-0.00225934553845828,"MIR4497, TRPV4"
"chr11",20022425,20023093,669,8,5.16207365608972e-05,0.000687994012371118,-0.00773176253554936,-0.00435733107679802,"NAV2"
"chr10",77183643,77183876,234,3,5.22380873121646e-05,6.49860350427532e-05,-0.00639902131656235,-0.00609820311724304,"KCNMA1"
"chr8",11703774,11705176,1403,14,5.24626980366492e-05,0.00588352761801569,0.00730015514947721,0.00165087631113232,"GATA4"
"chr6",156949047,156950040,994,4,5.27340190481311e-05,0.0038054202081411,-0.00734102890226006,-0.0041132081433447,"ARID1B"
"chr5",151676089,151676778,690,3,5.39094908949357e-05,5.01021144652222e-05,-0.00878655563396839,-0.00679398098420736,"SPARC"
"chr3",151085041,151085520,480,5,5.41194967469223e-05,0.000759182311285956,0.00671441698382604,0.00311412603139183,""
"chr4",13543667,13545049,1383,13,5.45171030793824e-05,0.000102033092597072,0.00707693919636935,0.00229361430565802,"NKX3-2"
"chr8",1816712,1817960,1249,13,5.47480607018868e-05,2.43810447802022e-05,-0.00799689679122434,-0.00563329239089265,"AC019257.8, MIR596, AC100810.7"
"chr7",98616084,98617830,1747,7,5.52479138564524e-05,0.000194075447576275,0.00859521188991211,0.00369762391151649,"NPTX2"
"chr14",89724701,89724795,95,2,5.57271271197654e-05,0.000139965546239685,-0.00836360936068494,-0.00735354782497866,"AL137230.2"
"chr5",122078939,122079328,390,2,5.58321361184058e-05,0.000504327028509451,-0.00738212012368948,-0.00732096247240906,""
"chr20",11849636,11850395,760,5,5.63396999513125e-05,0.00031748766660315,-0.00775643026573614,-0.00347176399161753,"LINC00687"
"chr14",71336526,71337143,618,4,5.63396999513125e-05,0.000726484058940498,-0.00689912697778299,-0.00356905978906949,"SIPA1L1"
"chr2",160550698,160551363,666,3,5.69893632090038e-05,0.000151533201002134,-0.0073834468701166,-0.00517902642044409,""
"chr14",33949050,33949596,547,4,5.71605202436876e-05,0.000139156935229317,-0.0075342892820924,-0.0058944459400015,"EGLN3"
"chr5",3595793,3596882,1090,6,5.72907077724065e-05,1.31221008978213e-05,0.0087162082496549,0.00559531878982347,"IRX1, AC016595.1"
"chr4",184288488,184288595,108,2,5.74630239110945e-05,0.00015057471158784,-0.0067495114033115,-0.00636222271895514,""
"chr17",68542573,68543214,642,3,5.74676111059119e-05,7.29285503193966e-05,-0.00873760564241551,-0.00766209576650322,"PRKAR1A, FAM20A"
"chr17",28381207,28381754,548,3,5.75076487189488e-05,4.95889365485632e-05,0.010765916991698,0.00934221639808851,"AC002094.1, SARM1"
"chr6",43437048,43437090,43,2,5.75510492078198e-05,0.000159851425280536,-0.00750088762042607,-0.00705189860433616,"ABCC10"
"chr2",63049048,63050965,1918,36,5.76062327863012e-05,2.04721395789658e-08,0.00772905265021928,0.00308837468222578,"OTX1"
"chr8",38777902,38778449,548,2,5.77697277218956e-05,0.000176794708154967,-0.00875229687992156,-0.00756672101828919,"TACC1"
"chr10",2985953,2986616,664,3,5.78580366115693e-05,4.82370277439827e-05,-0.0086224246839641,-0.00628416018658491,""
"chr20",54340345,54340807,463,2,5.79248833850675e-05,0.000138416888929076,-0.00776647652590799,-0.00766582419950844,""
"chr2",216658979,216659708,730,5,5.81070160921052e-05,4.18949888458314e-05,-0.00827449357178678,-0.00670103263816393,"IGFBP2"
"chr22",45201067,45201886,820,9,5.82696706090676e-05,9.12458872404991e-06,-0.00461828199592485,-0.00327494472739782,"KIAA0930"
"chr10",13049949,13050035,87,2,5.83943532272924e-05,0.000142877426488976,-0.00783578684796155,-0.00757570200891116,"CCDC3"
"chr11",93330136,93331068,933,9,5.84870591424864e-05,0.00016066468698542,0.00556029599118887,0.00283985353141816,"DEUP1"
"chr15",43493166,43494417,1252,11,5.85741607041478e-05,0.00391242256867572,0.00808610671350679,0.0014815453713153,"TP53BP1"
"chr21",34524695,34527287,2593,18,5.8740944492163e-05,2.89604622911485e-07,-0.00835735803679295,-0.00431498711799272,"RCAN1"
"chr5",56078687,56079073,387,2,5.92527176519884e-05,0.000244847997757769,-0.00771835590885638,-0.00749440278899442,"AC008892.1"
"chr6",135850372,135851088,717,4,5.95351897653034e-05,0.000737008026785895,-0.00643868371788277,-0.00435387327081071,""
"chr20",64163055,64165355,2301,15,5.98283108757518e-05,1.22063116402072e-07,0.00753586147150679,0.00561231159045308,"MYT1"
"chr22",29480217,29481296,1080,3,6.01089146209989e-05,0.00233850157432845,0.00800859514584277,0.00351324437192219,"NEFH, AC000035.1"
"chr12",6363525,6364477,953,8,6.02230593790802e-05,0.00455255424158935,-0.00742454608197326,-0.00289011850178898,"SCNN1A"
"chr13",37106365,37107118,754,5,6.02230593790802e-05,0.000111015036187469,-0.00403329141411669,-0.00269352080829763,""
"chr12",67827493,67828325,833,3,6.04685145989276e-05,3.47843420936617e-05,-0.0101073652830016,-0.00725110682034,""
"chr10",71713478,71714036,559,3,6.07162211855739e-05,0.000238742330210411,-0.00977865078604582,-0.00582316401750674,"CDH23, C10orf105"
"chr17",75086583,75088883,2301,20,6.07356125142253e-05,4.28619745189972e-06,-0.00694156015406577,-0.00329984999875578,"SLC16A5"
"chr1",19446120,19446336,217,3,6.11496546501241e-05,6.05622641695517e-05,-0.00809017736828712,-0.00750828466731419,"CAPZB"
"chr22",42931092,42931911,820,5,6.13672739680083e-05,0.000324256708146059,-0.00693623941389428,-0.00387739436903435,"PACSIN2"
"chr8",40208159,40208487,329,3,6.13987144884837e-05,0.000207027486704608,-0.00903344797178115,-0.00617878825184907,""
"chr17",2029101,2030432,1332,11,6.20486286199147e-05,0.0085958908244327,0.00826722169746267,0.00215301128781966,"DPH1"
"chr7",90709547,90709822,276,4,6.32815347444178e-05,4.44608261752069e-05,0.00650187398712146,0.00586875912008967,"CDK14"
"chr7",27110423,27111226,804,5,6.36792787958208e-05,0.0284237415388431,0.0125911142117135,0.00347236611401892,"HOXA-AS2, HOXA3"
"chr13",32471505,32472151,647,5,6.36792787958208e-05,0.000701630554695797,-0.00647589537011161,-0.00409814637740268,"N4BP2L2"
"chr10",49189573,49190501,929,5,6.37353478557728e-05,0.00159285729818594,-0.00855655311150076,-0.00509555943351876,""
"chr1",238485231,238486590,1360,5,6.38074014761283e-05,2.70408629738723e-06,-0.00797344044603557,-0.00618762250199413,"AL359551.1, LINC01139"
"chr1",30697140,30697450,311,2,6.4069001782808e-05,0.000563763146589258,-0.00548364374218345,-0.00547250938425194,""
"chr1",145995320,145997772,2453,19,6.41402875794417e-05,0.000195756846764662,-0.00493497363107597,-0.00124921352466679,"TXNIP"
"chr10",24255150,24255364,215,4,6.44335756050473e-05,3.04837713224134e-05,-0.00729478997665793,-0.00702978514586461,"KIAA1217, AC063961.1"
"chr1",204293698,204294381,684,2,6.44335756050473e-05,9.64246877797056e-05,-0.00848198384014238,-0.00742972243007762,"PLEKHA6"
"chr9",5608645,5609143,499,2,6.45694970860683e-05,0.000136142381147754,-0.010317991172306,-0.00939702002519574,"AL162253.2"
"chr15",99431035,99431243,209,4,6.48681835410003e-05,7.53290466717605e-05,-0.0042369982257516,-0.00404833498197604,"AC015660.1"
"chr2",108614145,108614700,556,4,6.50914392312393e-05,5.05150250477014e-05,-0.00765196208665911,-0.00427040789145962,"LIMS1"
"chr14",64539233,64539641,409,9,6.56667686874865e-05,0.000505507510700404,0.00900663052066787,0.00394303999457655,"HSPA2, AL049869.2"
"chr1",18643158,18644021,864,4,6.60427583341076e-05,0.000183769377005271,0.00668723588045808,0.00410620808055231,"PAX7"
"chr2",45264,45515,252,3,6.60427583341076e-05,0.000252995179294374,0.00677543478836899,0.00570821960162363,"FAM110C"
"chr8",25456114,25456477,364,2,6.60581727385715e-05,0.00024850419531471,-0.00731787688975665,-0.00663700770836216,"KCTD9"
"chr17",13306569,13307522,954,7,6.62771785778764e-05,0.00170069476969191,-0.0089113617845293,-0.00425556782676138,"LINC02093"
"chr20",59993871,59994510,640,5,6.74724113647297e-05,4.23507222182318e-05,-0.00881107792294084,-0.00641940516552226,"CDH26"
"chr11",9788081,9788504,424,2,6.77396037438579e-05,0.000356931997723314,-0.00791149615215683,-0.0070810550814934,"SBF2-AS1, SBF2"
"chr2",238925801,238926929,1129,8,6.83661162643193e-05,0.00465032792666913,-0.00803626313998507,-0.00220492439841779,"LINC01940"
"chr12",122204161,122204576,416,5,6.85641723167785e-05,6.40812661898607e-05,0.00475709290089768,0.00228802077978152,"B3GNT4"
"chr7",150322515,150323312,798,12,6.87764144722078e-05,7.57985599374051e-05,0.00914303348094139,0.00581848622255649,"ZBED6CL, LRRC61, ACTR3C"
"chr1",173603042,173603231,190,3,6.88193495309178e-05,7.11569274891321e-05,-0.00769923544346217,-0.00699673088033818,"AL139142.1, SLC9C2, AL139142.2"
"chr20",63819679,63820046,368,3,6.89890597935425e-05,7.98095495392306e-05,0.00729104978547309,0.00471550497563668,"ZBTB46"
"chr2",216672085,216674746,2662,8,6.97426095956753e-05,6.77704017929614e-06,-0.00668334793085734,-0.0032982920885711,"IGFBP5"
"chr20",22578667,22579229,563,7,7.02033774744171e-05,0.00703487323131105,0.00535173867319827,0.00224610714217549,""
"chr9",114619561,114619578,18,2,7.02333721214221e-05,0.000139965546239685,-0.00904140651633028,-0.00889869735098401,"TMEM268"
"chr13",91174788,91176187,1400,6,7.04815395478437e-05,0.00148417980944529,0.00956974161192995,0.00296450843438389,""
"chr2",216687891,216689641,1751,4,7.14684782150138e-05,2.00603730594336e-05,-0.00863542309704881,-0.00621257361928517,"IGFBP5"
"chr1",83998401,84000005,1605,9,7.15067209578602e-05,0.000162545263440174,0.00730854151526879,0.0024624357977969,"TTLL7"
"chr6",2244532,2245093,562,3,7.19400534129192e-05,0.0004994458899399,-0.0077818075727988,-0.00426042606222507,"GMDS"
"chr7",158587881,158588528,648,7,7.19583479739101e-05,0.00401391695367042,0.00785907431525659,0.00224942759538045,""
"chr11",62554805,62556310,1506,4,7.19583479739101e-05,0.000359346158839863,-0.00879897641333434,-0.00473302664730102,"AHNAK"
"chr10",103660239,103661800,1562,9,7.2193072972404e-05,1.31221008978213e-05,-0.00890593575541455,-0.00643162029170283,"SH3PXD2A"
"chr10",124999084,124999143,60,2,7.24850890652006e-05,0.000242841526329287,-0.0069405249073703,-0.00565887196188631,"AL731571.1, CTBP2"
"chr18",57354311,57354438,128,2,7.25112231963292e-05,0.000348006949063258,0.00899024132561056,0.00536761343653885,"ST8SIA3"
"chr5",139387705,139388473,769,3,7.25808044926479e-05,0.00122992218552748,-0.00871236110868569,-0.00408460977092533,"MZB1"
"chr13",41456967,41457625,659,7,7.3130852809199e-05,0.00192554702276479,0.0107683504673859,0.00360075836504327,"RGCC"
"chr12",6361988,6362185,198,3,7.3130852809199e-05,8.3561955005012e-05,-0.00730044682259523,-0.00483824827846568,"SCNN1A"
"chr3",152267393,152268426,1034,11,7.36944783438464e-05,0.000301593920513961,-0.00721762038556826,-0.00328649170230388,"MBNL1, MBNL1-AS1"
"chr17",60577462,60577933,472,3,7.45918223375066e-05,6.68316705768462e-05,-0.00665132209327602,-0.00639507125635545,"LINC01999"
"chr2",73291574,73293251,1678,6,7.46394591221217e-05,5.38911379088614e-05,0.00791485303399433,0.00322679264681123,"EGR4"
"chr15",66761432,66761999,568,3,7.47734299411272e-05,0.000288227338136322,-0.00857229674422754,-0.00678708894601256,"SMAD6"
"chr18",48137139,48138468,1330,7,7.6143729776672e-05,2.55928732776035e-05,-0.00849487621088471,-0.00504230130180384,"ZBTB7C"
"chr19",45553451,45554040,590,5,7.64248303811598e-05,1.54125292163955e-05,0.0054310741898334,0.00456271341233911,"OPA3"
"chr16",46884704,46885282,579,10,7.65541727663699e-05,0.00106523079704565,0.00558173296407072,0.00260040183501946,"GPT2"
"chr6",83852607,83853725,1119,17,7.65544834896311e-05,0.00286461583808178,0.00407567072221763,0.00107431862214912,"RIPPLY2, AL139232.1"
"chr15",85563360,85564309,950,3,7.71817823422148e-05,0.000271294006843252,-0.00751727061839831,-0.00430711331468333,"AKAP13"
"chr11",118887226,118888692,1467,8,7.75569221283436e-05,8.68853925953118e-05,-0.00625484244104941,-0.00401408259327125,"CXCR5, AP004609.1"
"chr1",110003377,110004763,1387,4,7.76504913119868e-05,1.60089827269994e-05,-0.00797946304011536,-0.00555176181594395,"AHCYL1"
"chr18",13276927,13278119,1193,5,7.777776547652e-05,4.56291685610119e-05,-0.00740072591783292,-0.00451095354413496,"LDLRAD4, AP002505.3"
"chr11",121478621,121480014,1394,4,7.86006286111502e-05,0.001433086259292,-0.00907036261107057,-0.0039274713266201,"SORL1"
"chr7",56174449,56176093,1645,6,7.8768635647734e-05,0.000519932258447183,0.0109613912122114,0.00411453538932609,"AC006970.1"
"chr7",101941811,101942379,569,3,8.036841696824e-05,0.000249846894044124,-0.00853541232841203,-0.00661719195973155,"CUX1"
"chr8",42498609,42499213,605,3,8.09149672709935e-05,4.62691980019094e-05,-0.0097673968198934,-0.00862009888484317,"SLC20A2"
"chr3",47082924,47084303,1380,6,8.10815416744196e-05,0.00576715360968983,-0.00821193891806134,-0.0029756978202278,"SETD2"
"chr7",149855389,149856598,1210,7,8.16383955232652e-05,0.000354649944255953,-0.0076030532393581,-0.00412477013511156,"ZNF862"
"chr6",166166972,166168050,1079,7,8.1943849903187e-05,0.0040720102318296,0.00576410172625375,0.00151888989053099,"LNCDAT, TBXT"
"chr7",31551210,31552497,1288,6,8.22895051889512e-05,0.000944968587487928,-0.00514112859824167,-0.00292655173794333,"ITPRID1"
"chr16",47941363,47942334,972,6,8.23005008798976e-05,0.00139816530773092,-0.00714183821155189,-0.00393629608700527,""
"chr3",58210979,58212121,1143,8,8.29717568200706e-05,0.00397635294823054,-0.00759078211210442,-0.00260438614978997,"DNASE1L3"
"chr14",75064933,75065356,424,4,8.31400188655259e-05,0.00454361936211635,-0.00706125507410074,-0.0038441963992813,"ZC2HC1C, ACYP1"
"chr11",30322284,30323390,1107,9,8.31779288884078e-05,0.00281681124355348,0.00866659854169242,0.00216699297107302,"ARL14EP, AL358944.1"
"chr21",36499916,36500195,280,3,8.36699735950773e-05,6.07923425803968e-05,-0.00804359162403237,-0.00739456330551966,"AP000695.2, CLDN14"
"chr2",106062093,106062843,751,3,8.42076393458525e-05,0.00708916334279277,-0.00914892607441086,-0.00583736104363663,""
"chr17",80513319,80513653,335,3,8.42086765923027e-05,6.46824080676358e-05,-0.00782512409948853,-0.00749329342825429,""
"chr1",94876121,94876456,336,2,8.53340576918198e-05,0.0160260831495029,-0.00742399999912848,-0.00317303025853117,"SLC44A3"
"chr13",48579131,48579342,212,3,8.61371343152058e-05,6.65099001287957e-05,-0.00798778430652163,-0.00738615189849904,"RB1"
"chr10",6297894,6298266,373,2,8.67693993914242e-05,0.000249691768392644,-0.0108086703387906,-0.00905965145095099,"LINC02649"
"chr18",37484691,37485273,583,4,8.68106908566534e-05,0.000787625890264862,0.00546976408665806,0.00410063991368423,"CELF4"
"chr12",110920384,110921158,775,12,8.68362993424116e-05,0.00254306006900399,-0.00817335639510454,-0.00326233951184001,"MYL2"
"chr22",37784880,37785517,638,5,8.69223162951943e-05,0.00260926880057563,-0.00796235564097003,-0.0034795812368134,""
"chr17",82293567,82293821,255,5,8.77889067264765e-05,4.15894042339065e-05,0.00716082641088026,0.00443752913928814,"AC132872.1"
"chr5",53089726,53090658,933,3,8.83646239359678e-05,0.000303597584733519,-0.00531037300388327,-0.00332858795681193,"ITGA2"
"chr11",68942923,68943422,500,4,8.8440214155563e-05,0.00881894136264249,-0.00707654249228678,-0.00218721976172912,""
"chr8",52564985,52566146,1162,9,8.94499558018061e-05,0.000271823007266947,0.00494693686843948,0.00223370418953307,"ALKAL1"
"chr13",106479992,106480110,119,3,8.96021859823896e-05,6.32480377927874e-05,-0.00835970746695927,-0.0078142216512394,""
"chr3",61777719,61778156,438,2,8.97198018431021e-05,0.000136142381147754,-0.00702183172581855,-0.00651012323318449,"PTPRG"
"chr3",148998665,148999445,781,3,8.98770597986836e-05,0.00465940717716731,-0.00666543912324219,-0.00304282290885067,"GYG1"
"chr2",189763747,189764503,757,5,9.01301110333764e-05,0.00017497745677029,-0.00660162616028877,-0.00398956810164781,"OSGEPL1-AS1, AC013468.1"
"chr9",93251412,93252702,1291,4,9.02404305221883e-05,0.00837685156330176,-0.00792487770601308,-0.00318752403176963,"WNK2"
"chr10",5448713,5450060,1348,4,9.02787345191522e-05,2.99074435098885e-05,-0.00700927099722195,-0.00618292606579463,"NET1"
"chr15",34318628,34319527,900,6,9.11616042325533e-05,9.12458872404991e-06,-0.00688381234841311,-0.00514254972043266,"SLC12A6"
"chr11",57903977,57904728,752,4,9.11829323742108e-05,9.87077099527873e-05,-0.00825862463038493,-0.00637798391724865,""
"chr1",59214832,59215402,571,4,9.12285196773687e-05,0.0228648637854338,-0.00620749997416105,-0.003026919603335,"LINC01358, HSD52"
"chr13",39900226,39900668,443,2,9.13332112066515e-05,0.00019503720984082,-0.00751657440923712,-0.00729753199028635,""
"chr2",69828243,69828587,345,3,9.14865354532312e-05,0.000366243550964884,-0.00462031826557707,-0.00327682379152062,""
"chr5",120465277,120466327,1051,5,9.24709264001375e-05,9.15637008167709e-05,0.00604227122526858,0.00408013460656683,"PRR16"
"chr12",64389923,64390906,984,11,9.25854561911445e-05,0.000579019891052095,0.00725319167749054,0.00278467009848958,"AC012158.1, C12orf56"
"chr16",29987531,29988933,1403,6,9.33713462781039e-05,0.000284734440947724,-0.00773353981312107,-0.00358692877820406,"TAOK2"
"chr14",103110990,103111712,723,3,9.34874298557841e-05,0.000406115458203505,-0.00700224920118728,-0.00550570930191572,""
"chr6",96837510,96838078,569,7,9.3853149977791e-05,0.0239065658986118,0.00610489276670759,0.0019381170498128,""
"chr2",11539458,11540018,561,8,9.41236005802999e-05,8.25985568355595e-06,-0.00923738532555745,-0.00605316007075751,"GREB1"
"chr14",73718140,73719290,1151,7,9.42815842815311e-05,3.15724350043405e-05,0.0102242938868076,0.00571071221220222,"MIDEAS"
"chr14",91945400,91945560,161,2,9.47715682237967e-05,0.000181340731434403,-0.00795332701996756,-0.00696071647106304,"FBLN5"
"chr12",75699873,75700181,309,3,9.48715095460136e-05,8.68853925953118e-05,-0.00722509790833918,-0.00569189534290465,"AC078923.1"
"chr7",134613608,134614185,578,3,9.55861622551955e-05,9.35189387156225e-05,-0.00750270272861625,-0.0073280218079947,""
"chr3",65937334,65937364,31,2,9.55861622551955e-05,0.000207027486704608,-0.00898357366645756,-0.00879579205559702,"MAGI1, MAGI1-IT1"
"chr13",50843956,50845033,1078,5,9.65329904128468e-05,0.00113607295651778,-0.00785416687585049,2.73115032606998e-05,"DLEU1"
"chr2",183038749,183039880,1132,9,9.66995171046713e-05,0.00384207031145576,-0.00770988912836408,-0.00202430197768742,"NCKAP1"
"chr12",89224888,89226681,1794,6,9.71409608980545e-05,0.00142826033054385,-0.00898070993315916,-0.00482918891342446,"LINC02458"
"chr1",230248429,230249243,815,4,9.8102091542799e-05,0.000683460115535975,-0.00821571732105931,-0.00570857849537211,"GALNT2"
"chr8",119873120,119873642,523,9,9.84062480696161e-05,0.0278921822939165,0.00595443564479151,0.00208628791684086,"AP005717.1"
"chr14",63294875,63296136,1262,4,9.93836124820319e-05,0.000142230210508779,-0.00906200123717278,-0.00546118953459125,""
"chr5",54457162,54457365,204,2,9.97711661963349e-05,0.000244003841401236,-0.00751010253231352,-0.00707015405173697,""
"chr13",97460150,97460625,476,2,9.98290077472016e-05,0.000158186674092375,-0.00855965807894001,-0.00821043593891168,"RAP2A"
"chr20",24657277,24658073,797,3,0.000100604277670322,0.00105917291715059,-0.00737895487300124,-0.00577570542246436,"SYNDIG1"
"chr22",46536169,46537193,1025,6,0.000100681155161817,0.00362385874180553,0.00887714553462263,0.00434792596668443,"CELSR1"
"chr9",36276882,36277750,869,7,0.00010094919854581,0.000164855483809775,-0.00471689126653825,-0.00286809707257737,"CLTA, GNE"
"chr8",56445226,56446369,1144,13,0.000101417293836987,0.000520967336420031,0.00683879480889809,0.00287447158806978,"AC012349.1, PENK"
"chr18",31316617,31318381,1765,9,0.000102625578930624,6.0755734203578e-06,-0.00706699184297321,-0.00374979949579499,"DSG1"
"chr2",207143295,207143726,432,3,0.000102625578930624,0.000326458382950924,-0.00996161048786873,-0.00682862142813633,"KLF7"
"chr2",150620207,150620410,204,2,0.000102625578930624,0.000327356499982249,-0.00878199580987149,-0.00817652130020789,"LINC02612"
"chr18",30982788,30983720,933,2,0.000103531673865814,0.000108676029067534,-0.00679940134132146,-0.0055184649740064,""
"chr12",459377,460567,1191,7,0.000106958803491051,0.000224814281266333,0.00387094610314367,0.0015291571599662,"B4GALNT3"
"chr20",57122689,57123560,872,3,0.000107242838499839,0.101987176422279,-0.00792228322625275,-0.00325363571637793,"AL157414.1"
"chr2",42968236,42968405,170,2,0.000107351869723317,0.000173778791168653,-0.00787644295357194,-0.00707321616916588,""
"chr7",100605056,100606028,973,6,0.00010797749775562,0.000122971043106991,0.00789011093180685,0.00368770217941047,"PCOLCE"
"chr5",123035544,123035569,26,2,0.000108150524764575,0.000310271771814918,0.0092821426573774,0.00848094524326262,"PPIC"
"chr3",119182041,119182125,85,3,0.000108463840740226,0.000159376052293407,-0.00635899571265365,-0.00597436778560174,"AC083800.1, UPK1B"
"chr4",113173846,113174440,595,2,0.000108469736159395,0.000194662917064104,-0.00864508943786484,-0.00714504057508823,"ANK2"
"chr13",73168884,73169306,423,3,0.000108760647319041,0.000152854818329154,-0.00915016380266389,-0.00584167510615472,""
"chr11",13337676,13338549,874,2,0.000108970384263777,0.000516263295487354,-0.00996082852414791,-0.00762420477604909,"ARNTL"
"chr15",100973041,100974278,1238,6,0.00010902253399121,0.000437992217791823,0.0100564366798607,0.00399344541789503,"LRRK1"
"chr8",59617617,59618466,850,2,0.000109152881650252,7.26687910666686e-05,-0.00801524553117667,-0.00710262409965804,"AC087664.2"
"chr16",48525859,48526754,896,3,0.00010964956840387,0.00357737528794204,-0.00774420420813461,-0.00345652930682537,""
"chr1",23436065,23437119,1055,6,0.000109872403337992,0.000159851425280536,-0.00710159010373337,-0.00405074736961721,"ASAP3"
"chr11",5595672,5597178,1507,11,0.000110112606390565,0.000146066825707507,-0.00749842466769834,-0.00167302430110771,"TRIM6, TRIM6-TRIM34, AC104389.5"
"chr3",187808925,187809757,833,3,0.000110112606390565,5.0471348825208e-05,-0.00907299790492907,-0.00749114387904281,""
"chr1",150981090,150982350,1261,7,0.000110495662592442,4.80833591503025e-05,-0.00775431670911084,-0.00400503175878863,"ANXA9"
"chr6",53524044,53524549,506,2,0.000110495662592442,0.000242163463047903,-0.00751237363510739,-0.00560261533133864,"GCLC"
"chr15",79089405,79090825,1421,12,0.000110830212780403,0.000720360420403297,0.00459246002563256,0.00107470567243501,"RASGRF1"
"chr12",122062791,122063979,1189,5,0.000110859992300905,0.00034655693110261,-0.00728205212996634,-0.00494957118360651,"AC156455.1"
"chr20",50086052,50087145,1094,3,0.000110859992300905,0.000242841526329287,-0.00791585536516648,-0.00467269122773209,"UBE2V1, PEDS1-UBE2V1"
"chr15",35306597,35306915,319,2,0.000110927130213691,0.000342486225110522,-0.00898050908806615,-0.00845943439260569,"DPH6"
"chr12",47770240,47770907,668,4,0.000111374705624044,0.000508881429190222,-0.00652081637711669,-0.00465633254083619,"SLC48A1, RAPGEF3"
"chr13",44822155,44822608,454,4,0.000111992795668379,0.000197989948910756,-0.00828044945286077,-0.0051195863251133,""
"chr3",12003250,12004249,1000,8,0.000112157678800631,0.000158250396465924,0.00504560091898975,0.00248034363872762,""
"chr16",29820859,29821832,974,7,0.000112283837926655,1.52182839995532e-05,-0.00666783617280436,-0.00499418556360967,"PAGR1, AC120114.4, MVP, AC009133.1"
"chr16",11056886,11057515,630,3,0.000112283837926655,0.00144617814979557,-0.00761385063874558,-0.00418366535768083,"CLEC16A, AC007014.2"
"chr1",22952785,22953192,408,4,0.000112316575197422,0.000984801965682822,0.0090629129141942,0.00550507550079249,"LACTBL1"
"chr11",35656113,35656161,49,3,0.000112428868235563,0.000279407216416423,-0.0070549433489875,-0.00425886863478303,""
"chr8",67726405,67726432,28,4,0.00011244112700599,3.69730107764363e-05,-0.00669564213969347,-0.00501275958466809,"CPA6"
"chr5",25319044,25319223,180,3,0.000112623409239024,0.000117082495217673,-0.00752747815293323,-0.0065187806773507,"LINC02211"
"chr4",54568565,54568683,119,2,0.000112931541953954,0.00025258058294986,-0.00893131166639098,-0.00785202922610925,""
"chr2",236718317,236718391,75,3,0.000113701067097094,0.000111068401137784,-0.00785128849137144,-0.00679737474367039,""
"chr4",38177261,38177878,618,2,0.000113710144085478,0.000166452090892368,-0.0101043609633328,-0.00947813122599001,""
"chr10",103584163,103585446,1284,6,0.00011439748618896,0.000271324458274942,0.00913699331205906,0.00563308729967426,"NEURL1"
"chr9",35277913,35278310,398,3,0.00011446981697991,8.52973571626046e-05,-0.00823135929705487,-0.00630658140174524,"UNC13B"
"chr6",30847967,30848670,704,6,0.000114652909498488,6.97636470222488e-05,-0.00736458480875235,-0.00502478042715449,"LINC02570"
"chr2",237412925,237414784,1860,13,0.000115414026465898,8.29643800999779e-06,-0.00638918677340724,-0.00359378354607917,"COL6A3"
"chr20",41299991,41301111,1121,7,0.000115414026465898,0.00364256629744075,-0.00857001296145588,-0.00359135373814693,"ZHX3"
"chr14",68598713,68599416,704,3,0.000115881912029612,0.000200733578208415,-0.00914162675490882,-0.00793218929754892,"RAD51B"
"chr8",118093860,118094791,932,4,0.00011616247380395,6.19861361202145e-05,-0.00748364116042172,-0.00539920231930928,"EXT1"
"chr1",233112683,233114177,1495,6,0.000116165807990126,0.00013872223525209,-0.0094949613438355,-0.00486428806769986,"PCNX2"
"chr12",2690889,2691992,1104,11,0.000116342474571555,0.000116632721841328,0.0115565125659498,0.00577116936415728,"CACNA1C, CACNA1C-AS1"
"chr16",21159374,21160149,776,6,0.000117766676240664,0.000680783801979915,-0.00733530496793948,-0.00453697859049855,"TMEM159, DNAH3"
"chr11",1001652,1002310,659,5,0.000119242741015649,0.00053975516358438,-0.00631982796561366,-0.00305388237450433,"AP2A2"
"chr1",174964341,174965708,1368,7,0.000120576043120469,3.31321696925985e-05,-0.0090891832020594,-0.00536162400746906,"RABGAP1L"
"chr5",178203071,178204513,1443,10,0.000121194549346721,0.00521213944762766,0.00386819912821514,0.00050386749657349,""
"chr6",149941598,149942058,461,5,0.000121572209163859,0.00301973354831588,0.0047038882244035,0.00138099591803978,"ULBP2"
"chr10",71766472,71767478,1007,4,0.000121791377939182,9.28888885938179e-05,-0.00901002773622175,-0.0064779999229866,"CDH23, VSIR"
"chr12",41944343,41944373,31,2,0.00012245178028467,0.000191049072899159,-0.00671962006527604,-0.00646077860692611,""
"chr15",50910608,50911107,500,2,0.000122928952763888,0.000169915334913658,-0.00818315123150886,-0.00616660311783338,"AP4E1"
"chr19",19528565,19529630,1066,9,0.000124317374271747,0.000942971988945214,0.00791885078562347,0.00494166142835221,"NDUFA13, AC011448.1, YJEFN3"
"chr10",102240689,102241717,1029,10,0.000124643286836156,0.000185124719376476,0.00651767443706612,0.00246178498512994,"PITX3"
"chr3",126703195,126704429,1235,16,0.000125120388464299,0.000194206838312917,0.00817637837284943,0.00100280247928882,"CHCHD6"
"chr19",38255898,38257248,1351,17,0.000125252295017691,0.00409134141073365,0.0110920917467416,0.00381949585993878,"SPINT2, PPP1R14A"
"chr10",96287539,96288542,1004,3,0.000125274219095112,4.74132037142453e-05,-0.00789257114888991,-0.00591396248623792,""
"chr20",40690344,40693553,3210,13,0.000125274492188485,6.82277616408094e-06,0.00895660392967604,0.00470110160689417,""
"chr15",98776825,98777341,517,4,0.000125285816096168,4.66922389174004e-05,-0.00778103997049344,-0.0058580619137402,"IGF1R"
"chr18",62324525,62325751,1227,8,0.000125551624523047,0.00445547662405403,0.00899050695104812,0.00297345980704235,"TNFRSF11A"
"chr6",10384893,10385606,714,7,0.000126586245924237,0.000244003841401236,0.00843956022332353,0.00612371752230046,""
"chr4",38982551,38983395,845,2,0.000126818855303403,0.00503981185803304,-0.00425800593672114,-0.00126206232364572,"TMEM156"
"chr3",148863913,148864050,138,3,0.000128049503847994,0.000303597584733519,-0.00701334393514315,-0.00419420207456262,"AC092979.1"
"chr11",118500416,118501021,606,3,0.000128049503847994,0.000139032801712725,-0.00668061539331108,-0.00476576852671637,"KMT2A"
"chr1",204316423,204317339,917,2,0.000128477706670914,0.000370256579022092,-0.0101082906651064,-0.00840158650539213,"PLEKHA6"
"chr2",101149852,101150594,743,3,0.000128685922841266,0.000149306786859994,-0.0073386066076841,-0.00532592150305562,"TBC1D8"
"chr3",189304872,189305620,749,3,0.000128849065983451,6.98523270949761e-05,-0.00839687402295367,-0.00690900373993178,"TPRG1"
"chr2",95025755,95026779,1025,8,0.000129334476184709,0.00189734507373121,0.00751002431374543,0.00270691218466956,"MAL, AC103563.7"
"chr6",27268041,27269087,1047,8,0.000129777143279769,9.31178520016386e-06,0.00786958662741572,0.00519385999144804,"AL021808.1"
"chr17",8965163,8965968,806,11,0.000130093190390336,0.00146960782629535,0.0061931894318904,0.00181955320448391,"AC002091.2, PIK3R5"
"chr12",57078291,57079184,894,14,0.00013053834259725,0.000692191454959499,-0.00239550799153125,-0.000792465176180111,"NEMP1"
"chr8",54457723,54459269,1547,14,0.000130961669869572,0.000161716215770695,0.00666204203617128,0.00253731482353147,"SOX17"
"chr9",87656370,87657307,938,4,0.000131357799234743,6.55883544919374e-05,-0.00827300193916029,-0.00495246671249306,"DAPK1"
"chr12",104953002,104953716,715,2,0.00013254724961693,0.000303733962104896,-0.00765392422305644,-0.00581126259865539,"SLC41A2"
"chr10",79444277,79444813,537,5,0.000133017950189863,0.000500113316694905,-0.00509572518015578,-0.00206056440772241,"ZCCHC24"
"chr5",146338295,146339850,1556,10,0.000133153248850511,1.76664964475271e-05,0.00403358522775632,0.00180791880799226,"AC091959.1, POU4F3, AC011396.2"
"chr7",54542627,54543235,609,2,0.000133249232217115,0.00173673984337065,0.00638171248165955,0.00363357787893895,"VSTM2A"
"chr11",68705326,68705536,211,4,0.000135754053061573,0.000277892231045368,-0.00711592965645356,-0.00494811291052497,""
"chr1",40981669,40983527,1859,6,0.000135876562192951,0.00557070567847646,-0.00765982984766885,-0.00332726136511509,"CTPS1"
"chr1",50023647,50024473,827,13,0.000136495388971837,0.0479349350842497,0.00915112465987948,0.00141240459837862,"ELAVL4, AGBL4"
"chr3",71390063,71390734,672,2,0.0001365556037372,0.000331432456263361,-0.00837276936259786,-0.00813633029057875,"FOXP1, AC097634.4"
"chr6",150767771,150768457,687,2,0.000136805298721472,0.000134144431244405,-0.00813595553126101,-0.00734341044245615,"PLEKHG1"
"chr7",97005168,97006024,857,6,0.000137004532149533,0.00747119004676044,0.00553605100983207,0.000970089452364311,"DLX6, DLX6-AS1"
"chr6",20583213,20583548,336,2,0.000137744076530339,0.00028601968007982,-0.00869694280065664,-0.00768645406743328,"CDKAL1"
"chr5",43191091,43192326,1236,10,0.000137805130467899,0.00433520374729589,0.00467587548766002,0.0014863370523275,"ZNF131, NIM1K"
"chr4",128553242,128554045,804,3,0.000137994824763284,0.000625761696188232,-0.00846454747962852,-0.00684491766314641,"AC110609.1"
"chr16",27213537,27213974,438,4,0.000138217149826808,7.90434059920554e-05,-0.00811048601214871,-0.00421712664606482,"KDM8, AC109449.1"
"chr1",43007301,43008169,869,6,0.000138289192426423,0.000121315917739248,0.0061431277479294,0.00314143129681614,""
"chr6",151004506,151004796,291,3,0.000138302732036884,7.36703404315263e-05,-0.00881054716116588,-0.00862666354659686,"MTHFD1L"
"chr14",102028649,102028770,122,2,0.000138342556729362,0.000343680330295785,-0.00739022067347229,-0.00634156294430847,"DYNC1H1"
"chr13",99269705,99270610,906,4,0.000138765063424905,0.0109084349760582,-0.00765920854329764,-0.00303261147459013,"UBAC2"
"chr11",126007166,126007584,419,2,0.000138765063424905,0.000227899711680441,-0.00786429286802318,-0.00786172033554126,"CDON"
"chr12",120237563,120238119,557,2,0.000139064778772645,0.000515620064823604,-0.00900874118766627,-0.00706421696532811,"PXN"
"chr11",66465450,66466826,1377,15,0.000139083694272167,0.000181559987491281,0.00702037410289519,0.00104317086940297,"PELI3, MRPL11"
"chr3",71244543,71246533,1991,9,0.000140667322580415,1.06935536888132e-06,-0.00722243181438278,-0.00548591946511152,"FOXP1, AC097634.4"
"chr3",62875035,62876250,1216,14,0.000141328528367248,0.00112024779761167,0.00560514766653052,0.00108485605096804,"CADPS"
"chr15",62076072,62076133,62,2,0.000141712394867693,0.000359346158839863,-0.00812750137355066,-0.00807676737648317,""
"chr11",31987295,31987617,323,4,0.000141942222251972,7.55337796043744e-05,0.00591339687986658,0.00274637088825192,"PAUPAR, AL035078.4"
"chr14",69547831,69548257,427,5,0.000141948165273982,0.000223910878614422,0.00952592368089945,0.00440718618695345,""
"chr2",36371135,36372217,1083,3,0.000141948165273982,9.64246877797056e-05,-0.00866638612557764,-0.0072447637235815,"CRIM1"
"chr10",102231227,102232263,1037,7,0.000142119240974403,0.00615780745737118,0.0075338554264987,0.00382330356466669,"PITX3"
"chr2",169031309,169031863,555,3,0.000143307895254713,0.000620904791455682,-0.00599614161569564,-0.00429038752915723,"ABCB11"
"chr11",134756497,134756912,416,2,0.000143609907970943,0.000200733578208415,-0.00796580141722354,-0.00794127973478847,"LINC02714"
"chr10",43266393,43267897,1505,6,0.000143821174445766,0.00129715106643779,0.00759076268570055,0.00360804367253387,"RASGEF1A"
"chr7",155458205,155459021,817,4,0.000143933351115473,0.00311226685046405,0.00419544151356263,0.00175624208550358,"EN2"
"chr15",41620706,41622256,1551,10,0.000144196246331798,2.23037227723007e-05,0.0054143664372861,0.0018993328133833,"MGA, AC016134.1"
"chr12",54417978,54420144,2167,17,0.000144960414195351,1.7304470716485e-05,-0.00723212878719258,-0.00135297735148674,"AC079313.2, AC079313.1, ITGA5"
"chr1",10599377,10599849,473,2,0.000145273241166674,0.000185206425771448,-0.00665913087916486,-0.00650205232984621,"PEX14"
"chr21",43645659,43646730,1072,3,0.00014559586284273,0.000303733962104896,-0.0102461306126952,-0.00536120557612845,"HSF2BP"
"chr11",69653569,69655052,1484,15,0.000146266807453594,0.000267727579127572,0.00587655417513714,0.00275892565392827,"CCND1, LTO1"
"chr4",1413804,1415769,1966,12,0.000146576590009787,0.000129951742199979,0.00868691376175095,0.00383586084102398,""
"chr10",3825440,3825538,99,2,0.000146576590009787,0.000357676854520703,-0.00821326617646338,-0.00752732130805718,""
"chr9",109274666,109275364,699,4,0.000149202337630558,0.000726347374886857,-0.00664209924045167,-0.00471151789949614,"EPB41L4B"
"chr19",48918013,48919212,1200,8,0.000149497511322014,0.0145432933095463,-0.0033707841316397,0.000608014569159346,"NUCB1, NUCB1-AS1"
"chr6",393110,394073,964,5,0.000149851196099184,0.00362296450791348,0.00460932027913946,0.00250365561884444,"IRF4"
"chr18",12377894,12378045,152,4,0.000149985096207997,0.0107699351443245,0.00746024368743551,0.00368986593803039,""
"chr2",145750900,145751729,830,2,0.000150742440334716,0.000301185313191281,-0.00984719470636368,-0.00822752058985792,"AC079163.2"
"chr16",84985869,84986449,581,6,0.000150783073306794,0.00380253333802026,-0.006530721624943,-0.00291991497538514,"ZDHHC7"
"chr16",77937882,77937971,90,2,0.000151269106316986,0.000230908748954535,-0.0110549842407614,-0.0093002419971157,"VAT1L"
"chr8",109580732,109582165,1434,5,0.000151326322720495,4.35274161965822e-06,-0.00778048903972625,-0.00485914735568732,"SYBU"
"chr4",110475720,110476990,1271,7,0.00015135080273329,8.34575071950754e-06,-0.0074858850455847,-0.00658570751931064,"ENPEP"
"chr6",118558946,118558994,49,2,0.000151632612800134,0.000413383232933122,-0.00604940838090864,-0.00585678341323443,"PLN, CEP85L"
"chr11",77691166,77691471,306,3,0.000152270364761221,0.0004394989811645,-0.00611079034559978,-0.00438260773957014,"RSF1"
"chr6",150251201,150251645,445,3,0.000153771693727476,0.000134692993230523,-0.00923203774773465,-0.00589386335804751,""
"chr13",50129341,50131247,1907,7,0.000154184379578951,1.40107121561715e-06,-0.00667083159828547,-0.00500821690333281,"DLEU1"
"chr18",48715001,48716286,1286,3,0.000154349945888661,0.000153453647496596,-0.0096166056164401,-0.00524605410369323,"CTIF"
"chr7",30752255,30752685,431,3,0.000154500167205679,0.000322590176495652,-0.00783898019622671,-0.00589088327372132,"INMT, INMT-MINDY4"
"chr5",82164369,82164407,39,3,0.000154642353131051,0.00013622635849829,-0.00702562564492694,-0.00655572163587049,"ATG10"
"chr8",94640463,94642313,1851,11,0.000155407503045473,0.000104066303775009,0.00659307698350808,0.00239114683617659,"ESRP1"
"chr9",35727430,35728878,1449,5,0.000155717580650027,0.000194772947484712,-0.00682996499204699,-0.00493608832387632,"TLN1"
"chr7",44123831,44124376,546,4,0.000155913018677497,0.0268431470359055,0.00877947646965019,0.00381019703183248,"POLD2"
"chr10",103793816,103795131,1316,4,0.000157119647477543,0.00398200648110734,-0.00910039197465369,-0.00329407760312937,"SH3PXD2A"
"chr16",67174344,67175393,1050,5,0.000157247235145017,0.0011545053637891,0.00674943134278448,0.00243865724330175,"NOL3"
"chr20",915921,916902,982,6,0.00015778217296955,0.00143096853079568,-0.00645498617174796,-0.00300076992855645,"ANGPT4"
"chr6",144064535,144065711,1177,19,0.000158811234872347,0.000214309879947026,0.00635973333849564,0.00308813850651779,"PLAGL1"
"chr13",25170538,25172506,1969,18,0.000159801220328898,4.87266416989516e-06,0.00661240283550657,0.00307842254145161,"LINC01053, AMER2"
"chr9",92616785,92616980,196,2,0.000160270312759958,0.000255213503252717,-0.00840499207451539,-0.0079793149107731,"CENPP, IPPK"
"chr6",13508681,13509097,417,3,0.000160568063302814,0.000495907646268292,-0.00885816759449279,-0.00524427299177673,""
"chr17",49601714,49601950,237,2,0.000160692369310524,0.000246136941175125,-0.00662632788851321,-0.00621622630148749,"SPOP"
"chr11",22667735,22668268,534,3,0.000162319989214262,0.00161130220643963,-0.00852483157150611,-0.00453563996727293,"GAS2"
"chr21",37193981,37194453,473,4,0.000163686278375487,0.00589781357307973,-0.00779646981296318,-0.00383885256446277,"TTC3"
"chr2",88350388,88351624,1237,9,0.000165128244813501,0.00147967596123966,0.00872269856144642,0.00394087407501885,""
"chr12",6646650,6647585,936,8,0.000165185219157607,0.00125892691191854,0.00483786884673346,0.00279759701767396,"ACRBP"
"chr10",24542848,24543295,448,2,0.000165819577081579,0.00102475770788861,-0.00655129874509557,-0.00531662214082298,"KIAA1217"
"chr16",2090869,2091814,946,7,0.00016604691592117,5.01021144652222e-05,0.00746718064149,0.00516330890254834,"AC009065.2, PKD1"
"chr8",142776659,142777381,723,9,0.000166335582046094,9.07018760558503e-05,0.0068640504655236,0.00303504909486567,"LYNX1-SLURP2, LYNX1"
"chr1",234918059,234919152,1094,5,0.000166566485927611,0.000267598163938165,-0.00837448098831349,-0.00458693820767208,"AL391832.4"
"chr18",58600555,58600800,246,2,0.000167205111562778,0.000312009730735156,-0.00397292210660787,-0.00362246448879738,"SNORA108, ALPK2"
"chr6",31737632,31738567,936,5,0.000168044914512529,3.81578177532915e-05,-0.00919347133753176,-0.00610775042458782,"CLIC1"
"chr8",1759164,1760281,1118,6,0.000168544152864807,1.31943948007576e-05,-0.00659897718184031,-0.00438772829690969,"CLN8, AC100810.3"
"chr10",79422062,79423034,973,4,0.000169286857482931,0.000106845266663317,-0.00615538887592072,-0.00379317539050007,"ZCCHC24"
"chr9",106921553,106922172,620,4,0.000169340060635755,0.000258169758348821,-0.00848658826515768,-0.00648643776039092,"ZNF462"
"chr17",76751964,76752749,786,5,0.000169739606412842,0.00032379835888692,-0.00705772817458092,-0.000898867807717826,"MFSD11"
"chr2",215880406,215881169,764,3,0.000170317225302388,0.000100251235381413,-0.00802872561010995,-0.00705582678618807,""
"chr2",119718520,119718931,412,2,0.00017203234191626,0.000195957589635807,-0.00627000296666417,-0.00599909180039554,""
"chr19",3435352,3435748,397,3,0.000176309815708177,0.0012152408252024,0.00684329974425437,0.00384182030822455,"NFIC"
"chr16",69463742,69463795,54,2,0.000176323960025458,0.000358594090890019,-0.00692612294760156,-0.00520499714206104,"CYB5B"
"chr13",70107185,70108192,1008,10,0.00017682078432647,0.000225135410398892,0.00670458033731015,0.00237482502391076,"ATXN8OS, KLHL1"
"chr13",114096849,114097640,792,4,0.000176842900693224,0.000349363302859767,0.00463729608426216,0.00313383228181405,"RASA3"
"chr19",39195943,39197323,1381,7,0.0001771932597681,0.00176337243579158,0.00746295250347032,0.00379894401192543,"NCCRP1"
"chr2",69100359,69100979,621,2,0.000177261827590088,0.0131786871372932,-0.0059549702711332,-0.00308398962934945,"ANTXR1"
"chr4",121932309,121933377,1069,12,0.000177553797167737,2.63565205714888e-05,0.00576662690278671,0.00240606826071831,"TRPC3"
"chr9",77019623,77020996,1374,5,0.000177553797167737,0.000134593329108036,0.00729682585544202,0.00502037319386498,"FOXB2"
"chr8",120124712,120126078,1367,9,0.000177816595968329,1.4285667335182e-05,0.00766331730017931,0.00411987019899685,"COL14A1"
"chr17",81911565,81912441,877,12,0.000177898967976077,0.00265725835037575,0.00742984203200362,0.00261855049136237,"SIRT7"
"chr6",151482428,151482704,277,2,0.000178198409788937,0.000235605656894744,-0.00799313905032898,-0.00748584258754578,""
"chr5",168529301,168530356,1056,8,0.000179613209993498,0.0012434934902161,0.00890374760675572,0.00297762401407408,"FBLL1"
"chr11",110858066,110858641,576,2,0.00017982266012284,0.032062998667073,-0.00965155155032209,-0.00543112429411879,""
"chr7",73578859,73579435,577,7,0.000180087117845568,0.00103120423667516,0.0103187900944435,0.00328981508156003,""
"chr17",29722578,29723442,865,4,0.000180813805627834,0.00192991620635457,-0.00859590915236209,-0.00609042860109428,"SSH2"
"chr15",90101446,90101853,408,4,0.000181717918713751,0.000142877426488976,0.00778680322919763,0.00625518035494603,"IDH2"
"chr16",67325136,67326867,1732,9,0.000183830811894627,0.000500045983452658,-0.00901364622190428,0.000478323000009745,"LRRC36, KCTD19"
"chr16",49827140,49828300,1161,5,0.000185336875863234,0.000698508849447656,-0.00499700150710456,-0.00313636913292733,"ZNF423"
"chr13",44159082,44159809,728,3,0.00018566831285409,0.000108455804957816,-0.00700249069194473,-0.0047891760633293,"SMIM2-AS1, SMIM2"
"chr19",49687568,49688843,1276,10,0.000186937922803522,3.10811795138592e-05,0.00476678699199998,0.00205088085534666,"PRMT1, ADM5"
"chr14",30874070,30874944,875,12,0.000188171171630427,3.33837442755416e-05,0.007989399238103,0.00442300422240377,"COCH"
"chr5",38448059,38448171,113,3,0.000188246348921971,0.000152063805374143,-0.0091471460550252,-0.00830912691772875,"EGFLAM"
"chr22",49983267,49983934,668,12,0.000188308613496192,0.00192688656587382,0.00674582396081514,0.00311369421591854,""
"chr16",2493530,2493895,366,2,0.000189108526661762,0.000307736423186224,-0.00815601576896819,-0.0078802766286911,"TBC1D24"
"chr2",98869340,98869380,41,2,0.000189350742100384,0.000337262599220984,-0.00751465870189122,-0.00739593264028775,"CRACDL"
"chr19",9436047,9436456,410,4,0.000190090405112192,0.000126952884316202,0.00641905083054583,0.0050268811710761,""
"chr15",80777996,80778932,937,5,0.000190380206359698,0.00231199557482369,-0.0026950568916913,-0.00111895027689754,""
"chr1",216145235,216145362,128,2,0.000190708119766362,0.00040403266484046,-0.00753850993036209,-0.00669190796517994,"USH2A"
"chr19",17747209,17748020,812,12,0.0001907438642549,7.27868180065164e-05,0.00761943561736156,0.00315802200871656,"FCHO1"
"chr3",122563810,122564837,1028,16,0.000191167486706801,1.26549253515974e-06,-0.00711869802137277,-0.00123382087018523,"DTX3L, PARP9"
"chr1",172144366,172145717,1352,10,0.000191493301443857,3.07986855268192e-06,-0.00667576177784398,-0.00564191640621219,"DNM3, DNM3OS, MIR199A2"
"chr1",53729405,53730157,753,3,0.00019300337164176,0.000759258490078999,-0.00451889057425906,-0.00315520919836991,"GLIS1"
"chr12",6635891,6636541,651,11,0.00019377513089314,0.00263886084408222,-0.008166275685339,-0.00381707559270015,"LPAR5"
"chr17",50507855,50508284,430,9,0.000193876367088077,0.00265725835037575,0.00792345150407593,0.00268783805922405,"AC021491.1"
"chr2",36484720,36485666,947,3,0.000193876367088077,0.000109448182162309,-0.00755516506849163,-0.00597231389520032,"CRIM1"
"chr1",207822407,207823986,1580,7,0.000193954652588651,0.000279669296415177,-0.00935862581846233,-0.00435765845845753,"MIR29B2CHG"
"chr6",99606593,99607297,705,11,0.000195145363188313,0.00254306006900399,0.0067377200670916,0.00215933527189586,"PRDM13"
"chr3",14526398,14527192,795,4,0.000195162644069028,0.000838034682505595,-0.00844021892852445,-0.00538838842616059,"GRIP2"
"chr2",8307278,8307453,176,4,0.000196495736266955,0.00012172355357341,-0.00595705791268159,-0.00401053698122466,"LINC00299"
"chr20",44246482,44247451,970,13,0.000196647260335152,0.000648121145532517,0.00466611684674204,0.00225292831978611,"GDAP1L1"
"chr17",20072996,20073843,848,7,0.000196808420137285,0.000362219423290226,-0.00978440822171579,-0.00528700472967569,"SPECC1"
"chr6",158003142,158003805,664,4,0.000197145356779189,0.00060841035820574,-0.00850216109082968,-0.00560869894007499,"SYNJ2"
"chr6",2622712,2623544,833,3,0.000197622810199715,6.16525433774642e-05,-0.00898527765222056,-0.00747470448442461,"LINC02521, LINC01600"
"chr6",32083128,32083331,204,4,0.000197727189692243,0.000131012826164105,-0.00636149247799527,-0.00567895880449014,"TNXB"
"chr3",149086580,149087507,928,21,0.000200105286737283,0.000118009814616357,0.00598326144728611,0.00180118875107223,"HLTF-AS1"
"chr2",216676578,216677824,1247,3,0.00020180575775256,0.00016066468698542,-0.00822017105729144,-0.00588505965561174,"IGFBP5"
"chr14",97703067,97703182,116,2,0.000202556664251166,0.000555573844345173,-0.00711114931235017,-0.00686986335104977,""
"chr2",66508561,66508999,439,4,0.000207319444958438,0.00142826033054385,-0.00922753603516819,-0.0062024635280377,"MEIS1"
"chr6",130970108,130970545,438,2,0.000208572425466739,0.000307488103193385,-0.00870340937083658,-0.00837210846782677,"EPB41L2"
"chr12",55972039,55974442,2404,19,0.000209627263502033,2.29629089295974e-07,-0.00752405192597681,-0.0013775010753245,"CDK2, RAB5B, PMEL"
"chr7",103988652,103989646,995,6,0.00021027634950718,4.48524770058918e-05,0.00799408549593664,0.00416134223693644,"RELN"
"chr18",77054482,77055150,669,3,0.000211081877916885,0.000402847576136047,-0.00585498306561188,-0.00468277028123038,"MBP"
"chr11",65291976,65292915,940,3,0.000211869529889981,0.00042442991478878,-0.00746177931223953,-0.00631521350769753,"POLA2, AP000944.5"
"chr9",33264126,33265146,1021,13,0.000211941290655289,0.000842023225802171,-0.00190681478056539,-0.000538922037318247,"CHMP5, BAG1"
"chr16",56190592,56191147,556,8,0.000212244740111328,0.00133957380892619,0.00760025578949408,0.00192694410576967,"AC040168.1"
"chr7",101126324,101127195,872,8,0.000212683491836864,0.0020737148947666,-0.00313403811258045,-0.00171639913609551,"SERPINE1"
"chr10",123665438,123667082,1645,10,0.000212887970396493,1.16489854274116e-06,-0.00578658570465941,0.00153118800923275,"GPR26"
"chr2",113211060,113212058,999,5,0.0002129141111938,0.000838525592980437,-0.00812969677476448,-0.00440281406634766,"PAX8-AS1"
"chr1",203627812,203630530,2719,12,0.00021302088713559,1.21712762830222e-07,-0.0060600758653704,-0.00386283228740423,"ATP2B4"
"chr13",22198879,22199451,573,2,0.000213411776433958,0.00265056234857146,-0.0082018003005974,-0.00575441809358254,"LINC00540"
"chr11",63574247,63575322,1076,5,0.000213972403752891,2.9648316260436e-05,-0.00747973736333849,-0.0059896605615528,"PLAAT3"
"chr16",87725282,87725969,688,4,0.000214274553791273,7.75252513771032e-05,-0.00696419925212201,-0.00517916455812233,"KLHDC4"
"chr12",62190673,62192096,1424,10,0.000214529847899389,4.67598955947025e-05,0.00644683209494434,0.00241849422076507,"TAFA2"
"chr1",75136482,75137240,759,6,0.000214810338019473,0.00131714622045144,0.00446762092987035,0.00284198130604145,"LHX8"
"chr19",6371611,6372352,742,8,0.000215123747686005,0.000834115057156171,-0.00513505014996419,0.000768204607151687,""
"chr7",77409702,77410585,884,3,0.000215595267221107,5.26852534914646e-05,-0.00580303283286041,-0.00518579203358387,"GSAP"
"chr5",177484178,177485609,1432,8,0.000216798608094786,0.000112162579540688,-0.0064366176062862,-0.00396586851691054,"PDLIM7"
"chr2",201807560,201808287,728,3,0.00021818728203193,0.00068277460655053,-0.00738511099740105,-0.00485648665090843,"CDK15"
"chr14",61153718,61154629,912,3,0.000218227725483529,0.00012540121085019,-0.00673975511644409,-0.00594104924880092,""
"chr13",44573213,44575892,2680,10,0.000220621151883774,1.51827335311545e-06,0.00610803180147818,0.00377148608851183,"TSC22D1"
"chr17",2755323,2755787,465,4,0.000220632610112999,0.00750418272994681,0.00314593077987801,0.00121542615320191,"RAP1GAP2"
"chr10",21184550,21185470,921,3,0.000221894979632599,4.14105567531123e-05,-0.00837069906045354,-0.00763261673964901,"NEBL"
"chr19",37855179,37855871,693,5,0.000222052313242884,9.10330503177325e-05,0.00712026985258546,0.00322961429958127,"AC016582.1"
"chr11",62922571,62923710,1140,6,0.000222074577786145,0.00311709277392893,0.0108281960245859,0.0039394773409214,""
"chr21",32248600,32248788,189,3,0.000222285051552207,0.000700196554645167,-0.00887965209902894,-0.00426451784447876,""
"chr5",14185924,14186389,466,2,0.000222285051552207,0.000447094838276124,-0.00902583514125562,-0.00797213419826434,"TRIO"
"chr12",14884821,14885506,686,2,0.000222363421797405,0.000745481590523668,-0.0104209343534727,-0.0067992573473672,"C12orf60, MGP"
"chr8",29513541,29513963,423,2,0.000223894324861968,0.000348006949063258,-0.0082280997475903,-0.00745421301242823,""
"chr6",139239029,139239776,748,5,0.000225524438183629,0.000377046107394372,-0.00693965101034889,-0.00490411721092217,"AL031772.1, AL158850.1"
"chr2",72916405,72917380,976,7,0.000228725937118115,2.87694782712052e-05,0.00587157921920193,0.0026112197368578,"EMX1"
"chr19",4639365,4640147,783,10,0.000229105597959114,0.0139425035177935,0.0057997001839937,0.002356563456279,"TNFAIP8L1"
"chr12",130776246,130777352,1107,7,0.00022997703909668,0.00192626662413446,-0.0051637373276267,-0.00192753522297194,"AC073912.3"
"chr17",7436310,7436516,207,4,0.000230818132875931,0.000220686819141498,0.0085967895598753,0.00679830535429137,"AC113189.2, TMEM102"
"chr10",33899642,33900095,454,3,0.000231213890800403,0.000183769377005271,-0.00892799942628303,-0.00684962350649159,""
"chr6",84062064,84062327,264,2,0.000231287887415353,0.000665181358826079,-0.00785848367309545,-0.00466050885719983,"MRAP2"
"chr14",22513257,22514157,901,4,0.000232428124809308,0.0173276089388384,-0.00717581945491912,-0.00253151468370421,"TRAJ29"
"chr8",116769322,116769916,595,3,0.000233290816342783,0.0164138265012928,-0.00282802335694864,-0.00127599463527344,"UTP23"
"chr8",141308344,141309115,772,5,0.000233394686442572,0.00366447609119927,0.0114960925477413,0.00305434579390885,""
"chr6",41374464,41376092,1629,9,0.000233820128288903,1.71765920656008e-05,0.00625531535861998,0.00505488429772766,""
"chr18",63984698,63985087,390,4,0.000233820128288903,0.00401396329319976,-0.00507871770938546,-0.00271179360225988,"SERPINB8"
"chr2",224401629,224402402,774,11,0.000234072972396799,5.44577206568615e-05,-0.00658607413377641,-0.00500990994209467,"FAM124B"
"chr19",44776508,44776927,420,5,0.000234118432608021,0.00169571469827605,-0.00574495612662255,-0.00241414533886911,""
"chr7",18792936,18793416,481,3,0.000235893196102463,0.000186460623272826,-0.00767202468759595,-0.00689419748423425,"HDAC9"
"chr11",59616295,59616822,528,6,0.000237079257207964,0.00503702000381776,0.00867694800256343,0.00240207987989376,"AP000442.1"
"chr6",143448943,143449958,1016,6,0.000237200210906537,0.00179170176695685,0.00615283953738618,0.0026284892651496,"RNA5SP221, ADAT2"
"chr1",1626730,1627716,987,7,0.000237793855721728,0.00066071454534377,-0.00621118889702708,-0.00259436796046931,"MIB2"
"chr4",46992731,46994247,1517,11,0.000239742809256498,0.000799596850957347,0.00628299416961478,0.00158906988945739,"GABRB1, GABRA4"
"chr11",105045032,105045368,337,3,0.000240904918051561,0.000399204153236198,-0.0102809032618243,-0.00685850760571605,"CARD16"
"chr1",150971352,150971988,637,3,0.000241645641269787,0.000322590176495652,-0.00846380007493299,-0.00715648465531066,"CERS2"
"chr4",128831344,128831948,605,3,0.000241900205165794,0.000226146518569003,-0.0074883723978127,-0.00629094968893606,"JADE1"
"chr15",47183936,47184807,872,8,0.000241991820595775,0.000158250396465924,0.00468785547950503,0.00263324132258909,"SEMA6D"
"chr14",65432482,65433119,638,2,0.000242623260974529,0.000209252943215239,-0.00525832325201481,-0.0047944417941806,"FUT8"
"chr16",30953306,30953758,453,3,0.000242836297710256,0.000130200537316181,0.00694640788724919,0.00513369576087152,"AC135048.1, ORAI3"
"chr14",60514455,60515555,1101,9,0.00024347225715547,0.000259495784893135,0.00470586579105307,0.00217166795176286,"AL049874.3, C14orf39"
"chr10",43410067,43410646,580,2,0.000243766330519594,0.00940322260501737,0.00879524869847755,0.00497644223421776,""
"chr21",41765514,41766362,849,9,0.000244158739537826,0.00173754714190453,0.00638868776170295,0.00373442419394401,"RIPK4"
"chr17",35432493,35433800,1308,15,0.000245115021283471,4.30654729353084e-06,-0.00693639673115758,-0.00546116471827543,"SLFN12"
"chr22",45502415,45503856,1442,7,0.000245677692389542,1.95198500893351e-05,0.00884670286037437,0.00434406968951021,"FBLN1"
"chr12",131775039,131775363,325,6,0.0002469131499788,7.82940046021708e-05,-0.0073207026223245,-0.00593990058019449,"SFSWAP"
"chr3",141576447,141577047,601,2,0.000247368161544854,0.00692960238747249,-0.00853766536551233,-0.00374904869161365,"RASA2"
"chr19",28793322,28794212,891,5,0.000249376930037428,0.00024850419531471,0.00527058003335441,0.00244624891092218,""
"chr18",907604,909153,1550,7,0.000250032929602206,0.000558865278065206,0.00444814660794397,0.00232623522836548,"ADCYAP1, AP000894.3"
"chr13",48411988,48413029,1042,4,0.000251074511352102,6.12549820101839e-05,-0.0100114346173497,-0.00715975376699943,"RB1, LPAR6"
"chr9",91166443,91166854,412,2,0.000251236740616635,0.00315844767494091,-0.00724526268830683,-0.00327105596975601,"LINC00484, AL158071.2"
"chr15",64093982,64095787,1806,16,0.000253152876210329,0.000232560380921557,-0.00501131460298169,-0.000236541027007035,"SNX1"
"chr16",90047288,90048155,868,8,0.000254699480064243,0.00359322143556479,0.00703507643405478,0.00281746823918188,"URAHP"
"chr11",129023956,129024855,900,4,0.000254948767018691,9.9327840762276e-05,-0.00679078654314557,-0.00490980954614243,"ARHGAP32"
"chr20",17682573,17683327,755,5,0.000255067296595978,0.00133479175908488,0.0106683354151425,0.00290693211793914,""
"chr20",3797315,3799399,2085,7,0.000255474617307548,2.6818561261471e-06,-0.00789419393471915,-0.00651783389805568,"CDC25B"
"chr8",48550833,48551507,675,4,0.000258323428708794,0.00394151609495294,-0.00754077242998716,-0.00480973626229605,""
"chr14",71487173,71489303,2131,5,0.000258847676224399,1.16489854274116e-06,-0.00760758950374725,-0.0059390298710786,"SIPA1L1"
"chr20",4022515,4023050,536,2,0.000261011211351363,0.000658825110803202,-0.00834509505830562,-0.00739354786684986,""
"chr10",80199928,80200039,112,2,0.00026118608926087,0.000261264663408943,-0.009232444978353,-0.00885693574535637,"ANXA11"
"chr15",73997151,73997245,95,2,0.000264467355704037,0.000422584858398322,-0.00586849902031722,-0.00556985859564397,"PML"
"chr12",42585766,42585931,166,2,0.000264640449541189,0.000506284770382562,-0.010317320234593,-0.0081501290461275,"PRICKLE1"
"chr8",564736,564821,86,3,0.000265089285878934,0.000110256059568213,-0.00668479482235284,-0.00566605386782896,""
"chr19",30865703,30866206,504,2,0.000265702496726211,0.0187163291545855,-0.00807498610170777,-0.00439928385167953,"AC011507.1"
"chr3",187101249,187101992,744,3,0.000266186167322794,0.000110790713420198,-0.00713408316357974,-0.00651939292923252,""
"chr8",57805200,57805293,94,2,0.000266186167322794,0.000736322927044787,-0.0074712661788892,-0.00588262236986622,""
"chr8",54554206,54554615,410,5,0.000268273942903748,9.28888885938179e-05,-0.00616651879477471,-0.00388474363674573,"RP1"
"chr5",10308930,10309011,82,3,0.000268389125338511,0.000180801973008953,-0.00741058735595584,-0.00603181487493587,""
"chr14",52791449,52792377,929,9,0.000268747343553041,0.00478896239231135,0.00745507252785438,0.00252706788980769,"AL139317.5, GNPNAT1"
"chr8",102528236,102528817,582,6,0.000269197423612259,0.000563763146589258,0.00843753346326916,0.00456967882978186,"AP002852.1"
"chr12",116161176,116161752,577,2,0.000269197423612259,0.000230451997059178,-0.00667354693878829,-0.00579850994337351,"MED13L"
"chr4",186068369,186069271,903,7,0.000269368136409002,4.74836111625338e-05,-0.00489748641873104,-0.00362865067991222,"TLR3"
"chr11",487916,488555,640,4,0.000269801486471165,0.000554450192667592,-0.00567338340557505,-0.00263883556193871,"PTDSS2"
"chr18",48054031,48054651,621,4,0.000270216210380627,0.00706695131341197,-0.0105967300377503,-0.00443535454839942,"ZBTB7C"
"chr4",121951863,121952817,955,5,0.000270690902854093,0.00300034128117469,-0.00685177522099685,-0.00288024716306811,"TRPC3"
"chr1",197485665,197486122,458,2,0.00027247314552778,0.0133540787332954,-0.00886920851956636,-0.00432751907416443,""
"chr14",68521987,68522670,684,2,0.000273705790196433,0.00127358679945028,-0.00769716513879028,-0.00667856364991507,"RAD51B"
"chr16",17469103,17469970,868,4,0.000273833044614505,0.000137579770038478,0.00812152747472938,0.00541740808565812,"XYLT1"
"chr5",88672300,88673568,1269,12,0.000273990135484292,0.000128498280155791,0.00676178406815447,0.00210253916301801,"LINC00461"
"chr10",114180755,114180769,15,2,0.000278194144734934,0.000530052313801245,-0.0063964791380557,-0.00568908689832472,"TDRD1"
"chr17",48603749,48606642,2894,20,0.000278222249526181,1.05512749668412e-05,0.00702168731944674,0.0033853990782048,"HOXB-AS3, HOXB3, HOXB6"
"chr7",131007424,131008177,754,3,0.000278222249526181,0.000686636743756657,-0.00879528295443674,-0.00474001771668209,"AC016831.6, LINC-PINT"
"chr3",190120904,190121568,665,11,0.000280734634534758,0.00151360254676268,0.00615197685388663,0.00247894274144125,"P3H2-AS1, P3H2"
"chr5",163502607,163503182,576,7,0.000280734634534758,0.000543856991623945,-0.00614372885859648,-0.00345992381466319,"MAT2B"
"chr1",247857035,247857861,827,11,0.000281543478859578,6.01544576320692e-05,0.00828913291952049,0.00529881490441972,"TRIM58"
"chr2",109304826,109305661,836,5,0.000283153271191415,0.0119744052461069,-0.00876777592534889,-0.00411344691499182,"SH3RF3"
"chr11",69818891,69819941,1051,15,0.000284275814708528,0.000552708013631643,0.00544829177696955,0.00153498541841656,"FGF3"
"chr2",222288940,222289910,971,5,0.000284618103220376,0.000178406557265909,0.0108636240757623,0.00624434049489247,"PAX3"
"chr5",10565567,10566670,1104,4,0.000284861223705999,0.000133833742152635,-0.00800492619760407,-0.00498591466463976,"ANKRD33B"
"chr7",135163856,135163898,43,2,0.00028590549553576,0.000405322534907117,-0.00551258612480467,-0.00549284327350097,"TMEM140, CYREN"
"chr8",19224909,19225591,683,3,0.000287612502479992,0.000119539223107222,-0.00773280573846254,-0.00696762752271001,"AC100849.1"
"chr12",101209396,101210536,1141,16,0.000287935887721588,0.00935842441972882,0.00842008788541053,0.00182372011712468,"SLC5A8"
"chr5",95759906,95760561,656,2,0.000288702069151728,0.000644105616332444,-0.0100462587157923,-0.00759603956225695,"RHOBTB3, GLRX"
"chr7",883138,884217,1080,9,0.000288928425522409,2.03726999111938e-05,-0.00646264253745175,-0.00491137276976014,"SUN1, GET4, AC073957.3"
"chr1",161258665,161259619,955,8,0.000289472995617522,0.0015092869540463,0.00851796802530511,0.00222469882949434,"PCP4L1"
"chr10",5619010,5620630,1621,6,0.000291334261657873,1.10884163742591e-05,-0.00760176425739735,-0.00627280647961829,"LASTR"
"chr6",33630175,33630226,52,2,0.00029183374574777,0.00030978841338636,-0.00710653457586837,-0.00704486265152193,"ITPR3"
"chr14",95663069,95663487,419,3,0.00029229350229166,0.00795592764752497,-0.0068827454759667,-0.00370118496288947,"TCL6, AL133467.3"
"chr20",17680134,17680877,744,5,0.000294395082157757,0.000456595511995202,-0.00863295360303068,-0.00509793741457613,"RRBP1"
"chr17",7261691,7262962,1272,12,0.000294935458118689,0.00222774601097998,0.00602603033084483,0.00232928726125956,"AC003688.1, CLDN7"
"chr21",38349197,38349270,74,2,0.000294935458118689,0.000276202915543254,-0.00858422995563424,-0.00834332861212337,""
"chr11",107719701,107720779,1079,6,0.000295701880965713,6.78179426425435e-05,-0.00770982305411675,-0.00374304109955604,""
"chr12",43277832,43278462,631,3,0.000295930719030961,0.00223334457796411,-0.00713612200909186,-0.00372604760863275,""
"chr2",238403856,238404416,561,5,0.000296168984944813,0.000942971988945214,-0.00546187901233819,-0.00252861236273981,""
"chr13",45196172,45196964,793,3,0.000298142240147739,0.00011809253083851,-0.00692353803113584,-0.00538709095917127,"GTF2F2"
"chr19",1455021,1456158,1138,6,0.000298281020640104,0.000563763146589258,-0.0088627407586891,-0.00492390605364826,"APC2"
"chr17",57365482,57366620,1139,4,0.00029838403306676,0.000238197395597085,-0.00882779649369331,-0.00622974302786925,"MSI2"
"chr2",36516278,36516849,572,2,0.00029838403306676,0.000376032726216017,-0.00629561256706369,-0.00606163371126628,"CRIM1"
"chr17",67140364,67140506,143,3,0.000299072472041199,0.000122949565014211,-0.00704154075805509,-0.00604149976519859,"HELZ"
"chr10",234884,235509,626,3,0.000299365964460646,0.00548322164554689,-0.006939873180047,-0.00390927827060343,"ZMYND11"
"chr5",96702522,96703362,841,13,0.000299953953491347,1.85306765465808e-05,-0.00151678581701444,-0.000649732053870953,"CAST"
"chr1",153536047,153537159,1113,13,0.000300483732847007,9.04599682587269e-06,-0.00465415997957308,-0.00193759773811448,"S100A6, S100A5"
"chr12",62903299,62903620,322,3,0.000303843287819186,0.0644182586918403,-0.0068377217818294,-0.00445798981380306,"PPM1H"
"chr3",15317240,15317831,592,3,0.000303911891942923,0.000268599454914123,-0.00659452179311562,-0.0048558870319533,"SH3BP5"
"chr10",123966478,123967081,604,2,0.000303947391680917,0.000563763146589258,-0.00527398068550508,-0.00487994641466723,""
"chr3",136929910,136930491,582,4,0.000305783063377925,0.00280917987724102,-0.0073410250345886,-0.00436310551629515,"NCK1"
"chr2",237355244,237355798,555,3,0.000306596752326518,0.00274803842048521,-0.00921748177060079,-0.00541891221596761,"COL6A3"
"chr20",32189987,32190825,839,6,0.000307702013960719,0.000273211954531685,0.00578716812053865,0.00379200827781429,"TSPY26P"
"chr15",70799877,70800464,588,3,0.000308199651852256,0.000101854263003362,-0.0073212976556564,-0.00638461922427093,"RPL29P30"
"chr22",40276685,40277488,804,4,0.000309855762734,8.1984774699831e-05,-0.0074432334826443,-0.00476018085613007,"TNRC6B"
"chr10",89494719,89494942,224,2,0.000310797792604371,0.000277892231045368,-0.00858755015359232,-0.00552411753450437,"SLC16A12"
"chr4",21948230,21949423,1194,11,0.000311122281721501,1.68839385557791e-05,0.00445979164265455,0.00216892721187647,"AC096719.1, KCNIP4"
"chr21",38460173,38460629,457,3,0.000311420687481305,0.00183719685870198,-0.00981886101199247,-0.00571034208864344,"ERG"
"chr1",226827717,226828270,554,8,0.000313138236317344,0.00296759675721873,-0.00973088499141134,-0.00357623373440538,"AL359732.1"
"chr1",162284706,162285249,544,2,0.000315927073060087,0.000261675759904435,-0.00900130210847289,-0.00799712933008976,"NOS1AP"
"chr1",112513186,112513768,583,4,0.00031601892323459,0.000486832744805111,-0.00814170843259611,-0.00466710959081899,"WNT2B"
"chr11",34501797,34502757,961,3,0.000326422458091136,0.000109812331544005,-0.00766458272544953,-0.00669108417948282,"ELF5"
"chr12",85836026,85837047,1022,9,0.00032814977944523,8.27634038433152e-05,-0.0063107951593526,-0.00454040004889773,"RASSF9"
"chr10",133318603,133319616,1014,5,0.000329408774325245,0.00623663809670473,0.00530825993640275,0.00246026214527645,"ZNF511-PRAP1"
"chr17",42122167,42123341,1175,12,0.000329467667139729,9.63179415677454e-05,-0.00662290102742384,-0.00284193816985999,"HSPB9, AC099811.2"
"chr14",69997903,69998248,346,2,0.000329756414100906,0.000476573833527585,-0.00858791844227117,-0.00774156461389438,"SMOC1"
"chr11",15815291,15817201,1911,4,0.00033024462386006,7.27155618483736e-06,-0.00956592397253716,-0.00606435395645012,""
"chr10",126070680,126070762,83,2,0.000330706653787603,0.000384767175450614,-0.00716115802616765,-0.00595822239898675,"ADAM12"
"chr12",6317565,6317902,338,2,0.000331714504731874,0.00143572761933765,-0.00758266634508869,-0.0031568388976521,"PLEKHG6"
"chr17",2995451,2995584,134,3,0.000332044772937896,0.000258736411918845,-0.00592040648377622,-0.00528951670718136,"RAP1GAP2"
"chr3",195450964,195451123,160,2,0.000335276921146852,0.000467000305594446,-0.00804438672481849,-0.00615121576626201,""
"chr2",101559426,101559834,409,2,0.00033683032095444,0.000359666161022717,-0.00715159323567875,-0.00658842920297438,"AC093894.2"
"chr12",50785081,50785586,506,2,0.000336936655551543,0.000307488103193385,-0.00668431164125495,-0.00618313550175527,"ATF1"
"chr5",172733787,172734261,475,2,0.000337611899456773,0.00042277456415074,-0.00782017617902934,-0.00615505566894685,""
"chr10",93363961,93364017,57,3,0.000338600826748872,0.000224814281266333,-0.00872049915556192,-0.00709523529400353,"MYOF"
"chr1",21574231,21575192,962,7,0.000339889403576235,6.75439362311672e-05,-0.00555208901050944,-0.00400118717165962,"ALPL"
"chr12",57226271,57227073,803,4,0.000340072240525077,0.000325564810518633,0.00771234425519007,0.000637694875990815,"NXPH4"
"chr1",154520034,154520476,443,4,0.00034106558698556,0.000283121798262244,-0.00832303108669745,-0.00457997511429622,"TDRD10"
"chr3",149395752,149396821,1070,5,0.000342546259668598,0.000662934589764675,-0.00872501339553837,-0.00583167700996711,""
"chr1",12496514,12497241,728,3,0.000342743051749149,0.00124051429509795,-0.00873551073994795,-0.00582148964516099,"VPS13D"
"chr4",145195819,145196353,535,2,0.000345757288108043,0.00115864203196203,-0.00634269957708874,-0.0028054227857324,""
"chr5",151619475,151619925,451,2,0.000346309539940809,0.00795410803817007,-0.00602060964509925,-0.00319380558354219,""
"chr2",181123623,181123821,199,2,0.00034749467506705,0.0292415674340534,-0.00751672531020399,-0.00384024325776959,"LINC01934"
"chr16",86466461,86466932,472,3,0.000347698769859387,0.000869507007867245,-0.00606090710417844,-0.00461364620786102,""
"chr1",2187738,2188553,816,4,0.000349800354517794,0.000271294006843252,-0.00571895842336018,-0.00368853104045445,"FAAP20"
"chr10",612698,613560,863,4,0.000351982219302281,0.0013435635625415,-0.00801018373051535,-0.00510563129271601,"DIP2C"
"chr3",193240584,193241583,1000,11,0.000352872366922514,0.000647160067821695,0.00486179346528694,0.00244623224429008,"PLAAT1"
"chr4",6221736,6223053,1318,5,0.000352984342184368,0.000644105616332444,0.00989906134406509,0.00431620468816979,"LINC02495"
"chr13",44231919,44233169,1251,6,0.000355269758711804,0.00288280634293857,-0.0075632085982559,-0.00405559989273737,"SMIM2-AS1"
"chr11",125277035,125277195,161,2,0.000355471335556442,0.00100844133736738,-0.00741981110170115,-0.00525135705668044,"PKNOX2"
"chr4",103076922,103077560,639,8,0.000356926588008433,0.000775179994389104,-0.00612115797240002,-0.0035175725848619,"SLC9B2"
"chr14",106844086,106844257,172,2,0.000357743512994102,0.00071413743335949,-0.00862033446036735,-0.00846440316752339,""
"chr20",25083491,25084888,1398,9,0.000358087415790902,9.06635043641794e-05,0.00799750209342801,0.00338642738025243,""
"chr14",23146942,23147422,481,5,0.00035811108708428,0.000879910062349056,-0.00522141141419399,-0.00277804743873774,"SLC7A8"
"chr1",162631084,162633735,2652,13,0.000358698315535837,6.05940862797822e-07,-0.00828857058989245,-0.00568210046708425,"DDR2"
"chr21",46180058,46180423,366,2,0.000358698315535837,0.0105897778995412,0.00710991932604485,0.00395684669039707,"SPATC1L"
"chr5",76818289,76819484,1196,13,0.000360193335680525,3.84744248481826e-05,0.00687824119192808,0.00387479846421559,"F2RL1"
"chr1",40978906,40979534,629,9,0.000361805562938297,0.00747959372821147,0.00849979379161692,0.00222766194082415,""
"chr3",138945508,138946465,958,5,0.000362983586002803,9.06635043641794e-05,0.00807698542250014,0.00348554538695723,"FOXL2"
"chr5",177351471,177352376,906,16,0.000363553120936984,0.00176891860696594,0.00286792339896126,0.000128289826276534,"LMAN2"
"chr4",42172914,42173434,521,2,0.000364225431731149,0.00284006270506483,-0.00227292267792329,-0.000186159366567581,"AC111006.1"
"chr5",67647943,67648234,292,2,0.000364611914190098,0.000462847308512411,-0.0091466627024452,-0.00827854236991832,"AC112206.2"
"chr3",13650542,13650843,302,6,0.000367863972939274,0.00223762417147842,0.0122850888930537,0.00609563280382855,"LINC00620"
"chr15",39555851,39556197,347,2,0.000368782465102192,0.000340405695688338,-0.00668249777174622,-0.00622480302275832,""
"chr1",25780646,25781026,381,2,0.000368836576715108,0.0010805024700821,-0.0069597364438624,-0.00444769216006714,"MAN1C1"
"chr21",43740903,43741722,820,5,0.000368985092600437,0.000100770945977746,0.008518127539289,0.00529865011405691,"PDXK"
"chr3",149501812,149501996,185,2,0.000369039177265599,0.000563763146589258,-0.00556155655732219,-0.00486508690211053,"TM4SF4"
"chr17",81360788,81360795,8,2,0.000369860487622689,0.000319989826639807,-0.00546917361629151,-0.00543010206417613,""
"chr1",180610046,180610708,663,4,0.000370322614487262,0.00700897247935384,-0.00814517726788839,-0.00364865232451652,""
"chr11",99694163,99694180,18,2,0.000370834907199274,0.000307488103193385,-0.00718184128887717,-0.00703119725883747,"CNTN5"
"chr11",5234696,5235239,544,2,0.000370859784784752,0.00128538536359006,-0.00875428465729905,-0.00291477868711666,"HBD"
"chr6",140462904,140463537,634,3,0.000372576466125621,0.000563763146589258,-0.0072540600425192,-0.00376784041601439,""
"chr2",151923479,151923809,331,2,0.000373066216694061,0.000617711539453794,-0.00767387134901205,-0.0062594712827861,"AC068547.1, CACNB4"
"chr11",45922021,45923239,1219,8,0.000375219422362459,8.73154288506253e-05,0.00432723491329638,0.002778418882336,"LARGE2"
"chr18",2906034,2907474,1441,8,0.000376231724565463,5.42923082584501e-05,0.00734411763566326,0.00459941530460835,"EMILIN2"
"chr2",96739311,96740729,1419,15,0.00037803944849406,0.000222066793602524,0.00430232991623437,6.1669562259413e-05,"LMAN2L"
"chr12",26011131,26011705,575,2,0.000384113031334624,0.00845303567673031,-0.00885191853542678,-0.00429808301176338,"RASSF8"
"chr6",165718497,165718658,162,2,0.000384612337308482,0.000359666161022717,-0.00767253864882341,-0.00748777856243102,"PDE10A"
"chr10",3935146,3935416,271,3,0.000387123836337319,0.000183769377005271,-0.00841395665801373,-0.00835956549742007,"LINC02660"
"chr7",159015288,159016346,1059,6,0.000387389351841154,6.84038702490166e-05,-0.00734185562726449,-0.00474858787881452,"LINC00689"
"chr10",114713661,114713917,257,2,0.000387836326889866,0.00100844133736738,-0.00940201487790761,-0.00621285182564426,"ABLIM1"
"chr15",67165246,67166453,1208,12,0.000387931833412003,1.31221008978213e-05,-0.00820931842816901,-0.00488425337379266,"SMAD3"
"chr6",148890847,148890966,120,2,0.00038815107274375,0.000312990266709137,-0.00742654204770186,-0.00718276378945657,"UST"
"chr1",220360215,220360616,402,3,0.000388547645859922,0.0115984257931116,-0.00705172713349785,-0.00469077726250329,""
"chr14",68164999,68165447,449,2,0.000388560490963691,0.0196897336816008,-0.00622419778539544,-0.00325470392102572,"RAD51B"
"chr1",164589061,164589232,172,3,0.000388917557001912,0.000184781224264294,-0.0070221497685646,-0.00663969667634134,"PBX1"
"chr4",165709960,165710151,192,2,0.000389604731522865,0.000627020268203375,-0.00883859167536834,-0.00747677883555742,"LINC01179, AC080079.2"
"chr16",80063173,80063187,15,2,0.000389808023457925,0.000324831858904586,-0.00801936905191662,-0.00793622478816581,""
"chr10",132520352,132520779,428,3,0.000391156093822176,0.00163626068134608,-0.00747462149700349,-0.00393230394935289,""
"chr16",74985032,74985869,838,11,0.000392583651269588,0.00594780730243539,0.0115812067759743,0.000954576573432808,"WDR59"
"chr20",17225496,17226601,1106,11,0.000393056473619572,0.0711109757104643,0.00516010628669043,0.00112070613032664,"PCSK2, AL359511.3"
"chr17",1020431,1020693,263,4,0.000393666715665953,0.000612027076515525,-0.00654342038655368,-0.00423364974994849,"ABR"
"chr21",41683985,41684848,864,4,0.000393808467916149,0.00027387872617151,-0.00782446922041424,-0.00540755607018893,"LINC00111"
"chr15",45111959,45112969,1011,4,0.000394248734832272,0.00220925435369908,0.00745776656973262,0.00346441815281782,"DUOX2"
"chr17",40828169,40828380,212,2,0.000395748171053927,0.000429012742621634,-0.00891700669491914,-0.00799429146200303,"TMEM99"
"chr1",201023257,201024581,1325,15,0.000397913838338982,0.00693559103702484,0.00530720559052387,0.00161855671856862,"AL358473.1, KIF21B"
"chr1",205513796,205514067,272,2,0.000397997422883193,0.000888230911242027,-0.00559204773427678,-0.00397742082282788,"CDK18"
"chr18",31590965,31592014,1050,6,0.000398221168001759,0.00104281920052213,-0.00596388546202825,-0.00325288557474136,"TTR"
"chr6",167824701,167825545,845,8,0.00039845576549602,1.31221008978213e-05,0.00723761654491894,0.00512639820737466,"AL009178.3, AFDN-DT"
"chr15",31472916,31473717,802,2,0.000398503507785156,0.000169915334913658,-0.00789919507634027,-0.00759214845019991,""
"chr15",29936522,29936898,377,2,0.000399970570926634,0.000345139728804311,-0.00472950273628638,-0.00338250498015704,"TJP1"
"chr3",188021583,188021884,302,2,0.000400405292041239,0.000321277839936068,-0.00896868832054782,-0.00804090182286104,""
"chr12",27549268,27550164,897,4,0.000400496966281934,0.000109150607016794,-0.00809464267327045,-0.00684192343297666,"PPFIBP1, AC087257.1"
"chr3",64022331,64022711,381,5,0.000402610326935843,8.48782659695877e-05,0.00568422989889681,0.00332514366940798,"PSMD6"
"chr2",157257557,157257912,356,4,0.000404899471942873,0.000154049138419184,-0.00599854167739804,-0.00496852298460914,"GALNT5"
"chr7",143934751,143935127,377,2,0.000405642306619688,0.00220289236843567,-0.0073335971555891,-0.00484726846086898,""
"chr11",118890056,118890417,362,3,0.000406156097133512,0.0024308056849514,-0.00856990198714442,-0.00462245976092945,"CXCR5"
"chr2",17878187,17879223,1037,10,0.000406645033269308,0.000183769377005271,0.00554762322292542,0.00263657509659075,"KCNS3"
"chr2",102540481,102541033,553,3,0.000407333548699848,0.000396400601249092,-0.00585801109407192,-0.00540538577517967,""
"chr15",26970301,26971672,1372,17,0.000407705305282945,0.00287647047060347,0.00517751693282423,0.00184380429908098,"TVP23BP1, GABRG3"
"chr1",223233620,223234926,1307,5,0.000407705305282945,1.97783798599571e-05,-0.00767541191067894,-0.00678149988011108,"SUSD4"
"chr20",32031071,32031441,371,5,0.000407705305282945,0.00035390861466825,0.0101535841787675,0.0054626130430358,"CCM2L, AL031658.1"
"chr18",80034830,80035233,404,4,0.000408335634300391,0.00351078246500211,0.00627506807144437,0.00309498674625767,"AC090360.1, RBFA"
"chr8",109596070,109597587,1518,5,0.000408559436368033,0.0025698721925013,-0.00793426539418326,-0.00296268221660417,"SYBU"
"chr6",131059403,131059718,316,2,0.000409339812627231,0.00306539993232976,-0.00821440354395346,-0.00351808630836752,"EPB41L2"
"chr8",28400600,28401735,1136,5,0.000410319873144142,0.00148605992244743,0.0077943778644821,0.00485152857013506,"ZNF395, FBXO16"
"chr19",16719476,16720048,573,9,0.000410570223798899,0.00124246568506754,0.00843422697010555,0.00437721066093019,"NWD1"
"chr7",47418397,47419059,663,3,0.000413892304623853,0.000271294006843252,-0.00681848813779824,-0.00587568486703158,"TNS3"
"chr12",63302630,63303377,748,3,0.000413992007452389,7.57985599374051e-05,-0.00672847538754573,-0.00657603441672857,"AC026116.1"
"chr7",5071857,5073023,1167,14,0.000414085317997111,0.00031797301498379,0.00779111403800414,0.00304765235263439,"RBAK-RBAKDN, RBAKDN"
"chr9",88529750,88529984,235,2,0.000414296706563514,0.00256481622950296,-0.0052289572945492,-0.00215522435941788,""
"chr10",66959143,66959725,583,3,0.000414932679010498,0.000570207344782629,-0.00885636874977432,-0.00621966979270091,"LRRTM3, CTNNA3"
"chr1",151720723,151721371,649,7,0.000415266823140997,8.93723472516822e-05,-0.00721764280831145,-0.00305761860962964,"RIIAD1"
"chr3",24493874,24494836,963,12,0.000415957014607527,0.00568522293355198,0.00481541913966839,0.0019365655276104,"THRB-AS1, THRB"
"chr1",12063081,12064057,977,13,0.000416942485189427,0.000588411960995844,0.00577399914387734,0.00193974504711702,"TNFRSF8"
"chr1",97271953,97272398,446,2,0.000417350300966133,0.000338810193718132,-0.00677019226099771,-0.00628794944964791,"DPYD-AS1, DPYD"
"chr5",181216432,181217365,934,6,0.000418447021158623,4.52194487840794e-05,0.00596599174179237,0.0033141706458211,"AC008443.7"
"chr15",60370289,60373177,2889,7,0.000419143646416425,2.66355351054311e-06,-0.00853812158346565,-0.00531218019197866,"ANXA2"
"chr16",4392917,4393426,510,3,0.000419533207318865,0.000700196554645167,-0.00705295285085933,-0.00565275673949329,"CORO7-PAM16, CORO7"
"chr10",103194346,103194361,16,2,0.000419868185200338,0.00068277460655053,-0.00771204219329383,-0.00693593341312111,"NT5C2"
"chr1",84892644,84893651,1008,9,0.000419983181696023,0.000389255850881748,-0.00516325368008709,0.000893039704734089,"LPAR3"
"chr2",176136106,176137181,1076,9,0.000420500092115167,0.000245091029866407,0.00518953081995611,0.00302110568918146,"HOXD3, HOXD-AS2"
"chr5",178474150,178474328,179,2,0.000422006333946355,0.000726484058940498,-0.00796887694298181,-0.00657118032343456,"COL23A1"
"chr8",103499548,103500958,1411,11,0.000422904573645361,0.00409729710227467,0.00625353383787412,0.00223368537656231,"RIMS2, AC012213.5, AC012213.1"
"chr6",32323591,32323593,3,2,0.000422923823599559,0.000362219423290226,-0.00956027615939307,-0.00877045653110682,"TSBP1-AS1, TSBP1"
"chr6",28489372,28490551,1180,9,0.000427277005092071,1.71765920656008e-05,-0.00654183909096239,-0.00358476266513959,"Z98745.1, Z98745.2"
"chr20",46900894,46901874,981,5,0.000428772436019105,0.000148988946301989,-0.0076372760452231,-0.00607975363946029,"EYA2, AL354766.2"
"chr16",81473723,81473786,64,2,0.00042916052642995,0.000469271909005384,-0.00831806384999579,-0.00728950435295234,"CMIP"
"chr17",81641231,81642320,1090,7,0.000429442575070139,0.000345162146681161,0.0025129515813925,0.00161564743245043,"TSPAN10, NPLOC4"
"chr3",45025088,45025479,392,4,0.000432575176401215,0.00046876411932438,-0.00869977433388562,-0.00498553384832075,"EXOSC7, CLEC3B"
"chr1",67307213,67308042,830,12,0.000432801121810325,0.013886087627019,0.00573584037471826,0.00172628421584578,"IL12RB2"
"chr16",57797833,57798397,565,10,0.000434134340893948,0.000505185513736364,-0.0065489760229647,-0.00411326207922938,"AC092118.1, KIFC3"
"chr4",15339899,15340254,356,4,0.000434134340893948,0.00100247552894943,-0.00662542117036774,-0.00402369474925561,"C1QTNF7, C1QTNF7-AS1"
"chr8",8461409,8462045,637,4,0.000434243768146714,0.00013262549049481,-0.00728840393621607,-0.00568951672191996,""
"chr14",61616351,61616934,584,2,0.00043637081407403,0.0182267758853755,-0.00741872922034694,-0.00378221005626183,"AL355916.3, AL355916.1"
"chr8",118620783,118621605,823,4,0.000439751064360645,0.000799966369050423,-0.00885343523435691,-0.00526305333002842,"SAMD12-AS1, SAMD12"
"chr2",20795936,20796654,719,2,0.000439834057621699,0.000259495784893135,-0.00854199918878775,-0.00589571365320115,"LDAH"
"chr20",26208003,26208604,602,3,0.000442943260696343,0.00333247925929326,0.0069886515664907,0.00472034743221577,"MIR663AHG, MIR663A"
"chr6",4914403,4914409,7,2,0.000443481275556471,0.000340318320652015,-0.00818609437529373,-0.00720386124416447,"CDYL"
"chr12",80033294,80033924,631,3,0.000446721013822327,0.000250028306250067,-0.00797896471032322,-0.00660063279165796,""
"chr1",55506442,55506752,311,2,0.000448416295385882,0.0899410123007799,-0.00496543885807975,-0.00248457708038339,"AL603840.1"
"chr20",10739289,10739921,633,3,0.000448863458304213,0.000139314192032659,-0.00673231006162405,-0.00634919604452578,"AL050403.2, LINC01752"
"chr9",133956583,133956956,374,2,0.000450678604079278,0.00103476933805255,-0.00718122875625801,-0.00576507146102453,"VAV2"
"chr15",74433789,74434565,777,15,0.000451599503464345,0.000470235702694027,0.00658872108811819,0.00337976151601687,"SEMA7A"
"chr1",222371129,222371538,410,3,0.000452132746737152,0.000451425412317154,-0.00799396122761513,-0.0051677912151615,"AL356108.1"
"chr10",35493034,35493052,19,2,0.000452132746737152,0.00034034647184166,-0.00686272013403665,-0.00662128203808699,"CCNY"
"chr11",12879089,12880171,1083,5,0.000452841133080718,6.20286383234904e-05,-0.00508891297521452,-0.0025448619347409,"TEAD1"
"chr20",41076084,41076280,197,2,0.000452841133080718,0.000418659026295976,-0.00852850611783247,-0.0079118656743075,"TOP1"
"chr16",68793051,68793541,491,3,0.000453507889525351,0.000281315842795657,-0.00955620497549336,-0.00551446510353355,"CDH1"
"chr18",57732846,57733434,589,4,0.000453810080840007,0.000349718142336401,-0.0061551684764259,-0.00447073473338874,"AC027097.2, ATP8B1"
"chr2",127220818,127221003,186,3,0.000454146126002101,0.000289259895134757,0.00775054926442988,0.00703442352434538,""
"chr10",6050848,6051308,461,3,0.000454320968647129,0.000452879564394111,-0.00567766580517023,-0.00420797861901845,"IL2RA"
"chr6",29004657,29005747,1091,15,0.000454536985625234,0.000255811048430188,0.0063380289145202,0.000204447500675401,"ZNF311"
"chr3",136787182,136787704,523,2,0.000454536985625234,0.000267598163938165,-0.00848340124987751,-0.00807891908837954,"AC096992.3"
"chr14",75842748,75843178,431,2,0.000455264736045098,0.000834115057156171,-0.00735285089480475,-0.00628357164001976,"TTLL5, AF107885.2"
"chr13",46679548,46680097,550,5,0.000455337207162887,0.000181559987491281,-0.00859946877913657,-0.00588915586410617,"LRCH1"
"chr5",34686395,34687460,1066,8,0.000457117971351389,0.000222066793602524,-0.00748617300230329,-0.00387552539631549,"RAI14"
"chr9",90965310,90966023,714,3,0.000459109115923881,0.00297682239473207,-0.00797110135384163,-0.00521686655552676,"AL355607.1"
"chr17",57506151,57507402,1252,4,0.000460330112445716,0.000263253800641421,-0.0075124985418758,-0.00502312479116529,"MSI2"
"chr8",17963146,17963476,331,2,0.00046046196612495,0.000383495075118679,-0.00751908728604353,-0.0062357456397423,"PCM1"
"chr10",3222365,3222661,297,2,0.000461866666016722,0.0013020363699941,-0.00865721036545523,-0.00558554033080604,""
"chr6",81939635,81939670,36,2,0.000462796044450161,0.000389803522912448,-0.0071380430580656,-0.00582776535030582,"LINC02542"
"chr8",11788131,11788541,411,2,0.000463041764863802,0.000559656609280228,-0.00412442911718427,-0.00404390576347861,""
"chr12",95102964,95103485,522,3,0.00046320605246156,0.000354649944255953,-0.00693643135556958,-0.00614858884088452,"FGD6"
"chr3",196215846,196216765,920,10,0.000466762889709623,0.000665181358826079,-0.00572725578287416,-0.00266958852356708,"SLC51A, PCYT1A"
"chr3",195854307,195855220,914,3,0.000467497598452978,0.000336240256746368,-0.00533235972855747,-0.00290202296705127,"LINC01983"
"chr3",150346517,150347944,1428,3,0.000467593591506987,0.000138955411285992,-0.00785442539224779,-0.00624208841427456,""
"chr15",48406194,48406735,542,3,0.000469326286795114,0.00609304362683591,-0.00524247320874124,-0.00226746284149996,""
"chr1",92483883,92486352,2470,34,0.00046995693507901,7.94309211231254e-06,0.0057542610454438,0.00117359014146004,"GFI1"
"chr11",61555450,61556195,746,7,0.000470049393995294,0.00379199726293594,0.0080051987838496,0.00213132816232707,"SYT7"
"chr1",11653810,11654727,918,9,0.000470422975650621,0.000719818158710037,0.00965481636332059,0.00487460047795518,"FBXO44, FBXO2"
"chr12",15256884,15256938,55,2,0.000471737848704934,0.000439499406860736,-0.00882990227240683,-0.00830825183459445,"RERG"
"chr3",171771162,171771835,674,3,0.000473511725580984,0.000159851425280536,-0.00589835190540921,-0.00491079180376732,"PLD1"
"chr16",74170133,74170382,250,3,0.000473511725580984,0.000229942678764324,-0.00871812139028122,-0.00748696031239372,"AC138627.1"
"chr15",70140208,70140583,376,2,0.000474352550911231,0.000351215978676261,-0.00822596895171114,-0.00777936568989803,""
"chr3",159637362,159638197,836,2,0.000476183761772631,0.00023758398744371,-0.00825591754432992,-0.0073171138483866,"IQCJ-SCHIP1"
"chr3",134375960,134376082,123,2,0.00047620729752493,0.000921490957596262,-0.00496685778240412,-0.00446454097558917,""
"chr1",39491050,39491728,679,6,0.000476458915659351,0.00072253932465511,0.00786136221137178,0.00386027566313163,"BMP8A"
"chr19",29978315,29978318,4,2,0.000477298440982285,0.00044092659604709,-0.00719237393252634,-0.00591427630555218,"URI1"
"chr1",211829157,211830160,1004,6,0.000478162520775551,0.000236929785833956,0.0079012263225885,0.00441552484647086,"LPGAT1-AS1, LPGAT1"
"chr12",132618038,132619861,1824,13,0.000478787387618637,0.000776421349795204,0.00554408728547395,0.00177952555534718,"P2RX2"
"chr1",182128750,182129037,288,3,0.00047978884461207,0.000526651001578034,-0.00591152084767332,-0.00443215385087496,"LINC01344"
"chr14",35386313,35386796,484,4,0.000479910039462967,0.000577385210447416,-0.00787680610355897,-0.00497932707437358,""
"chr3",187943954,187944156,203,2,0.000482597815187221,0.000403951548631259,-0.00819903942426272,-0.00682854089597454,"AC068295.1"
"chr10",50990181,50991581,1401,14,0.000482663547906319,0.000362322520450271,0.00640895549790852,0.00107094418437119,"PRKG1"
"chr10",86953883,86954553,671,3,0.000483853574239531,0.000141020597829694,-0.00515730510484597,-0.00450377709255702,"MMRN2"
"chr20",10856824,10857491,668,3,0.00048550773494992,0.00189734507373121,-0.00933472632864694,-0.00572476499353692,"AL050403.2"
"chr11",2825451,2826548,1098,9,0.000485746377515341,2.28403260628335e-05,-0.00670822891828232,-0.00518828779332864,"KCNQ1"
"chr16",66486810,66487987,1178,4,0.000485877674957832,0.00173547910845723,-0.00770790611790107,-0.00506009542692538,"BEAN1, AC010542.3"
"chr10",44968309,44968318,10,2,0.000486438767239924,0.000466637545135079,-0.00767239708903174,-0.0075569365456996,"RASSF4"
"chr13",97115109,97115432,324,2,0.000486740881063991,0.000443339029846938,-0.00860899406163803,-0.00832882037403392,""
"chr15",89361424,89362670,1247,9,0.000487435580668521,0.000587774310673957,0.00997686735273881,0.00250308108528847,"MIR9-3HG, AC133637.2"
"chr2",4882725,4883525,801,5,0.00048764544115874,8.93723472516822e-05,-0.00545844885268078,-0.0037972413197117,""
"chr22",43109886,43110188,303,5,0.000487901465870634,7.26580349476115e-06,0.00920361790761062,0.00589676419208267,""
"chr10",11831565,11832285,721,3,0.00048801630989332,0.000341292847218771,-0.00703165972307891,-0.00527759927249428,"PROSER2"
"chr21",24993192,24994134,943,3,0.000490725313331101,0.00275540607545347,-0.00670962080685704,-0.00260809668515721,"LINC01692"
"chr10",94362922,94363415,494,7,0.00049228533804956,0.00378458601587475,0.00748984032871932,0.00157279850012676,"NOC3L"
"chr14",66032901,66033284,384,3,0.000493050860519322,0.00182934941246815,-0.00694686070382205,-0.00308499864611854,""
"chr10",21138947,21138993,47,2,0.000494942451015973,0.000915231234056566,-0.00691502369242831,-0.00527492589153085,"NEBL"
"chr15",81157781,81158074,294,2,0.000494942451015973,0.000362887902392646,-0.00805111719667245,-0.00647731590965145,""
"chr5",126464674,126465086,413,3,0.000495240294677024,0.00296157203203739,-0.00518730379805698,-0.00392640559291695,"GRAMD2B, AC093535.1"
"chr12",13096813,13097264,452,2,0.000496032575805622,0.0210939372833259,-0.00724577955221398,-0.00372732829690892,"FAM234B, GSG1"
"chr6",117906569,117907708,1140,12,0.000497899277650952,0.000317006532076175,0.00392180072006182,0.00195165829058386,"SLC35F1"
"chr4",16764720,16764969,250,3,0.000498012337917422,0.000717013671252441,-0.00654329512742671,-0.00519569872061904,"LDB2"
"chr8",133388757,133390597,1841,3,0.000500487186019284,3.94947871797596e-05,-0.00855667742319905,-0.00764267032135442,""
"chr2",5932612,5932994,383,7,0.000500626798885131,2.40143762571545e-05,0.00856376997240587,0.00680619207202172,"SILC1"
"chr10",77230133,77230143,11,2,0.000500667320918091,0.000858193605723603,-0.00525482813380196,-0.00391819952697159,"KCNMA1"
"chr22",19892173,19892887,715,4,0.000500841145950145,0.000963892863404922,-0.00685562311269371,-0.00549739016611821,"TXNRD2"
"chr3",71310160,71310722,563,3,0.000501121790291641,0.0020752423053045,-0.00945353359464792,-0.00511411243149946,"FOXP1, AC097634.4"
"chr22",23768168,23769150,983,7,0.000501769191316068,0.000649907725624527,0.00711469206524155,0.00361712252215469,"MMP11"
"chr6",41656058,41656669,612,4,0.000501769191316068,0.00018255303128872,-0.0079660962812468,-0.00532043248386061,""
"chr2",102070350,102070590,241,3,0.000501769191316068,0.000242841526329287,-0.007162999798378,-0.00682379135708564,"IL1R1"
"chr2",201232884,201233534,651,3,0.000501769191316068,0.00137714022554178,-0.00778609166953923,-0.00508367794456853,"CASP8"
"chr9",109314351,109314500,150,2,0.000501769191316068,0.000390934847169975,-0.00807135913833428,-0.00790534041885548,"EPB41L4B"
"chr2",172930473,172931023,551,2,0.000503652232636088,0.000802049272256813,-0.00547500526898473,-0.0048889507840047,"RAPGEF4"
"chr17",60087365,60089372,2008,6,0.000503698752757398,9.80676304227041e-06,-0.00846133531125744,-0.00529381630754236,"AC025048.4, WFDC21P"
"chr1",222844725,222844896,172,2,0.000505116507925035,0.00237337971737164,-0.00761603188192201,-0.00543131445505933,"DISP1"
"chr3",10815573,10816710,1138,15,0.000507488947409311,0.00467024900687216,0.00662720907831625,0.00176200515221444,"SLC6A11"
"chr11",111718518,111718629,112,3,0.000509200201217275,0.000176051950320014,-0.00837259977354058,-0.00786304174575199,"SIK2"
"chr5",143434750,143435369,620,5,0.000510561919493298,0.000733359327810995,-0.00833624322057279,-0.0049481987980616,"NR3C1"
"chr2",196984052,196984258,207,2,0.000514329560711289,0.0639263145100479,-0.009301864718519,-0.0048342970076739,"ANKRD44"
"chr1",15272369,15272938,570,2,0.000514994582999547,0.00240406322646419,0.00519961015395863,0.00415451604043282,"FHAD1"
"chr9",91060644,91061183,540,2,0.000514994582999547,0.000694323075861838,-0.00962892076557692,-0.00685858703603707,""
"chr3",71305797,71306152,356,4,0.000516129496578154,0.000152757435289017,-0.00785630462557862,-0.00665313660509246,"FOXP1-AS1, FOXP1, AC097634.4"
"chr12",105706450,105706733,284,3,0.000516583060343721,0.000192658008992767,-0.00465375629835277,-0.00419081130901563,"CASC18"
"chr12",62703138,62703814,677,3,0.000517004458937592,0.000180826951727982,-0.00836449024962626,-0.00662938951846482,"PPM1H"
"chr1",94020643,94021339,697,3,0.00051959834026064,0.000611338429017112,-0.00762989207087539,-0.0042345918445903,"ABCA4"
"chr12",130163035,130163974,940,4,0.000521113210138715,0.000307488103193385,0.00789168498624782,0.00516512265364242,"FZD10"
"chr8",9095929,9095990,62,2,0.000522615638017309,0.000387557716090053,-0.0075829969168781,-0.00741705747762267,"ERI1"
"chr20",63177683,63178996,1314,10,0.000522749782036742,0.00101544036859782,0.0041368444048035,0.00108003890310787,"MIR124-3, AL096828.1"
"chr20",21513446,21514339,894,9,0.000523406845829859,0.000120311021253674,0.00255501544518161,0.00129965923489335,"NKX2-2"
"chr19",6886665,6886951,287,3,0.000527695353746081,0.00226822603301518,-0.00874292565832319,-0.00361049187662741,""
"chr11",8268761,8269268,508,8,0.000529514384993903,0.00276403708256466,0.00329921548917842,0.00163312978715362,""
"chr6",45938671,45938938,268,3,0.000529514384993903,0.000219855302980827,-0.00580318937921805,-0.0048847943108183,"CLIC5"
"chr1",209742530,209742713,184,2,0.000529731397700771,0.000413608516826718,-0.00826854272955528,-0.00807646168038501,""
"chr14",99523066,99524209,1144,5,0.000532928818610989,8.26262795867137e-05,-0.00795635013683329,-0.00687357061241435,"CCNK, CCDC85C"
"chr2",215657922,215657999,78,2,0.000532950199709453,0.000493853274681476,-0.00726856018320409,-0.00515040297918322,"AC012668.3, LINC00607"
"chr1",21279558,21280274,717,7,0.000535035662229211,2.98099115652796e-05,-0.00679573662348197,-0.00495664018044391,"ECE1"
"chr17",10099247,10099456,210,2,0.000535035662229211,0.000429012742621634,-0.00738170031430046,-0.00648400418738885,"GAS7"
"chr15",41249763,41249773,11,2,0.000535269720153302,0.000373669023499002,-0.00649525589439092,-0.00617083181441574,"CHP1"
"chr19",19539957,19541058,1102,5,0.000535953355048096,0.00636597127117708,0.00969018165051957,0.00380829002673957,"CILP2"
"chr14",26926212,26926526,315,3,0.000536053335398311,0.000287830904088144,-0.00600659161779783,-0.00495245166469871,"AL110292.1"
"chr14",75520621,75521429,809,4,0.000536982746602701,0.0029046676374948,-0.00553513403554695,-0.00378109784175678,""
"chr1",87336014,87336544,531,3,0.00053776054676276,0.000443383585440462,-0.00633745911415003,-0.00536014259257018,"LMO4"
"chr19",295863,296698,836,3,0.000538488294381886,0.000662920404540606,-0.00762656350878817,-0.00505847086407038,""
"chr3",101938118,101938631,514,2,0.000539505208834046,0.000659698975245737,-0.00746312986329155,-0.00632300731781822,""
"chr9",134895541,134895987,447,2,0.000540037933709462,0.00163486027641651,-0.00735222520659681,-0.00542321826051648,""
"chr17",40283763,40284457,695,3,0.000543333671105538,0.000159851425280536,-0.00713882394900966,-0.00630097076562304,"WIPF2"
"chr15",78131188,78131222,35,2,0.000543515755160364,0.000293636857146486,0.00674369340644705,0.0065760308611117,"CIB2"
"chr8",38973295,38974338,1044,13,0.000544316220410435,0.000171182049320552,-0.00666832431771342,-0.00306426886037223,"PLEKHA2, HTRA4"
"chr14",22515721,22516134,414,3,0.000546147587377002,0.000303597584733519,-0.00687447373830018,-0.00625198200010485,""
"chr17",61410755,61411821,1067,11,0.000546523071729317,0.00523193304866159,0.00658847119018582,0.00238528139750843,"LINC02875, TBX2-AS1"
"chr17",83155539,83155553,15,2,0.00054656988968935,0.000386365562793787,-0.00588583835613451,-0.00533781670646668,"AC139099.2"
"chr16",57639155,57639991,837,6,0.000546577216454395,0.000640614541844256,0.00691564311585807,0.0049119324748457,"ADGRG1"
"chr6",168078942,168079333,392,5,0.000547062054787723,0.000223910878614422,-0.00628783068732845,-0.00367103704860066,"FRMD1"
"chr1",118992877,118993665,789,8,0.000547556076726151,0.000110736653701216,0.00919861042686648,0.00611336054088762,""
"chr15",98856470,98857647,1178,3,0.000548388165198997,0.000475283312062677,-0.00800375952681672,-0.00538136140587204,"IGF1R"
"chr13",33153712,33153993,282,2,0.000549817449320617,0.000645588861882763,-0.00922862980847338,-0.00773230754224408,"STARD13"
"chr17",49219550,49220566,1017,7,0.000552417099431496,0.000148275256450728,0.00583168322671891,0.00348978690716597,"ABI3"
"chr19",34310544,34310864,321,3,0.00055257065149601,0.00231897887339091,-0.00510911145234394,-0.00324337842322899,"GARRE1"
"chr16",87144080,87144382,303,3,0.000556870037265345,0.000797163911177052,-0.00784482355374369,-0.00591738876543436,"C16orf95"
"chr7",94296151,94297910,1760,4,0.000557303843478921,0.000652605462767451,-0.00846545161198617,-0.00555947869014314,"AC002074.1"
"chr2",120912147,120912744,598,3,0.000557303843478921,0.00835280972676857,-0.00869689641853737,-0.00570357725381686,"GLI2"
"chr10",90857002,90858384,1383,11,0.000559338740910482,0.437198334067851,0.00558764116564657,0.00134965393653578,"HTR7"
"chr6",43181303,43182212,910,8,0.000559414051545682,9.13212777917754e-05,0.00502808204472399,0.00301283822310599,"SRF, CUL9"
"chr1",28058199,28059146,948,5,0.000561441176580545,0.000367034334528798,-0.00569939588325951,-0.00407075509251233,"EYA3"
"chr22",36702414,36704006,1593,15,0.000564066612157966,0.00378458601587475,0.00565319292705002,0.00200745797716864,"AL049749.1, CACNG2"
"chr6",32148187,32148876,690,13,0.000565287296291782,0.000147910052397202,-0.00526957678220014,-0.00316165037914586,"PRRT1"
"chr9",108156376,108156651,276,2,0.000565290116176823,0.000544724399010686,-0.00879062792388073,-0.00787275792167322,""
"chr8",47189245,47189334,90,3,0.000566157628671714,0.000206887705195225,0.00910679968738057,0.00763885489589807,"AC120036.3, AC120036.1"
"chr2",240821365,240821580,216,3,0.000568679830441376,0.000411234311542376,0.00769638131841487,0.00623998865357398,"KIF1A"
"chr12",93127534,93127554,21,2,0.000569328460369521,0.000566737609114098,-0.00886823925774137,-0.00714712562294309,"AC138123.1"
"chr17",32152168,32152282,115,2,0.000570088948892904,0.00106523079704565,-0.0099126142874219,-0.00637815747990415,"RHOT1"
"chr4",184385033,184385990,958,3,0.000570549972385277,0.000384709555930391,-0.00747376149417761,-0.00658990615837755,""
"chr15",71783496,71783623,128,3,0.000571118655801336,0.000338258976388621,-0.00595680943497975,-0.0042914445003668,""
"chr8",93017676,93017806,131,3,0.000571554628515986,0.00511961750892629,-0.00284997191272328,-0.00158565435185795,""
"chr9",127935377,127935714,338,2,0.000576213529050727,0.0105096789727181,0.00495624221295986,0.00324966606955904,"AL157935.1, DPM2"
"chr22",42937580,42938846,1267,3,0.000576473852101887,6.67631623261882e-05,-0.00908378857374273,-0.00632070519370684,"PACSIN2"
"chr17",79949804,79951337,1534,14,0.000576573084569004,0.000837870385330148,0.00674403928754407,0.00414511335729646,"TBC1D16"
"chr12",81080544,81080762,219,2,0.000576960217098058,0.000575791869624182,-0.00985589330229562,-0.00744187920491915,"ACSS3"
"chr6",154405083,154405624,542,2,0.00057962413856019,0.00303438740682779,-0.00844052361772848,-0.00481469254591013,"AL357075.4, CNKSR3"
"chr16",70152806,70153321,516,2,0.000580650304523904,0.000793428456595536,-0.00784763136648224,-0.00459329037003527,"PDPR, AC009060.1"
"chr19",55536517,55537226,710,7,0.000587066262367134,0.00416042397188535,0.00742679296500791,0.00277438828830485,"SBK2"
"chr7",150716076,150717099,1024,7,0.00058721546214871,0.0041950588455486,-0.00866120185096099,-0.00453537100824713,"GIMAP1, GIMAP1-GIMAP5"
"chr22",42018709,42019657,949,5,0.000587847844507594,0.000478913253557638,-0.00628690352326996,-0.00280061991830444,"WBP2NL"
"chr6",101393132,101393739,608,4,0.000589926723399312,0.000160452885583237,0.00517592168174317,0.00259181551142626,"GRIK2"
"chr8",69485453,69485459,7,2,0.000590578802045324,0.000416860055845225,-0.00667774799877768,-0.0062090519771732,"SULF1"
"chr16",19294405,19294663,259,2,0.000590578802045324,0.00333635236945641,-0.00995603958498685,-0.00647169456410377,"CLEC19A"
"chr6",73143336,73143872,537,3,0.000591838600339033,0.00893992877343539,-0.0064872587592744,-0.00375855705447988,"KCNQ5, KCNQ5-AS1"
"chr7",11613428,11613574,147,2,0.000596561754423179,0.000384767175450614,-0.00604543179511363,-0.00511245914267687,"THSD7A"
"chr16",73059753,73060444,692,4,0.000597668721033521,0.000498399355363575,-0.00686580606082808,-0.00488686519034669,"AC116667.1, ZFHX3"
"chr10",110425908,110427008,1101,3,0.000598381292578356,0.000328075618934805,-0.0088393636668317,-0.00650404697733649,""
"chr19",18790555,18791918,1364,15,0.000598957551640142,5.86291845815333e-05,0.00548966486695382,0.00320372689629195,"COMP"
"chr19",13763040,13763664,625,3,0.000598957551640142,0.00271697173646861,0.00289173724663558,0.0023123520594932,"CCDC130"
"chr10",7244070,7244276,207,2,0.000599897136640043,0.000548252577303411,-0.00720252207091989,-0.00684429836164962,"SFMBT2"
"chr11",12430835,12431292,458,3,0.000600428046351344,0.000251067929671002,-0.00916905336219305,-0.00723334676960412,"PARVA"
"chr2",215930528,215931616,1089,4,0.000601050024776603,0.00104883391670205,-0.00582408837674436,-0.0031752651617034,""
"chr7",77914453,77914516,64,2,0.000604816563758226,0.000462137327009202,-0.00721082573401944,-0.00644197523201872,"PHTF2"
"chr15",51680502,51681723,1222,12,0.000604982263480206,0.000117082495217673,0.00582368128757197,0.00237749493528109,"SCG3"
"chr1",19864010,19864066,57,2,0.000605213421801191,0.000395894802189254,-0.00745218337749453,-0.00519625989307321,""
"chr3",15636087,15636550,464,2,0.00060717457684235,0.00184459293509514,-0.00688655653106596,-0.00537733568633325,"BTD"
"chr8",122858194,122858289,96,2,0.000607682793932568,0.000720844157214329,-0.00826223951176767,-0.00712427103809014,"ZHX2"
"chr9",126456842,126456922,81,2,0.000608669311611703,0.000390802109419885,-0.00746004616883027,-0.00646328123965158,"MVB12B"
"chr18",35463353,35464027,675,3,0.000609587343091207,0.00382743322243015,-0.00445443747666765,-0.00315605427674294,"AC007998.3, AC007998.2, INO80C"
"chr7",159024921,159025417,497,3,0.000610705873443696,0.0100531966039143,-0.0075023843765855,-0.00489573018706649,"LINC00689"
"chr9",16203316,16204161,846,3,0.00061175477647025,0.000211443570725565,-0.00829853685719842,-0.00596067643831962,"C9orf92"
"chr13",24270546,24271896,1351,11,0.000612093014943005,2.05476755824418e-06,-0.00732655076287575,-0.00394001524732344,"AL359736.1, SPATA13"
"chr21",33971679,33971798,120,2,0.000612831982827618,0.00042277456415074,-0.0079313498245075,-0.00746131595197165,"LINC00649"
"chr1",12448917,12449651,735,4,0.000614842993017375,0.000183769377005271,-0.0069192608020589,-0.00634461424363586,"VPS13D"
"chr19",34994995,34995290,296,2,0.000619642094640959,0.000817124581432655,-0.00720335590527142,-0.00494173876746279,"GRAMD1A"
"chr8",96579119,96580251,1133,5,0.0006218702065081,0.000343680330295785,-0.00713512059544134,-0.00556451581297921,"SDC2"
"chr3",99498982,99499939,958,3,0.000623503559350782,0.000159851425280536,-0.00809547015579856,-0.00585944869383742,""
"chr2",128736952,128737589,638,5,0.00062539011185686,0.00121348980510312,0.00590404252129819,0.0032884200637081,""
"chr14",103127166,103127658,493,6,0.000625593625727773,0.000461538531084484,0.00970900880307292,0.00459758427919831,"TNFAIP2"
"chr6",79538731,79538912,182,2,0.000625843896056221,0.000697753399209762,0.00751058897219401,0.00714484922956585,"AL391840.3"
"chr17",40098195,40098461,267,2,0.000626945730822255,0.00074975544353093,-0.00616546222200396,-0.00559849527894129,"NR1D1"
"chr11",62548947,62549814,868,3,0.000628178033398091,0.000276202915543254,-0.00750068722850394,-0.00604182766041527,"AHNAK"
"chr20",23034987,23036116,1130,8,0.000630760131312951,0.000281011522703493,0.00707822475720466,0.00404025540497089,"AL049651.2, SSTR4"
"chr14",99601639,99602300,662,2,0.000631285541121781,0.000959848002685322,-0.00809052128044458,-0.00729212780113501,"CCDC85C"
"chr15",55588696,55589691,996,13,0.000632289000145924,0.00133777466528424,0.00520307227359255,0.00129296574077824,"AC012378.2, PYGO1"
"chr11",105000825,105001236,412,2,0.000632656280956293,0.00311613669922535,-0.00684168085238382,-0.0038648814324444,"CASP5"
"chr12",113835734,113835977,244,4,0.000634328411464898,0.00023758398744371,-0.00817907865268352,-0.00486183334295061,"RBM19"
"chr22",39472178,39473394,1217,4,0.00063730712670518,0.000453614620241685,-0.0071480351050857,-0.00541133067177075,"MGAT3"
"chr12",132031119,132031523,405,3,0.000639008876540121,0.000265895554178476,-0.00697856137450195,-0.00637895429088104,"EP400, SNORA49"
"chr8",116740477,116740854,378,2,0.000639234911462354,0.000855657817042407,-0.0057533777826363,-0.00518282075789081,"EIF3H"
"chr9",133911268,133911366,99,2,0.000644381107704153,0.00060841035820574,-0.00783072209885999,-0.00706867914168301,"VAV2"
"chr1",116763422,116764047,626,3,0.00064462159603074,0.00272950866951797,-0.00605096606841928,-0.00254265451030645,"CD2"
"chr10",109935211,109935246,36,3,0.000646342814052097,0.000251478515762712,-0.00714045609254076,-0.00617944066898274,""
"chr7",50705894,50706520,627,5,0.000651003217069511,0.00173276213960074,-0.0059484960503378,-0.00288597336170575,"GRB10"
"chr11",79226290,79227039,750,2,0.000652966890483074,0.00103952092598593,-0.00593589858797576,-0.00582858801938962,"TENM4"
"chr13",59531831,59532045,215,3,0.000657212654937507,0.000224814281266333,-0.0068576894127084,-0.00625119421927254,""
"chr6",157715673,157716500,828,3,0.000658429426566051,0.00311106536154752,-0.00786534421300613,-0.00515849058566179,"SNX9"
"chr1",3133817,3134394,578,5,0.000659483994590587,0.000370256579022092,-0.00760208812870738,-0.00312910596741582,"PRDM16"
"chr8",134801587,134801643,57,2,0.000661888775140517,0.000778478360104495,-0.00495789539635055,-0.00317732027469043,""
"chr1",226708605,226709416,812,5,0.000662064708630011,0.00141744211534264,-0.00645927896332835,-0.00417843699649165,"ITPKB"
"chr11",11116934,11117746,813,4,0.00066210240174553,0.00264938056001178,-0.00774654485478016,-0.00356566195172625,"LINC02752"
"chr22",45413438,45414162,725,13,0.000663766680057393,1.39590458765849e-05,0.00578184569077745,0.00343349221594142,"RIBC2, SMC1B"
"chr3",169769090,169769887,798,6,0.000664733911095251,0.000808770596568875,0.00584192662507204,0.00246166009916118,"AC078802.1, ACTRT3"
"chr6",4774559,4775462,904,10,0.000665011338187146,0.00112153508594688,0.00923609763222332,0.00442672870069576,"CDYL, CDYL-AS1"
"chr13",27793108,27793604,497,2,0.000665204044303435,0.000759148056678405,0.00560996119986364,0.00464324128955693,"GSX1"
"chr20",62063623,62064348,726,5,0.000666755392228213,0.00149128124272792,0.00979833650680548,0.0062599689046221,"TAF4"
"chr4",147927767,147927939,173,2,0.000670134128254031,0.000423803475115458,-0.00990297063333486,-0.00782666601860266,"ARHGAP10"
"chr11",20035965,20037103,1139,4,0.000672158538170379,0.00347181630284538,-0.00758422920414196,-0.00434714320456841,"NAV2"
"chr11",12854019,12854086,68,2,0.000673945132768832,0.0241317724211277,-0.00911839761905796,-0.00481164905213494,"TEAD1"
"chr22",43234042,43234333,292,3,0.000674416837082943,0.002787213015967,-0.00462908053973857,-0.00268949763216478,"Z82214.1, SCUBE1"
"chr20",46709145,46709483,339,6,0.000676512099097893,0.00105807624409933,-0.00777917795477235,-0.00309580809912839,""
"chr12",12506243,12506751,509,4,0.000680704573716691,0.000474054227421978,-0.00783413327889531,-0.0053016760196386,"DUSP16"
"chr6",28218699,28219732,1034,9,0.000682057986527496,0.00175173936740471,-0.00181470724630398,0.00023354086579601,""
"chr7",66149475,66150923,1449,6,0.000683649725621969,0.00125271775168953,-0.0081124633655137,-0.00395968295913343,"AC068533.4, CRCP, AC068533.3"
"chr6",158068981,158069664,684,2,0.000684749917212325,0.00029222205659976,-0.00725974853292135,-0.00717603545640049,"SYNJ2"
"chr8",89904167,89904940,774,2,0.000684749917212325,0.000716998022399755,-0.00777923448798931,-0.00631969664079102,"OSGIN2"
"chr9",122861212,122861218,7,2,0.000685082761929748,0.000413734058766828,-0.00594822094716162,-0.0051546509960424,"RC3H2"
"chr1",182838439,182839228,790,10,0.000686346305817329,0.00754592316385969,0.00546576135617068,0.00113866582014053,"AL355999.1"
"chr2",111535026,111535690,665,3,0.000687167586105342,0.00162837608514174,-0.00859127003694764,-0.00564421294298674,"AC017002.2, SOCAR, AC017002.3"
"chr5",127705416,127705812,397,3,0.000690316080028676,0.00126111441398823,-0.00874130104178636,-0.00611247789371312,"CCDC192"
"chr8",49909344,49910241,898,12,0.000691490914524843,0.00383568144668565,0.00293963973491679,0.00126668944490796,"SNTG1"
"chr11",115581267,115582212,946,4,0.000691739695642385,0.000125142812052441,-0.00771865973219025,-0.00344421080549173,""
"chr9",122913334,122914062,729,6,0.000693984515630603,0.0273159186874386,0.00857359755429992,0.00206544157566949,""
"chr19",13804769,13805271,503,9,0.000694559195816505,0.000434916108225286,0.00731957701755894,0.00204472824569376,"ZSWIM4"
"chr12",645745,646747,1003,3,0.000694812878486919,6.97586944340497e-05,-0.00745401619910872,-0.00665341580934736,"NINJ2-AS1, NINJ2"
"chr6",169724837,169725877,1041,7,0.000695815318564526,0.00291108329603409,0.0045248580343101,0.00227358519648307,"AL354892.1, PHF10, AL354892.2"
"chr11",66543863,66543951,89,3,0.000697862395009982,0.000262512900271162,0.00969077438533533,0.00829719995198133,"ZDHHC24"
"chr9",86983467,86983877,411,2,0.000698892532859108,0.00054289813766084,-0.00867868739973389,-0.00808991674022344,"GAS1RR"
"chr2",394115,394572,458,5,0.000700135218897231,0.000142877426488976,0.00622045620087568,0.00498995631074038,"AC105393.2"
"chr15",101140131,101140263,133,2,0.000700135218897231,0.000580983107209433,-0.0077112786682373,-0.00661460241095722,""
"chr12",53754433,53755699,1267,5,0.000701768533953117,0.000303733962104896,-0.00766559167225171,-0.00252206215978015,"AC076968.2, AC076968.1, CISTR"
"chr2",85853168,85854138,971,3,0.000701876284118451,0.000452441806325349,-0.00663115581858843,-0.00551103357388363,"ST3GAL5"
"chr12",46366042,46366707,666,3,0.000702369232906928,0.000271294006843252,-0.00729154200058627,-0.00564453318834838,"SLC38A2"
"chr1",85404501,85405394,894,6,0.000707009551881621,4.98756400502573e-05,-0.00654711218415716,-0.00344758300598395,"AL078459.1, DDAH1"
"chr19",10514192,10514753,562,3,0.000707221848561861,0.00049836161542074,0.00654723678337404,0.00389854946915102,"S1PR5"
"chr11",65584697,65585134,438,4,0.000709441071559971,0.000192812837185281,0.0071662279446377,0.00522444988790798,"EHBP1L1"
"chr14",101446300,101446699,400,3,0.00070948165419458,0.0246459330174827,-0.00635784859972329,-0.00301713073932142,""
"chr10",13809341,13809615,275,2,0.000712148600866931,0.000549684057299634,-0.00764938713357872,-0.00762324464360502,"FRMD4A"
"chr1",242208416,242209204,789,6,0.000712585666464098,0.000155210993590679,-0.00774951923059363,-0.00479387902731008,"AL591686.2, AL591686.1, PLD5"
"chr4",150310277,150310288,12,2,0.000713022972810672,0.000616505386563292,-0.00610630899202419,-0.00539610873636624,"LRBA"
"chr12",96489786,96490085,300,4,0.000715868039390368,0.634965401750789,0.00774551669569472,0.00194043428688175,"CFAP54"
"chr10",11934475,11934549,75,2,0.000716765701430623,0.000470235702694027,-0.00856913684370486,-0.00794187743533698,"UPF2"
"chr12",6226111,6226791,681,3,0.000717556680172933,0.000708627171119881,-0.00904547015511576,-0.0065509860597725,"CD9"
"chr2",191866808,191867316,509,2,0.000718630468693434,0.00047506654141319,-0.00943967995111632,-0.00910702178799251,"CAVIN2-AS1"
"chr6",137497699,137498130,432,4,0.000719765434149242,0.00024964644446029,0.0048012317612307,0.00353949903511792,""
"chr5",32093008,32093364,357,4,0.000722057148453949,0.000224027480512839,-0.00680804226749132,-0.0046041655833379,"PDZD2"
"chr10",115093905,115094740,836,4,0.000722113838276005,0.000181340731434403,0.00612040286829468,0.0033888579832429,"ATRNL1"
"chr6",107666232,107666623,392,3,0.000722113838276005,0.000720360420403297,-0.00776081129323775,-0.00602474918107648,""
"chr12",46384493,46385018,526,2,0.000723584927059603,0.00484643479357854,-0.00749997798233424,-0.00419134547269445,"AC008014.1, AC025031.1"
"chr10",3851271,3851598,328,3,0.00072682309255853,0.00657781826482329,-0.00760129563005809,-0.00494753559312279,""
"chr10",132784380,132785423,1044,7,0.00072785485923706,0.000501887014851313,0.0113137440816728,0.00541840229748884,"NKX6-2"
"chr10",29257151,29257681,531,3,0.000728897930361218,0.000340318320652015,-0.00719785400191938,-0.00655921598498257,""
"chr11",67558509,67558754,246,5,0.000729654186266326,6.32480377927874e-05,-0.00676828786469108,-0.00568254336995195,""
"chr2",105911061,105911071,11,2,0.000730971876591479,0.000470235702694027,-0.00571811138200233,-0.00553059669558785,"AC009505.1"
"chr14",100380785,100381997,1213,6,0.000732311748105185,0.000475283312062677,-0.00715047478190075,-0.00407869535845594,"WDR25"
"chr11",69666966,69667829,864,5,0.000732871107000142,0.00479230139616409,0.00345201081169727,0.00184997414999504,"LTO1"
"chr17",27270243,27270246,4,2,0.000734621836376197,0.000563732326032036,-0.00761331827480982,-0.00742655569806965,""
"chr7",30142877,30142980,104,2,0.000734902585080297,0.000506284770382562,-0.00766993662793943,-0.00725419506306089,"MTURN"
"chr12",63843328,63843752,425,3,0.000739264508778741,0.0224724952246387,0.00607155945207401,0.00333548462145689,""
"chr6",50819648,50820251,604,3,0.000740243999906063,0.000658825110803202,0.00474308198919633,0.00348230706394105,"TFAP2B"
"chr8",41665898,41666450,553,3,0.000740734025115927,0.000744060040425317,-0.00536639225472014,-0.00320423291287231,"ANK1"
"chr1",47991533,47992791,1259,6,0.000743733311817242,8.18805755840004e-05,-0.00686673177416052,-0.00475752159433844,"TRABD2B"
"chr1",168729111,168729739,629,6,0.000747520174742571,0.000199373866184312,-0.00847674630040035,-0.00441132238575141,"DPT, AL135926.1"
"chr6",169289678,169290176,499,4,0.000747813044095207,0.0105738345150298,-0.00618643593248254,-0.00358787591258989,""
"chr16",66924747,66924883,137,2,0.000748594864168215,0.0133469491964477,0.00738886519231418,0.0045199133502014,"RRAD"
"chr10",61621583,61621816,234,2,0.000749577339299603,0.00067316274792753,-0.00738073394599619,-0.00732145289310078,""
"chr21",45405925,45406138,214,2,0.00075101368229098,0.000757698574934993,0.00892203727029422,0.00783600023747072,"COL18A1"
"chr7",137954576,137954848,273,2,0.000752393535534049,0.000584886027336023,-0.00789510466975881,-0.00751435691881047,"CREB3L2-AS1, CREB3L2"
"chr15",70743030,70743962,933,2,0.000753264903671049,9.28888885938179e-05,-0.00954721987780252,-0.00845795099826384,"UACA"
"chr18",3411489,3412090,602,9,0.000754509908250835,0.00125612673913905,-0.0070452903132486,-0.00329996817673049,"TGIF1"
"chr19",35958901,35959456,556,5,0.000763128899674779,0.000171182049320552,0.00655272757845195,0.00361790755622427,"AF038458.3"
"chr10",58514440,58515448,1009,3,0.000763599487304549,0.000416860055845225,-0.00897990970824675,-0.00672049753959201,"BICC1"
"chr5",16741684,16742557,874,6,0.000766089021240177,7.83638556444207e-05,0.00809531986379448,0.00639891634554262,"MYO10"
"chr4",148166469,148166828,360,3,0.000767685164370515,0.000627063567719137,-0.00923887402219667,-0.00630140705173239,"AC069272.1, NR3C2"
"chr2",218381840,218382332,493,7,0.000767782135792987,0.001050972377708,-0.00753658680969724,-0.00459842951914102,"SLC11A1"
"chr9",97714316,97714648,333,3,0.000768242424828193,0.000367034334528798,-0.00853819903251193,-0.00447649843900521,"PTCSC2"
"chr10",23693421,23694182,762,7,0.000773998261323254,0.0289537848220682,0.00600100500381536,0.00245575258113559,""
"chr14",68563895,68565054,1160,4,0.00077428664273548,0.00158168350496568,-0.00717475503051297,-0.00454884221621033,"RAD51B"
"chr6",12749120,12750160,1041,6,0.000777192014566298,0.00532989907699712,0.00950821910870024,0.0022941156468454,"PHACTR1"
"chr16",27109624,27109946,323,4,0.000778147666181926,0.0163293310875718,0.00935859225749798,0.00214715234442849,""
"chr12",123534446,123534762,317,4,0.000780781963567452,0.000498064427464964,0.00651102018258165,0.00294349527292201,""
"chr15",63041593,63042515,923,10,0.000780796470297099,0.0105858373258493,0.00568338973876676,0.00172171505669554,""
"chr2",239093062,239093156,95,4,0.000780804410422076,0.000348006949063258,-0.00614924426625273,-0.00433457591660679,"HDAC4"
"chr20",47768004,47768559,556,3,0.000789174115897467,0.000435960070667747,-0.00868804879753987,-0.00640793570912412,"SULF2"
"chr2",223051430,223053282,1853,16,0.000791937579945988,1.2052559703925e-06,-0.0078762646461945,-0.00552552173189318,"KCNE4"
"chr7",138706541,138706602,62,2,0.000794721904698442,0.00049836161542074,-0.00846028880366875,-0.0080099734615944,"ATP6V0A4"
"chr17",3916135,3917224,1090,7,0.000794840485796858,0.0028513753161147,-0.00745287982131624,-0.0027035575530344,"P2RX1"
"chr1",152036402,152037634,1233,15,0.000795063800003183,0.000245091029866407,-0.00576962852627058,-0.00149874981028569,"AL450992.1, S100A11"
"chr6",31042820,31043060,241,4,0.000797325930803731,0.000673554563247756,-0.00924033155981038,-0.00610650796639551,""
"chr6",75102003,75102489,487,4,0.000797931296094606,0.000659117444964689,-0.00490081575799858,-0.00316092207942603,"COL12A1"
"chr3",36763935,36764722,788,4,0.000798450114574169,0.000384709555930391,0.00463576850027731,0.00360368232246859,"DCLK3"
"chr10",49505957,49506388,432,4,0.000803143583935872,0.00133837369388925,-0.00768681840545449,-0.00466092513589905,"ERCC6"
"chr22",43272577,43273138,562,6,0.000807817445072648,0.00171291509249187,-0.00335477636863398,-0.00143709177467065,"SCUBE1"
"chr6",155247784,155248672,889,5,0.000807956936137171,0.000190280037884108,-0.00749843469603622,-0.00534431043217695,"TIAM2"
"chr2",74441849,74442934,1086,9,0.000809397184010092,0.0057111590747493,0.00744984521572291,0.0039261548564157,"RTKN"
"chr6",169427435,169428836,1402,4,0.000810496413632169,3.46393271264652e-05,-0.00649267251707421,-0.00578952807803469,"AL031315.1, AL135910.1"
"chr13",20191963,20192087,125,3,0.000811374600070314,0.000606446610061232,-0.00822841307064605,-0.00671797415767273,"GJB2"
"chr21",38292371,38292718,348,2,0.000814550218175628,0.0066751628448001,-0.00669250239218046,-0.00295466553671487,"KCNJ15"
"chr11",842140,843228,1089,13,0.000814883088096908,0.000123271115074309,-0.00190050083333424,-0.00056341602153945,"TSPAN4, POLR2L"
"chr2",12788074,12788265,192,2,0.000814883088096908,0.000628969651010152,-0.0074708203705749,-0.00694662002298852,"AC064875.1"
"chr6",32103641,32105346,1706,6,0.000816359893505949,0.000244003841401236,0.00415010129628649,0.00271901722634655,"TNXB, AL662884.2"
"chr1",110674217,110674784,568,3,0.000816394352380389,0.000186254644773271,0.00792066899987462,0.00494831897967057,"KCNA3"
"chr13",87975161,87975200,40,2,0.000818891271490294,0.000500527668076078,-0.00816757976481051,-0.00778423088496186,""
"chr5",16863234,16863814,581,2,0.000818922317685468,0.000329893277966026,-0.00824483424439458,-0.0079023301828563,"MYO10"
"chr9",133842051,133842521,471,2,0.00081959265079036,0.00304733236912642,-0.00794331838859262,-0.00644947169316891,"VAV2"
"chr5",76849604,76850323,720,4,0.000820675486067533,0.000563763146589258,-0.00736605984241912,-0.00322187902969295,"S100Z"
"chr10",30016092,30018209,2118,4,0.000820892958817992,0.000151533201002134,-0.00734774871931024,-0.00548968788737576,"JCAD"
"chr1",40314421,40315233,813,3,0.00082194065644572,0.00104222024158247,0.00427720430735336,0.00409372709519874,"COL9A2"
"chr1",63661511,63662080,570,3,0.000823081057326114,0.000774325335576092,-0.00759000059111436,-0.00343638799263954,""
"chr10",71769086,71769867,782,3,0.000825376424125885,0.00359808154607271,-0.00722844013994666,-0.00489634669565437,"CDH23, VSIR"
"chr6",144377698,144378477,780,2,0.0008257233646222,0.000356931997723314,-0.00530816139087002,-0.00405940290819522,"UTRN"
"chr11",118605183,118606691,1509,8,0.000825853230338175,4.99349785523362e-05,-0.00788584377710036,-0.00381069388468158,"PHLDB1"
"chr14",68104100,68104742,643,3,0.000825853230338175,0.00033585864934476,-0.00703478010607672,-0.00566311589998338,"RAD51B"
"chr1",224457048,224457674,627,3,0.000826830275192902,0.00296441082581177,-0.00717815086155035,-0.00472423020675498,"CNIH3"
"chr10",4825581,4826320,740,13,0.000827837363305279,0.000181340731434403,0.00734553707934239,0.00410926397567478,"AKR1E2"
"chr4",30721668,30722361,694,4,0.000828233831617029,0.000687204574778019,0.00549998655563126,0.0032602434745228,"PCDH7, AC098595.1"
"chr8",143557695,143558386,692,10,0.000828348834382938,0.00257921065817028,-0.00546785487511887,-0.00212868837805436,"GSDMD"
"chr10",93892914,93893141,228,2,0.000829230098613562,0.115885519035103,-0.00616074200724821,-0.00315447391898473,""
"chr16",87064936,87066623,1688,6,0.000833331481990731,0.000148331258315424,-0.00900442498395874,-0.00504539320776545,"LINC02181"
"chr11",62402125,62402401,277,2,0.000833501742309997,0.000640614541844256,-0.0101369969823883,-0.00864927587200434,""
"chr9",134341352,134341653,302,2,0.00083505905831404,0.000811361569309621,-0.00898506190785557,-0.00766547343928811,"RXRA"
"chr15",82647983,82648881,899,12,0.000835393715520695,0.00594780730243539,0.00710460712147584,0.00318880061559877,"CPEB1-AS1, CPEB1"
"chr18",34223103,34224036,934,11,0.000836954569354458,0.000716145199674395,0.00322460845936619,0.00133938604009756,"AC104985.1, NOL4"
"chr16",73123255,73123301,47,2,0.000837535798907793,0.000553709165800528,-0.00720150650349049,-0.00705378400700852,"AC116667.2, ZFHX3"
"chr8",48620315,48621122,808,9,0.000838387656682943,4.91187336662867e-05,-0.00761470563792273,-0.00552548279754188,"AC022915.2, AC022915.1, LINC02847"
"chr5",73627048,73627132,85,2,0.000839218428944795,0.000658681612631001,-0.0046565965380037,-0.00453730059676851,"ARHGEF28"
"chr10",132832456,132832778,323,5,0.000839330140985134,0.000205893140895939,0.00693086686351078,0.00433313285096133,"CFAP46"
"chr3",71127289,71128005,717,3,0.000840215657108591,0.000799596850957347,-0.00594463867310293,-0.00443746475171207,"FOXP1, AC097634.4"
"chr12",127455778,127456361,584,3,0.000840246718715751,0.00288045268807198,0.00861468402552626,0.00414329877608943,""
"chr2",120959004,120959528,525,2,0.000840246718715751,0.00126850072260139,-0.00834880129741985,-0.00478676083504579,"GLI2"
"chr16",11792619,11792694,76,2,0.000841906331001172,0.000466885059654052,-0.00744466960083624,-0.0071381153300829,"ZC3H7A"
"chr4",98496109,98496633,525,4,0.000842015604650036,0.000993455875318849,-0.00724972267138713,-0.00490103079928284,"AC108159.1, TSPAN5"
"chr10",16984360,16984849,490,2,0.000842481636078701,0.000466637545135079,-0.00816741834289243,-0.00798506802472035,"CUBN"
"chr2",38097842,38098854,1013,5,0.000844903312386092,0.000134325883473939,-0.00891331204354324,-0.00614902652517079,"CYP1B1-AS1, CYP1B1"
"chr12",105084156,105084963,808,11,0.000846258755630702,0.0412848999973021,0.00705147175866184,0.00136583921919314,"ALDH1L2"
"chr7",158432391,158433204,814,5,0.000846986669293329,0.000108399464328844,-0.0084797297207751,-0.00653432571174534,"PTPRN2"
"chr14",20999157,21000294,1138,5,0.000849329228778972,0.000122949565014211,-0.00718006204293808,-0.00287915407439902,"SLC39A2, AL161668.3"
"chr9",8702155,8702205,51,2,0.000849846751194799,0.00124915902184344,-0.00784077994288545,-0.00599744552778082,"PTPRD"
"chr6",1832856,1833682,827,2,0.000853934420264221,0.000753779575666523,-0.00816933011901607,-0.00780275927269232,"GMDS"
"chr3",184259489,184259761,273,2,0.000855104162193006,0.00134061676323703,0.00808125261137961,0.00591120092041833,"EEF1AKMT4-ECE2, CAMK2N2"
"chr11",100667484,100667790,307,2,0.000855840601308934,0.00345481039465963,-0.00768292753807644,-0.00462068112108152,""
"chr8",71045271,71045643,373,3,0.00085776927044747,0.000438125436019643,-0.00617115158258591,-0.00432722532732145,"AC015687.1"
"chr10",99926781,99927054,274,3,0.000858336963269282,0.000453614620241685,-0.00745218595790377,-0.00595347042112367,"DNMBP-AS1, DNMBP"
"chr17",19868047,19868906,860,9,0.000858377494487552,0.0208338151351049,0.0108610516979444,0.00353189132416042,"AC015726.2"
"chr8",11473783,11474761,979,4,0.00086077824108437,0.00415792090448111,-0.00749874949911813,-0.00526164846031428,"FAM167A"
"chr1",214123530,214124578,1049,5,0.000861973457888566,0.000146638109216277,-0.00412859673502503,-0.00192063769197444,"LINC02775"
"chr7",510445,511003,559,4,0.000862028101805328,0.000461794387969195,0.00593520623996294,0.00400764954319449,"PDGFA"
"chr9",505235,505721,487,3,0.000862028101805328,0.000386768693495563,0.00761523824692991,0.00535284226409607,"KANK1"
"chr11",19725913,19726042,130,2,0.000862459409381858,0.000488961866544502,-0.00715853868589408,-0.00683932314033238,"NAV2"
"chr8",10630721,10631160,440,5,0.000862822453100354,0.00512370816007118,-0.00812532546479138,-0.00316573890046993,"RP1L1"
"chr8",23682875,23683796,922,10,0.000863954405626697,0.00659612349236197,0.00531770518423188,0.00108134071305868,"NKX3-1"
"chr15",49422177,49423263,1087,7,0.000866043237963709,0.000888425009144999,-0.00692480321699601,-0.00293727477515746,"FGF7, FAM227B"
"chr17",80501645,80502108,464,4,0.000866591966922104,0.000258736411918845,-0.00673498490490038,-0.0045490062599106,""
"chr19",40219429,40219861,433,3,0.000866720515356858,0.00262329623331837,0.00712271611263211,0.00436740311973037,""
"chr9",71446255,71447180,926,8,0.000867180265998278,0.00449884553261945,0.00944099630824795,0.0019880442059848,"TRPM3"
"chr7",151381560,151382415,856,5,0.000867312789181299,9.04340811639859e-05,0.00916416060541396,0.00819979449872517,"WDR86"
"chr7",55178582,55179146,565,2,0.000867779059261864,0.000532592063181814,-0.00730546577347564,-0.0070681356465754,"EGFR"
"chr12",132774213,132774738,526,3,0.000867823961215497,0.00216402840027672,-0.00677284845504598,-0.00437665661139356,"GOLGA3"
"chr10",34727276,34727745,470,3,0.000868294087622342,0.0010803866026395,-0.00768858319047628,-0.00487814040219715,"PARD3"
"chr16",990578,991686,1109,6,0.000871389508321538,0.000403951548631259,0.00647470397704643,0.00536571775390552,"AC009041.1"
"chr19",2327681,2327954,274,4,0.000874499784983405,0.00132142003561787,0.00659959366157838,0.0039337462236799,"AC005258.1, LSM7"
"chr1",65524765,65525119,355,4,0.000874988385234065,0.00127989639082647,-0.00674522440379381,-0.00389471729486759,"LEPR"
"chr20",57583149,57583770,622,2,0.000875001804112134,0.00272006069261869,0.00668976826643259,0.0035625015336578,""
"chr19",54465027,54465572,546,4,0.000875455444765917,0.000388602766878378,0.00925148744062563,0.00624087420808687,"CDC42EP5"
"chr1",109370986,109371613,628,4,0.000875523776532044,0.000287830904088144,-0.00947953775427739,-0.00617940019407458,"SORT1"
"chr17",11515687,11515931,245,3,0.000875564413178742,0.00130920677116145,-0.00899813144840591,-0.00537002140665124,"SHISA6"
"chr6",36929865,36929870,6,2,0.000876669496411585,0.000513503603512321,-0.00695648071664216,-0.00687611827169301,""
"chr5",160220,160403,184,2,0.000878051928887284,0.000712129235171049,-0.00771108886400908,-0.00751140144640078,"PLEKHG4B"
"chr1",207826866,207827036,171,2,0.000881752779241947,0.000628339230454814,-0.00810462549391042,-0.00762269788147357,"MIR29B2CHG"
"chr15",57506262,57506850,589,4,0.000884689288259044,0.00317533185537243,-0.00718411417194778,-0.003974318791175,"CGNL1"
"chr7",24283509,24284816,1308,10,0.000885733848899344,7.53290466717605e-05,0.00649126181983362,0.00316920498148218,"NPY"
"chr1",147629951,147630103,153,2,0.000886110605091912,0.000642691485182891,-0.00798999905280625,-0.00746542728940448,"ACP6"
"chr6",116545495,116546206,712,6,0.000887252715431313,0.000257176006998308,-0.00585686499889109,-0.00378752298681998,"CALHM4, TRAPPC3L"
"chr12",52714126,52714617,492,4,0.000887252715431313,0.0108348509127307,0.0129725178557858,0.00424943233169794,""
"chr17",17495457,17495648,192,2,0.000891115677737199,0.00124940603937704,0.00462797143946049,0.00435309871458709,"RASD1"
"chr6",3803723,3804137,415,3,0.000893813287753778,0.000396400601249092,-0.00902619838333008,-0.00719556863938588,""
"chr4",5892964,5893683,720,5,0.000894058331703463,0.000474054227421978,0.0049318628541853,0.00352986400203469,"CRMP1"
"chr8",30442500,30442790,291,4,0.000894356438703852,0.00017576466124699,0.00581003749271489,0.00440809304647444,"RBPMS"
"chr11",2781621,2781900,280,2,0.000895200069594154,0.000516216007264079,-0.00397252329418863,-0.00296478297139635,"KCNQ1"
"chr18",80197145,80197171,27,2,0.000895241451061778,0.000543728778227622,-0.00510296421390235,-0.00495416042476128,"AC139100.1, PARD6G"
"chr6",159983419,159983659,241,2,0.000896234427600325,0.00133047625269885,-0.008198339223322,-0.00728079585289441,"IGF2R"
"chr17",34156541,34157240,700,13,0.000897585834239551,0.00715090518050602,0.00675977265170581,0.00110650625842371,"AC004147.2, ASIC2"
"chr1",2493734,2494596,863,6,0.000898188578991066,0.000111015036187469,-0.00594195837680308,-0.00303302554707101,"PLCH2, AL139246.4"
"chr5",67971382,67971922,541,2,0.000900005524226682,0.0167555671499698,-0.0103241966308241,-0.00489258635335348,""
"chr10",110009801,110010434,634,2,0.000900468999985852,0.00231897887339091,-0.00944841309076886,-0.00514758749884451,"ADD3"
"chr17",57744405,57745490,1086,8,0.000903323854202767,0.00208705605342704,-0.00597527111771191,-0.00194140178725836,"CCDC182"
"chr6",149748894,149749066,173,5,0.000903323854202767,0.000241989461843269,0.00447455557708692,0.00367528878042979,"NUP43"
"chr13",113848164,113849257,1094,5,0.000904398635199212,0.000437992217791823,-0.00507287059207949,-0.00319218441513814,"GAS6"
"chr1",234955359,234955861,503,5,0.000904507404103862,0.00165024856414388,-0.00945514922742091,-0.00514045138052732,""
"chr11",92969207,92970019,813,11,0.000905983076463594,0.000823410843353799,0.0082623749877545,0.00348971339585728,"MTNR1B"
"chr2",43300629,43301345,717,2,0.000905983076463594,0.00121457818264877,-0.0077185038553771,-0.00644709972812328,"THADA"
"chr9",72305147,72305704,558,4,0.000911010490153522,0.00124300473510892,-0.00807650150386419,-0.00418740537896453,"LINC01504"
"chr1",65459161,65459659,499,2,0.000915073996781738,0.0130513061996913,-0.00464348049920528,-0.0017725324326496,"LEPR"
"chr6",167573044,167573620,577,2,0.00091549750717345,0.000368073718655912,-0.00932538913885679,-0.00885133449314511,""
"chr8",127036040,127036158,119,2,0.000920784085637886,0.00181834011701827,-0.00841032352341748,-0.00532695003956292,"PCAT1"
"chr7",137935163,137935651,489,2,0.000921633208205892,0.000665181358826079,-0.00774154835796938,-0.00649214110710342,"CREB3L2"
"chr8",118023832,118024239,408,3,0.000923266674690823,0.000813164430404115,-0.00655958944063112,-0.00471210429775761,"EXT1"
"chr18",55546807,55547044,238,2,0.000930334882423623,0.0366468257349583,-0.00749850187094554,-0.0038883235721089,"TCF4"
"chr14",68819429,68819627,199,2,0.000931720085200082,0.000715585369557949,-0.00431883226865369,-0.00429462967005492,""
"chr1",167630288,167631022,735,6,0.000932460746616976,0.00275636427712587,-0.00733362134331244,-0.00152260236323252,"RCSD1, AL031733.2"
"chr2",8456778,8458017,1240,9,0.000932493685637743,0.000148275256450728,-0.00698875048571371,-0.00395317349652996,"LINC00299"
"chr3",66495378,66495930,553,2,0.000932989626144837,0.000649213161964785,-0.00825549931176596,-0.008155344419647,"LRIG1"
"chr7",77314765,77315238,474,3,0.000937795972437445,0.000523255118821441,-0.0033069612128143,-0.00274791377700285,"CCDC146, GSAP"
"chr2",200747881,200748221,341,4,0.000938559906881214,0.000158186674092375,-0.00734306681126695,-0.00641061509626494,"AOX3P-AOX2P, AOX2P"
"chr17",31392005,31392413,409,4,0.00093908754551542,0.00326097525044162,0.00336130884860788,0.00218857174337037,"RAB11FIP4"
"chr5",167967961,167968305,345,3,0.000939632832206119,0.000257176006998308,-0.0085724278786653,-0.00676098497080891,"TENM2"
"chr15",75661424,75661986,563,3,0.000940697137165403,0.00296547693832331,-0.0089745645780337,-0.00636678279382513,"SNX33"
"chr16",79721352,79721682,331,2,0.000943073980013354,0.000540504399351869,-0.00782865296809105,-0.00677339358361939,"LINC01229, MAFTRR"
"chr13",79779979,79780397,419,2,0.000943597339611253,0.000645328964349501,-0.00881637109209806,-0.00864300106203073,""
"chr9",136964447,136966411,1965,7,0.000943779452764851,0.00011875914619368,-0.00689522561559922,0.00082011564246463,""
"chr5",173029052,173029384,333,2,0.000943889948687024,0.00114378129773161,-0.00574955050941631,-0.00554874463247955,"ATP6V0E1"
"chr7",150946827,150948004,1178,7,0.000945081692817453,0.000799596850957347,-0.00878850841302617,-0.00486410587817074,"KCNH2"
"chr13",25727487,25728129,643,2,0.000945081692817453,0.000629294715973106,-0.00623308349547249,-0.00546231653397119,"ATP8A2"
"chr13",40152283,40152421,139,2,0.000946148257073706,0.00283598303996459,-0.00879542964629237,-0.00510513589281776,"LINC00598"
"chr2",152166942,152167360,419,2,0.000947839605303922,0.0108680218599506,-0.00941616306017716,-0.00496376651593138,"STAM2"
"chr10",30785051,30785503,453,4,0.000948786176607764,0.00866646267584921,0.00797340138914217,0.0035237004324525,""
"chr9",15735113,15735799,687,2,0.000950525257232409,0.000354649944255953,-0.00770093731868995,-0.00737425188903145,"CCDC171"
"chr11",61923326,61923562,237,4,0.0009520984650762,0.000171618073813831,-0.0075629972391513,-0.00680521272555024,""
"chr2",106031041,106031120,80,2,0.000952707112400951,0.000623815778397782,-0.00853769331730256,-0.00779105653561988,""
"chr10",79243263,79243900,638,3,0.000953262011180485,0.00119850201244668,0.0108855565319018,0.00706683333684924,"ZMIZ1"
"chr7",150371937,150372801,865,6,0.000954192682110302,0.000276202915543254,0.00241250837837825,0.00106223457060465,"REPIN1, ZNF775, REPIN1-AS1"
"chr2",218871154,218871827,674,3,0.000954192682110302,0.000515620064823604,0.00810911348258457,0.00738832956121072,"WNT6"
"chr11",10375375,10376074,700,3,0.00095446056574701,0.000373550391022931,-0.00601658907519528,-0.0052635849723791,"AMPD3"
"chr3",19147964,19148710,747,6,0.00095610918487831,0.00218376230386732,0.00476173982625636,0.00111332077740148,"KCNH8"
"chr5",10489915,10490223,309,2,0.000957292969330129,0.000524789076585948,-0.00903142248690872,-0.00887787460019481,""
"chr6",157527598,157527744,147,2,0.000957330879970591,0.000498399355363575,-0.00603678517732728,-0.00462286175271137,"ZDHHC14"
"chr20",3745214,3745681,468,3,0.000957778382528392,0.000617879390568884,0.00506932983154436,0.00455966774676319,"HSPA12B"
"chr9",136693949,136694961,1013,17,0.000961354104520069,0.000407659255752276,-0.00777602150548446,-0.00369546372101357,""
"chr20",38134190,38134209,20,2,0.000962947030359046,0.000595761313044509,-0.00778079265297264,-0.00733231300753682,"TGM2"
"chr4",7811748,7812184,437,3,0.000963206210237999,0.000406183720024745,-0.00662059245237052,-0.00558396281500543,"AFAP1"
"chr17",55722091,55723329,1239,8,0.000965643522044812,3.72694591821863e-05,-0.00535790297549719,-0.00337480672614903,"TMEM100"
"chr1",15284680,15285257,578,3,0.000966758208996829,0.000341020813084337,-0.00685052360916814,-0.00520238455719888,"FHAD1"
"chr11",61281758,61282185,428,5,0.000967612890085014,0.000724780291218502,0.00911834403650582,0.00435685779354972,"VWCE"
"chr7",98401165,98401548,384,5,0.000972967321071304,0.014266125234483,0.00797415345286798,0.00340632258957854,""
"chr11",9056630,9057042,413,4,0.000974901244147798,0.000199446176034792,-0.00598204509870292,-0.00443840264295236,"AC079296.1, SCUBE2"
"chr7",4265147,4266096,950,6,0.000979276016818418,0.0058761133829604,-0.00622836473239283,-0.00278726290496678,"SDK1"
"chr11",31827281,31827715,435,6,0.000982469026587443,0.000930642708797229,-0.00793262982552689,-0.00541624809378823,"PAUPAR, AL035078.4"
"chr21",42315172,42315825,654,9,0.000982538433881874,0.0167267964198292,-0.00793129942121387,-0.00376585101037406,"TFF3"
"chr19",3671041,3671120,80,2,0.000982584325811334,0.000914685110843021,-0.0106625539342435,-0.0103821898442223,"PIP5K1C"
"chr4",84482762,84482946,185,3,0.000983776502065829,0.0012392073367001,0.00767272152009358,0.00544490553154099,""
"chr12",131137739,131138194,456,4,0.00098423001303678,0.00155304769223949,-0.00847893970825517,-0.00463401446991376,"ADGRD1"
"chr4",147793742,147794083,342,2,0.00098490243792963,0.000946358718385316,-0.00660899869296196,-0.00614433741591144,"ARHGAP10"
"chr6",132511197,132511338,142,2,0.000985433648641814,0.000549555514525548,-0.00784626645172488,-0.0073152916653709,"STX7"
"chr4",70721723,70722597,875,8,0.000994926987056116,0.000159376052293407,0.00703189245321774,0.00422099420761235,"RUFY3"
"chr1",167632038,167632048,11,2,0.000998702552020176,0.000944801340031576,-0.00742004880042061,-0.00697542843154375,"RCSD1"
"chr19",50639626,50640815,1190,11,0.00100409162128368,0.00254606262897162,0.00280335204157621,0.000812969364470516,"SYT3"
"chr19",39133030,39134172,1143,4,0.00100409162128368,0.00205282956900135,-0.00691230853683117,-0.00318145088500393,"PAK4"
"chr22",50189954,50190795,842,8,0.00100945481105136,2.95930398232738e-05,-0.00726229970931988,-0.00525269060497175,"TRABD"
"chr3",4467153,4467842,690,9,0.00100965836622477,0.00415792090448111,0.00588903985337551,0.00218480453379857,"SUMF1"
"chr13",112204631,112205542,912,6,0.00101060548365163,0.000441018448629933,-0.00799459636555803,-0.00477379775886084,""
"chr5",75023955,75024635,681,4,0.00101187356463595,0.000104470469769671,-0.00755266273590493,-0.00453007323933558,""
"chr13",42573881,42574548,668,8,0.00101405878827521,0.00115571939685709,0.0076762926168007,0.00290210669389808,"TNFSF11"
"chr7",12875314,12875749,436,2,0.00101449595994021,0.00997381593722398,-0.00631384695224659,-0.00368367471160107,"AC011287.1"
"chr13",73703851,73704606,756,2,0.00101575076948188,0.000520967336420031,-0.00601041648567867,-0.00440710184404215,"KLF12"
"chr12",6309982,6310886,905,14,0.00101652484959422,0.000628339230454814,0.00793851197096567,0.00270437911922787,"PLEKHG6"
"chr6",99394075,99394492,418,9,0.00101771326374711,0.0355069986197767,0.00719222277310739,0.00249769907193062,"COQ3"
"chr14",37594907,37595715,809,8,0.0010178205380539,0.000246307662557856,0.00421705908533747,0.00186744883358904,"FOXA1"
"chr11",11620242,11620813,572,4,0.00101870175060045,0.000355173495494163,0.0083582717565681,0.00594266859647702,"GALNT18"
"chr9",70411002,70412301,1300,5,0.00102796986352188,0.000177724412215463,-0.00896291844305964,-0.00637561222199123,"KLF9"
"chr15",99717818,99718257,440,4,0.00102868040064623,0.00541544417751411,-0.00658988153217511,-0.00377013770654524,"LYSMD4"
"chr16",72989828,72990303,476,3,0.00103185705638697,0.000238260951268001,-0.00994052187056409,-0.00915157353473886,"ZFHX3"
"chr1",47819777,47820463,687,2,0.00103522185368303,0.000438737362092373,-0.00787190484538762,-0.00762359480386964,"AC096541.1, TRABD2B"
"chr5",72518134,72518571,438,3,0.00103694980135814,0.000620538256431798,-0.00881803941379112,-0.00786497669591176,""
"chr15",71294554,71294852,299,3,0.00103983878426903,0.000276202915543254,-0.00771208423715166,-0.0059251763217734,"THSD4"
"chr12",120262558,120263126,569,2,0.00104016084576749,0.00187981576917178,-0.00735542585350026,-0.00624311092291236,"PXN"
"chr5",58582058,58582699,642,8,0.00104101040776383,0.00232486197603429,0.0036809314051244,0.00151458401634434,"RAB3C"
"chr7",47647477,47647631,155,2,0.00104172867673585,0.000678571125785396,-0.0086185497655905,-0.00617772734917615,""
"chr6",44563337,44564487,1151,3,0.00104259764173217,0.000266443418715184,-0.00778586374804682,-0.00343619469336862,""
"chr7",27101178,27102585,1408,9,0.00104426901200017,2.93900981825416e-05,0.00975639335022578,0.00677116902828414,"HOXA2"
"chr3",185328740,185329193,454,5,0.00104595131701358,0.00068277460655053,-0.00722973312059401,-0.00508686334723552,"MAP3K13"
"chr19",34402100,34402363,264,2,0.00104595131701358,0.000871581022884039,-0.00691169990282265,-0.00573625421983924,"GPI, AC092073.1"
"chr16",72996619,72996636,18,2,0.001052156120504,0.00136934122033917,-0.00573809385955128,-0.00500651707861875,"ZFHX3"
"chr1",154760384,154761018,635,7,0.00105319558317723,0.00128696147522626,0.00490520949896688,0.00364433974188787,"KCNN3"
"chr11",123475070,123475766,697,3,0.0010546992072906,0.000443383585440462,-0.00754814473643083,-0.00680453399606482,"GRAMD1B"
"chr3",142964041,142964487,447,8,0.00105702330265905,0.00592527788900209,0.00612258503429131,0.002642351047872,"PAQR9-AS1"
"chr13",27790587,27791716,1130,6,0.00105800199767763,0.000307295601912594,0.00400111650084348,0.00230134485821446,""
"chr4",188333117,188333500,384,2,0.00105814867882806,0.00225245401644343,-0.00789458595289534,-0.00435938564020446,""
"chr9",110206971,110208124,1154,6,0.00105899813275845,0.029821629439295,-0.00767713176684627,-0.00307123976485409,"C9orf152"
"chr1",201461618,201462999,1382,4,0.00105899813275845,0.00353924345222788,-0.00664656118422744,-0.00376053351520116,""
"chr8",143023793,143024619,827,8,0.0010590393819072,0.00205113241114037,-0.00794463578070095,-0.00519466770283338,"LY6E"
"chr5",149632539,149632761,223,3,0.0010590393819072,0.00039018313703377,-0.00880698602544753,-0.00780387428409854,"ARHGEF37"
"chr2",165954971,165955285,315,2,0.00105971030808536,0.0110714912830704,-0.00699093066144428,-0.00391640686454928,""
"chr2",151032761,151033063,303,2,0.0010634905422234,0.000534581818332501,-0.00805287962222345,-0.00646480504827408,"AC023469.1"
"chr6",44218417,44218800,384,2,0.00106491062928607,0.00194953984156628,-0.00779679425359843,-0.00485387398010981,""
"chr9",94920433,94921161,729,4,0.00106566337788876,0.00081881844130991,-0.00775039256446474,-0.00636027076432265,"AOPEP"
"chr19",3786127,3787091,965,9,0.0010658688073591,0.0099165208279903,0.00738067100351729,0.00244588664437826,"MATK"
"chr14",34181129,34181617,489,3,0.0010658688073591,0.000263253800641421,-0.00774104242006421,-0.00636144000081059,"EGLN3"
"chr3",170420083,170420417,335,2,0.0010702436178889,0.000666815814406567,-0.00899758053520915,-0.00847108432329562,"CLDN11, AC026316.4"
"chr5",149938106,149939140,1035,3,0.00107045668695222,0.000807104343006357,-0.00769760584928271,-0.00449065886448893,"PDE6A"
"chr2",46770223,46770931,709,3,0.00107139910026651,0.000219036667464259,-0.00604830833237527,-0.00518980356165492,"LINC01118, SOCS5"
"chr20",53208777,53208878,102,2,0.00107238297291112,0.00127157183545346,-0.00834026382375461,-0.00601815373261232,"TSHZ2"
"chr7",131521317,131522625,1309,5,0.0010751056122981,0.000538738184885928,-0.00856408722328468,-0.00519044039491772,"PODXL"
"chr8",42411524,42413002,1479,4,0.00107570728147228,3.47843420936617e-05,-0.00921154533766735,-0.00611202768926993,""
"chr15",70751973,70752421,449,3,0.00107591278402554,0.00123408964038825,-0.00890470381723343,-0.00458914797266034,"AC009269.2, UACA"
"chr11",95711260,95711791,532,2,0.00107669839330128,0.000921163308313392,-0.0088510352437657,-0.00602920346004699,"AP000820.2"
"chr3",154428394,154429082,689,6,0.00107995169584911,0.000222066793602524,0.0056393535651484,0.0032091593448279,"GPR149"
"chr17",82238843,82239186,344,4,0.00108275557046086,0.000147219297274041,-0.00949364200315805,-0.00671598734428301,"SLC16A3, CSNK1D"
"chr22",42553520,42553968,449,8,0.00108329686766956,0.134806013480958,0.00684658931681097,0.00222490543268011,"SERHL2"
"chr19",41799423,41799612,190,2,0.00108784983473577,0.000635916523742646,-0.00793022065288995,-0.00653762892811701,"CEACAM3"
"chr10",95499555,95499955,401,2,0.00108797251359724,0.00178763756408494,-0.00373732767564963,-0.0023325479718478,"SORBS1"
"chr16",77434380,77435293,914,9,0.00109429617650494,0.0115111632641665,0.0050390003333413,0.00138461895769607,"AC025284.1, ADAMTS18"
"chr16",2205882,2206715,834,7,0.00109429617650494,0.00535247078743086,0.00726282380506414,0.00322915927354102,"MLST8"
"chr14",77038135,77038839,705,3,0.00109501783096849,0.00435458490994756,0.00866539828386655,0.00565374673011905,""
"chr2",62662711,62662783,73,2,0.00109896568205603,0.000647160067821695,-0.00740800078300032,-0.00693323385099466,"AC092155.1"
"chr12",113222636,113223465,830,3,0.00110040939431999,0.000277892231045368,-0.00556206918368454,-0.00359413399017211,"TPCN1"
"chr13",89674047,89674112,66,2,0.00110179402772043,0.000525231888942347,-0.00705640115697406,-0.00632853040471159,"LINC02336"
"chr12",92506141,92506741,601,2,0.00110539570379085,0.000787181992657655,-0.00783255304325445,-0.00720411114030803,""
"chr7",7761955,7762657,703,2,0.00110660492843592,0.000610089929491251,-0.00977764690455651,-0.00878173508743831,"UMAD1, AC007161.3"
"chr9",131289193,131289881,689,7,0.00110960276270795,0.00137714022554178,0.00711435994317736,0.0038306878521858,"PLPP7"
"chr13",40562834,40563757,924,7,0.00111248881214528,0.0183164428483524,-0.00839200686313723,-0.00247452426815025,"AL133318.1, FOXO1"
"chr14",31969218,31969509,292,2,0.00111752688998609,0.0396672084779721,-0.00728983539664889,-0.00346894791449246,""
"chr1",91404805,91405156,352,5,0.001120413258397,0.0143874996195324,0.00589553875182153,0.00149048304913909,"HFM1"
"chr5",80569989,80571104,1116,10,0.00112119777293461,0.00148396058126409,0.00907079278093554,0.00336166276481087,"ANKRD34B"
"chr2",130837004,130837579,576,5,0.00112382287452546,0.000950842478485886,0.00610230053373175,0.00240957048325972,"ARHGEF4"
"chr15",65833125,65833884,760,2,0.00112569476554816,0.00148396058126409,-0.0093319471797815,-0.00660426296360533,"RAB11A"
"chr2",12515073,12515556,484,2,0.00112634799341546,0.0411165201337566,-0.00510404122560537,-0.00263526032562164,"MIR3681HG"
"chr7",151403934,151404768,835,3,0.00112679579384148,0.000288227338136322,-0.00831251143702628,-0.0065949254737193,"WDR86"
"chr16",68084114,68084919,806,7,0.00112737767939424,0.000119811661679113,0.00814926250839123,0.00478586643574227,"AC130462.2, NFATC3"
"chr11",9363940,9364904,965,6,0.00113108874169573,0.000409106670053113,0.00545549443398237,0.00182602277550279,""
"chr1",234962271,234962914,644,2,0.00113108874169573,0.000469271909005384,-0.00953728005389688,-0.00907817937234956,"AL391832.2"
"chr9",96523238,96523713,476,2,0.00113153719681847,0.000757804073148924,-0.00811720436525605,-0.00529867241575281,"CDC14B"
"chr10",34754411,34754959,549,3,0.00113299441072121,0.00318078589880929,-0.00586823254611695,-0.00424479745008769,"PARD3"
"chr17",51164910,51165808,899,10,0.00113404272273801,0.00502045160041132,0.00616094423402867,0.00234023925133026,"NME1-NME2, NME2"
"chr19",45395591,45396983,1393,4,0.0011366711984368,0.000128720514086034,0.00696708395244692,0.00488236048803945,"PPP1R13L"
"chr11",250601,251223,623,7,0.00114377141162047,0.00817774369883287,0.00728954707926518,0.00150573971691595,"PSMD13"
"chr20",50732054,50732493,440,3,0.00115061413477616,0.00455988590415567,0.00751267980706156,0.00479078670028751,"PARD6B"
"chr13",93249203,93249720,518,2,0.00115188180728014,0.00111957545049324,-0.0072808594369005,-0.00606057238348469,"GPC6"
"chr21",40846625,40847845,1221,11,0.00115205173487734,0.00405532734463209,0.00706327415402769,0.00182372197367559,"DSCAM"
"chr11",2992079,2993707,1629,24,0.0011526546652658,6.68316705768462e-05,0.00622719054253977,0.000456773051410282,"NAP1L4"
"chr6",110356710,110356976,267,2,0.00115275177469518,0.000817124581432655,-0.00771167074819079,-0.00676145277062522,"METTL24"
"chr10",118873255,118873349,95,2,0.00115351402970554,0.000695263832938327,-0.00793768872806114,-0.00779482293011742,"AL157388.1"
"chr1",187640000,187640146,147,3,0.00115433928165293,0.000444417087926132,-0.00737030922355952,-0.0051440290112282,"LINC01036"
"chr4",75940768,75941759,992,7,0.00115548742580462,0.0156616467682368,0.00592897497488134,0.00156834118632638,"NAAA, SDAD1"
"chr10",18260107,18261694,1588,15,0.00115575135940146,3.59469157584682e-05,-0.00654913663919831,-0.004303700470711,"CACNB2, AL390783.1"
"chr6",130929249,130929468,220,2,0.00115605545830373,0.000557233557624823,-0.00760712193586662,-0.00759950276970608,"EPB41L2"
"chr14",68199103,68200071,969,4,0.00115617567553308,0.000382824289388323,-0.00703924241220283,-0.0060124017127519,"RAD51B"
"chr3",87070176,87070256,81,2,0.00115663455494744,0.000577806885942206,-0.00864797319373962,-0.00662459730180217,""
"chr11",507177,508226,1050,10,0.00116071193518436,0.00122528029506883,0.00587349281225367,0.000137342250809268,"RNH1"
"chr20",50278405,50279151,747,4,0.0011668238426205,0.000716478786695045,-0.00697056829947122,-0.00160953618685042,"PELATON"
"chr6",30691117,30691915,799,14,0.00116713290100404,0.00154409013105065,0.00580805914233096,0.00114572538425518,"NRM"
"chr2",11390193,11390581,389,3,0.00117213843028286,0.000544361570472974,-0.0071894572716039,-0.00594186197680236,"LINC00570, AC099344.2"
"chr12",112978078,112978713,636,8,0.0011752464502512,0.0016639869674267,-0.00944556194537863,-0.00470006465155529,"OAS2, AC004551.1"
"chr11",109915121,109915407,287,2,0.00118450847891764,0.000640614541844256,-0.00958443875768937,-0.00841501305210391,"RDX"
"chr6",5025930,5026325,396,5,0.0011900648292759,0.000168283657452373,-0.00610093725186734,-0.00435425555174271,"LYRM4-AS1"
"chr18",67265837,67266150,314,2,0.00119195424152141,0.00059775840275547,-0.00796148714257624,-0.00758092871539674,""
"chr5",5199525,5199757,233,3,0.00119433600500724,0.000628501417864372,-0.00778582104017181,-0.00605792671492892,"ADAMTS16"
"chr9",34370783,34371382,600,5,0.00119816096980383,0.000225135410398892,0.00718857900555412,0.00348046412239372,"MYORG"
"chr10",3077802,3078811,1010,4,0.00119869376858407,0.000161909922093931,-0.00717889841008668,-0.00550726147824143,"PFKP"
"chr14",20632729,20633591,863,7,0.00119972036102307,0.000301593920513961,0.00731750283321041,0.00332115066471515,""
"chr11",2443592,2444657,1066,16,0.0012044934441868,0.000570207344782629,0.00681998292555974,0.00296195837234136,""
"chr15",65044822,65045579,758,7,0.0012053617597286,0.00209806537756397,-0.00646591890361335,-0.00418082825322699,"SLC51B"
"chr10",132722127,132722994,868,4,0.0012053617597286,0.00159508706715147,-0.006393702208278,-0.00473608392145723,"INPP5A"
"chr12",53954923,53955787,865,6,0.00120742033410527,0.0651162082980566,0.00531456922313816,0.00258270337665116,"HOXC12"
"chr6",163392311,163392621,311,2,0.00120829889118261,0.0548590046068421,-0.00932129125952875,-0.00451340005066879,""
"chr11",117044548,117045210,663,2,0.00121407099348686,0.000757830792632493,-0.00739621220802795,-0.00682058152143926,"SIK3"
"chr7",105118366,105118418,53,2,0.00121604088822208,0.000606446610061232,-0.00298588912063425,-0.00260476347511105,"SRPK2"
"chr17",6831621,6832220,600,9,0.00121652663372078,0.0037581767460373,0.00602397776121042,0.00268145187155785,"TEKT1"
"chr6",57173404,57174247,844,4,0.00121907535002959,0.000101790461400401,-0.00776427427882652,-0.00671156011703377,"BAG2, ZNF451-AS1"
"chr8",99799234,99800349,1116,3,0.00122326888438128,5.48227226374444e-05,-0.00622028821127671,-0.0059127831272499,"VPS13B"
"chr22",38314720,38315886,1167,5,0.00122328844160152,0.000928837158362822,0.00652414441738938,0.00408231458157167,"CSNK1E, TPTEP2-CSNK1E"
"chr19",4534974,4535570,597,12,0.00122555800628817,0.00953174255971752,0.00652640264676087,0.00201108587246655,"PLIN5, AC011498.4"
"chr1",51264777,51265653,877,5,0.0012259650371115,0.000267477868619383,-0.00628159249320041,-0.00429529024179605,"RNF11, AL162430.2"
"chr9",16575202,16576173,972,4,0.0012259650371115,0.000338604527174687,-0.00648029847720511,-0.00376160412329025,"BNC2"
"chr17",17825346,17826102,757,3,0.0012299378067845,0.00066071454534377,-0.00850463087658559,-0.0067515535486844,"SREBF1"
"chr8",68799104,68799317,214,2,0.00123196102416094,0.003822517115263,-0.00691535342867806,-0.00466941894849214,"C8orf34"
"chr5",160453047,160453067,21,2,0.00123216700484843,0.000592649469260317,-0.00753748592736976,-0.00610989264297588,"MIR3142HG"
"chr12",122895900,122897443,1544,14,0.00123727876448824,0.00389338821411997,0.00707630342481115,0.00270072146445591,"VPS37B"
"chr3",193897344,193897929,586,2,0.00123798616844159,0.000885235242918965,-0.00717044337404771,-0.00696109283931125,""
"chr11",65646609,65647789,1181,7,0.00125215264354468,0.00049836161542074,0.00852528016248065,0.00461558082299562,"SIPA1"
"chr20",6708135,6708970,836,2,0.00125260850088797,0.00116871307408685,-0.0092274319262157,-0.0069944113170708,""
"chr16",71637219,71637827,609,4,0.00125479021644945,0.00231580286175586,-0.00793447713241327,-0.00462615075212935,"MARVELD3"
"chr7",134365650,134365826,177,3,0.00125499630610542,0.024360170984741,-0.00506432451612843,-0.0014705898473482,""
"chr2",9983636,9984586,951,2,0.0012591990204707,0.000330654092619869,-0.00673692128468454,-0.00590845198371589,"GRHL1"
"chr5",38667135,38667696,562,2,0.0012678071035631,0.000529676713426942,-0.00779561655158887,-0.00762338571794057,"LIFR-AS1"
"chr11",66857382,66857807,426,5,0.00127054702329122,0.00126850072260139,0.00711847821992015,0.0044090107292832,"LRFN4, PC"
"chr21",29371361,29371533,173,2,0.00127281500475145,0.000710102739852493,-0.00685491546631956,-0.00495909472747501,"BACH1, BACH1-IT2, BACH1-AS1"
"chr16",54446406,54447035,630,3,0.00128329176084925,0.00115047795132737,-0.00596915460863426,-0.00535304215038427,""
"chr22",49826098,49826695,598,5,0.00128360216713305,0.000367034334528798,0.00582401528822719,0.00413372029198326,"BRD1"
"chr5",149958078,149958143,66,2,0.00128424882820817,0.00149977219029812,-0.00558898310568179,-0.00503058034611766,""
"chr9",127846644,127847758,1115,6,0.00128695374393314,0.000991625988891649,-0.00488840799200364,-0.00207367929777824,"ENG"
"chr8",102067597,102067840,244,2,0.00128815878687166,0.000612027076515525,-0.00778507655872188,-0.00711328721444079,"NCALD"
"chr21",42449966,42450127,162,2,0.00128863307141765,0.000868783035816244,-0.00636865803923363,-0.00474198391085565,""
"chr8",16604184,16604526,343,3,0.00129065182781891,0.000340621801040289,-0.00798783704450001,-0.00636504937451451,"AC011586.1, AC011586.2"
"chr11",9460377,9461534,1158,11,0.00129390822376694,0.00252463519480062,-0.00126731213550425,-0.00047765950952326,"ZNF143, AC132192.2"
"chr5",154835058,154835227,170,2,0.00129627334774542,0.000667202966226591,-0.00611436420965534,-0.00536341976371448,"FAXDC2"
"chr3",119186113,119186650,538,4,0.00130111327901529,0.00287711787358054,-0.00751437489604456,-0.00356590913189017,"AC083800.1, UPK1B"
"chr12",80186630,80187282,653,4,0.00130155083380901,0.00017151125048177,-0.00932504322273092,-0.00626085289739473,"OTOGL"
"chr13",20431111,20431249,139,2,0.00130538015302737,0.000735234103058599,-0.00696438535864295,-0.00661019896357337,"CRYL1"
"chr1",234970251,234971374,1124,4,0.00130663483818341,0.000706985343928265,-0.00650828127729532,-0.00516792790751637,""
"chr3",55659154,55659603,450,2,0.00131103573765757,0.0018173414786397,-0.00719929918749244,-0.00433797769210368,"ERC2, ERC2-IT1"
"chr10",12903217,12903629,413,2,0.00131371714435513,0.000687053538132173,-0.00701583383039567,-0.00694682681629118,"AL353586.1, CCDC3"
"chr4",110621958,110623963,2006,14,0.00131544057535741,0.0015763942025992,0.0081498754038606,0.0025568185127558,"PITX2"
"chr11",9003955,9005029,1075,4,0.00131820888128799,0.000666815814406567,0.00619669420520815,0.00425583432936158,"AC079296.1, NRIP3"
"chr8",124728654,124729325,672,8,0.00131939907007157,0.00114389938786158,0.00753122240837553,0.0038757894844176,""
"chr1",208132283,208132775,493,2,0.0013200875306471,0.000847140216004623,-0.00625196795061455,-0.00527679564729633,"PLXNA2"
"chr3",172324103,172324492,390,2,0.00132363558944705,0.000586313019607809,-0.00866939960202598,-0.00774494591735655,"FNDC3B"
"chr2",85577992,85578508,517,3,0.00132375885210839,0.000774311614867428,-0.00719091411097835,-0.00645166686368667,"VAMP8"
"chr11",5324859,5325326,468,3,0.00132599529024645,0.0214437878906227,0.00777897713673155,0.0043674543111551,"HBG2, AC104389.5, HBE1, OR51B5"
"chr7",129783213,129783514,302,3,0.00132879026476547,0.000757804073148924,0.00410818069082427,0.00264309957144016,"AC084864.1"
"chr7",100656169,100656658,490,8,0.00132982498806105,7.4034361969951e-05,0.0113863851961685,0.00437611830170284,"ACTL6B"
"chr10",34121854,34122033,180,2,0.00133191547235104,0.000689838483526341,-0.00867191551411096,-0.00732831251162434,"PARD3"
"chr10",48305986,48306311,326,3,0.00133382892733569,0.00156888334904647,0.006009471394325,0.00360495565566364,""
"chr7",2517328,2518797,1470,14,0.00133561220503544,0.00109413879174989,0.00412112244123371,0.00222579480293337,"LFNG"
"chr13",111584292,111584507,216,3,0.00133570617487074,0.000370736375415863,-0.00679731070419722,-0.00649899479042646,""
"chr1",66923838,66924201,364,4,0.00133764735290333,0.000285109221595672,0.00519121451444386,0.00437988832854127,"DNAI4"
"chr1",19988110,19988464,355,2,0.00133879574447013,0.00368569860804288,-0.00596961220876442,-0.00506640560788013,""
"chr10",102752489,102753544,1056,4,0.00134237183718849,8.68037377457288e-05,-0.0076557057370316,-0.00512854208019234,"WBP1L"
"chr11",44943267,44944334,1068,4,0.00134237183718849,0.000292859991603259,-0.00690595810028063,-0.00513761247517748,"TP53I11"
"chr11",105609620,105610595,976,15,0.00134653044740321,0.00541079985319942,0.00528155544389532,0.00157598492292176,"GRIA4"
"chr9",84933217,84933544,328,2,0.00134788575160434,0.0370162023907959,-0.0071263912181868,-0.00391236291227245,"NTRK2"
"chr19",37550698,37551883,1186,11,0.00135265902952621,8.27606273524423e-05,0.00491206042585657,0.00308840593281154,"ZNF571-AS1, ZNF540"
"chr17",57485603,57486135,533,2,0.00135265902952621,0.00100233968610716,-0.00842622112226519,-0.00717003879870515,"MSI2"
"chr11",69008056,69008929,874,2,0.00135576942868834,0.000471215636462785,-0.00796061444937775,-0.00729118747577349,"MRGPRF"
"chr10",86969190,86970104,915,7,0.00135824164363696,8.26262795867137e-05,-0.00746935634280675,-0.00496928606848719,"ADIRF, MMRN2, ADIRF-AS1"
"chr12",19546570,19546898,329,3,0.0013658249580639,0.00124246568506754,-0.00630537099393803,-0.00460737973110032,"AEBP2"
"chr4",112411589,112412394,806,8,0.00136739931815199,0.000687994012371118,0.00836807029313484,0.00431680430947265,"ALPK1"
"chr1",218494206,218494585,380,2,0.0013680018815811,0.00323232277771712,-0.00686228937430059,-0.00519835968585406,"LINC02869"
"chr3",99721557,99721829,273,2,0.00137161901666397,0.00164126096300462,-0.00881564217440466,-0.00656224220749457,"COL8A1"
"chr20",63048362,63048437,76,2,0.00137161901666397,0.000719048671872905,-0.00692999721171909,-0.00506482206805546,"LINC01749, LINC01056"
"chr1",19665183,19666071,889,7,0.00137345724094858,0.00598642843209184,0.0102391153304471,0.0034991896907452,"HTR6"
"chr9",134703285,134703314,30,2,0.00137422356015576,0.000694588978144756,-0.00750070849887539,-0.00687486615523851,"COL5A1"
"chr2",96694142,96694189,48,2,0.00137623622984648,0.000928837158362822,-0.00490437781783923,-0.00436251685574795,"FER1L5"
"chr10",62689924,62690143,220,3,0.0013781939482768,0.000540849062700675,-0.00728742448869283,-0.00601346001654708,"AC067751.1"
"chr8",143829499,143830652,1154,9,0.00137863634134219,0.00461030904404879,0.00722272129213983,0.00247143788747951,"AC234917.3"
"chr17",27532356,27532974,619,3,0.00138488307326576,0.000406183720024745,-0.00640126040934569,-0.00507754536552973,"KSR1"
"chr1",24929347,24930640,1294,11,0.00138553514363614,0.000811320946882821,0.00756559688087601,0.00169488547336657,"RUNX3"
"chr14",71584844,71585349,506,4,0.00138827198203589,0.0486793303648657,-0.00509442362414109,-0.00249475731085406,"SIPA1L1"
"chr18",76823678,76824270,593,7,0.00138910764450072,0.000635916523742646,0.00767324678083876,0.00409053989697721,"ZNF236"
"chr10",60732921,60733852,932,8,0.00139053201181229,0.000368754997668826,0.00372282138084303,0.00172568202623782,"ANK3"
"chr9",92680771,92681405,635,2,0.00139290964297693,0.00598571476723178,-0.00761746693672757,-0.0046577708937169,""
"chr9",18976717,18977114,398,3,0.00139561527150859,0.00397748170817157,-0.00844188150749767,-0.00556121908713934,"SAXO1"
"chr3",144770509,144770919,411,2,0.00139575943822402,0.0117484665031686,-0.00845958045263871,-0.00494080322291379,""
"chr2",237436006,237436504,499,2,0.00139591171817989,0.00178126660657112,-0.00801562115891074,-0.00380456753448495,""
"chr2",15942805,15943494,690,4,0.00139906024809115,0.00138652323894249,0.00711091315248993,0.00477339982014735,"MYCN"
"chr5",7394814,7395205,392,3,0.00139968227567598,0.000887339913215015,0.0086476929893551,0.00645752589636758,""
"chr11",120839316,120839504,189,2,0.00139992849202091,0.000601916631093068,-0.00755491315562604,-0.00677812170370677,"GRIK4"
"chr2",20665891,20666087,197,4,0.00140372980473294,0.000348006949063258,0.00746047194980939,0.00389397346723529,""
"chr11",69647892,69649244,1353,9,0.00140689571049051,3.94037659823302e-05,0.00586230331014928,0.00445176128579219,"CCND1"
"chr8",48542445,48543702,1258,3,0.00140689571049051,0.000145254110802303,-0.00846308054379345,-0.00666465301215261,""
"chr6",39215402,39215585,184,2,0.00140693073484994,0.00124678201918632,-0.00961335151041452,-0.00741483679899611,"KCNK5"
"chr6",36961414,36962286,873,5,0.00140827105670594,0.000367034334528798,0.00354043734946388,0.00232849769901097,"PI16"
"chr7",151918357,151918464,108,2,0.00140827105670594,0.00059775840275547,-0.00712691917744974,-0.00623149612161689,""
"chr20",21520740,21522514,1775,5,0.00140834612470872,0.00311226685046405,0.00419772429048672,0.00246940927571524,""
"chr2",208112671,208113018,348,3,0.00141025584431116,0.00269704790492687,-0.00796832166242605,-0.00555636183601423,""
"chr1",172826317,172826715,399,2,0.00141229626886247,0.00598642843209184,-0.00919678237546468,-0.00537172404518379,"AL031599.1"
"chr5",95729669,95731018,1350,6,0.00141361077847756,0.000534083151261583,0.00765523195693932,0.00253963571699788,"RHOBTB3, AC008840.1"
"chr1",115085236,115086375,1140,4,0.00141361077847756,0.00017576466124699,-0.00661007822600543,-0.00396017048285775,"TSPAN2"
"chr9",109014429,109014998,570,4,0.00141473222753139,0.0124818330916611,-0.00673428263798941,-0.00456829989687653,""
"chr19",48329805,48330302,498,4,0.00141630336872529,0.00277904133668226,0.00803677947125456,0.00501686428439363,"EMP3"
"chr3",4584645,4585027,383,2,0.00141875688920384,0.000647160067821695,-0.00851291848560028,-0.00845013989963833,"ITPR1"
"chr6",42099762,42099811,50,2,0.00142550803819684,0.000943298225251384,-0.0074278558615641,-0.00649447230593955,""
"chr17",39769442,39770749,1308,4,0.00142586771567211,0.00083144378458065,-0.00871329812037363,-0.00358563659852326,"IKZF3"
"chr16",85195974,85196448,475,3,0.00142682673024622,0.00353698960754084,-0.00705295233792964,-0.00512002488045899,"GSE1"
"chr14",24263345,24264551,1207,6,0.0014272344976765,0.000122938808326931,-0.00637736034524041,-0.00411279604428919,"TGM1"
"chr11",123132321,123133140,820,2,0.00142831716585988,0.000627063567719137,-0.0054786942063208,-0.00477932325873729,"CLMP"
"chr6",30201567,30202563,997,3,0.00143036818538512,0.0129677734827605,-0.00874040294924213,-0.0024325341997763,"TRIM26"
"chr2",232487729,232488494,766,5,0.00143235074740889,0.00117756674520261,0.00514771835370044,0.0028125531761184,"ECEL1"
"chr1",116887048,116887260,213,3,0.00143788332669922,0.0393165848554592,-0.00542590552079051,-0.00200865062050518,""
"chr16",68538989,68540068,1080,8,0.00143831878820507,0.00362296450791348,0.00844471332927588,0.00245495541797117,"ZFP90"
"chr18",32770972,32771379,408,4,0.0014394880374063,0.00225245401644343,0.00629496939293489,0.00239039729323107,"AC012123.1, KLHL14"
"chr6",100458306,100458809,504,4,0.00144578241003235,0.027874775905144,0.00723483707709746,0.00389228170078919,"SIM1"
"chr10",89207943,89208334,392,6,0.00144857584226822,0.000168283657452373,0.00520269182735807,0.00297244448976511,""
"chr14",100309413,100309643,231,2,0.00145310080778629,0.000653075673240423,-0.00760757591288084,-0.00667016967956259,""
"chr14",60654798,60655609,812,5,0.00145553507196904,0.000486832744805111,-0.0075447442191261,-0.00498699950710474,"SIX1"
"chr7",27113280,27114325,1046,9,0.00145857026647222,0.00137083370043229,0.0084534076168506,0.00374858824554952,"HOXA-AS2, HOXA3"
"chr11",27282171,27282425,255,2,0.00145869640716546,0.000681987915083037,-0.00859936279124396,-0.00835146417206822,""
"chr12",10090186,10090559,374,3,0.00146198583624868,0.000778478360104495,-0.00781182366833693,-0.00451147286283984,"CLEC1A"
"chr21",40351115,40351388,274,2,0.00146198583624868,0.00260926880057563,-0.0100289925349375,-0.00618746451019863,"DSCAM"
"chr2",72562669,72563158,490,2,0.00146578058293951,0.00627501314481988,-0.00987262791761631,-0.00567669877522092,"EXOC6B"
"chr6",6758849,6759535,687,5,0.00146781255865797,0.000690557105556572,-0.00747239081246124,-0.00447592219258394,"AL136361.1"
"chr15",26052406,26052659,254,4,0.00146781255865797,0.000252995179294374,-0.0081442290889352,-0.00684214442074597,"LINC02346"
"chr14",104863893,104864787,895,5,0.00147192293740361,0.00190874517013168,0.00924157074969145,0.00470021356759477,""
"chr11",76141311,76141393,83,3,0.00147276217534458,0.000358594090890019,-0.00674628985180162,-0.00618797637872371,"UVRAG"
"chr9",114097977,114099266,1290,11,0.00147306736446406,0.00225738253121376,0.00556304205569969,0.00335831039023269,"KIF12"
"chr17",29759949,29760552,604,2,0.00147374843882306,0.00104070322265529,-0.0103191077506138,-0.00766883817260627,"SSH2"
"chr2",101308450,101309538,1089,8,0.00147426905798431,0.00465940717716731,0.00681984997142286,0.00211996285588204,"MIR5696, RNF149"
"chr2",241542038,241544052,2015,5,0.00147476311595795,1.60688611373603e-05,0.0105254771470336,0.00401552725760084,""
"chr18",48119390,48119435,46,2,0.00147483259949914,0.000606997780082951,-0.00497775046664526,-0.00483169837237657,"ZBTB7C"
"chr16",1167171,1167857,687,5,0.00147924455629891,0.000166366039592282,0.00967884048776209,0.00638845438182688,"CACNA1H"
"chr10",208872,209287,416,2,0.00147983826301126,0.000914685110843021,-0.00577244921306415,-0.00465681659096113,"ZMYND11"
"chr7",494258,494317,60,3,0.00148126478638678,0.000424304276308227,-0.00452109873443732,-0.0041114847318109,"AC147651.1"
"chr6",32175904,32176468,565,7,0.0014835204676161,0.000922293652794484,-0.00120799491712733,-0.000422553944910149,"AGPAT1"
"chr1",234876067,234876550,484,2,0.00148460866743747,0.000916510605494957,-0.00829447769863359,-0.00681866179418222,"AL391832.4"
"chr12",27771056,27772434,1379,6,0.00148490214698423,4.90853796820511e-05,-0.00662021570835059,-0.00426288694107642,"MANSC4"
"chr17",44916526,44916901,376,5,0.00149609010798975,0.000225135410398892,0.00615160886160874,0.00578774740538918,"GFAP"
"chr11",12433977,12434084,108,3,0.00150018334808955,0.000354839235377205,-0.00835353080064754,-0.00580655929874264,"PARVA"
"chr3",16932725,16933189,465,3,0.00150481959654976,0.00177489868581904,-0.00735916518091654,-0.00434532556894356,"PLCL2"
"chr7",290161,290694,534,3,0.00150521027594697,0.00417881955048402,0.00690328444713326,0.00404613516677757,"FOXL3"
"chr21",32474681,32476362,1682,5,0.0015062776961838,0.000135629276916074,-0.00802785087609218,-0.0037107773576881,"EVA1C, CFAP298-TCP10L"
"chr3",195184662,195185723,1062,7,0.00150784175866833,0.00405532329326647,-0.00573900368474993,-0.00165333057426296,"XXYLT1"
"chr3",170585256,170586408,1153,12,0.00150998631174551,0.00257851089088654,0.00632104518743505,0.00234299727198559,"AC026316.4, SLC7A14-AS1, SLC7A14"
"chr8",47660616,47661155,540,3,0.00151109690174751,0.00473651745111939,-0.00698102867179526,-0.00319136079112222,"SPIDR"
"chr11",72070007,72070548,542,3,0.00151776289330454,0.00102494387362213,-0.00575999520682144,-0.00454918840720721,"NUMA1"
"chr1",222266426,222266810,385,3,0.0015298859880484,0.000486687538019159,-0.0069370256219938,-0.00577218504314314,"AL356108.1"
"chr11",94153101,94153532,432,2,0.00153602990191119,0.000659019579135574,-0.00775388455351057,-0.00688160692884066,"PANX1"
"chr10",113107469,113107876,408,2,0.00153777660293975,0.000922293652794484,-0.00625969157424593,-0.00124130157698021,"TCF7L2"
"chr11",69444479,69445503,1025,8,0.00153817083325153,0.0128801330708367,-0.00740698660231255,-0.00358182806420706,"AP000439.1"
"chr15",77144143,77144783,641,4,0.00153954774760481,0.0195318827421932,-0.00795185246100256,-0.00410860933923345,"PEAK1"
"chr11",75496216,75496724,509,2,0.00154109436781582,0.00319427102533169,-0.00626102500990842,-0.00390577227737387,"GDPD5"
"chr15",71096721,71096962,242,3,0.00154126589101428,0.00117700755793129,-0.00652669855780377,-0.00282724682417346,"THSD4"
"chr3",177648006,177648020,15,2,0.00154218533552306,0.000774325335576092,-0.00595542688016376,-0.00556032270171474,"LINC00578"
"chr15",89101414,89102416,1003,4,0.00154410489345821,0.000180636495938695,-0.0063549577511182,-0.00581346536501595,"ABHD2"
"chr2",124024540,124025677,1138,12,0.00154540465536897,0.000852469826402476,0.00465829438727974,0.00214022107603336,"CNTNAP5, AC079154.1"
"chr10",77428453,77428862,410,2,0.00154733834892129,0.0127917093671814,-0.00850352034265766,-0.00455768486115723,"KCNMA1"
"chr4",181671476,181672075,600,3,0.0015474107545685,0.00271219538526976,-0.00841680218395902,-0.00401875827723537,""
"chr21",46066265,46066755,491,2,0.00155568498412886,0.001430763493132,-0.00885517729434613,-0.00745020198783722,""
"chr14",89564376,89564498,123,2,0.00155735343085494,0.00102049871009284,-0.00890041126434838,-0.00671179560782942,"FOXN3, AL137230.2"
"chr7",102097612,102098245,634,4,0.00157132085260997,0.00106753200063142,-0.00654423330316698,-0.00503454967216539,"CUX1"
"chr15",31254759,31255035,277,2,0.00157283398452812,0.00108679637601032,-0.00704342192517062,-0.00677866506974045,""
"chr10",61987643,61988180,538,2,0.00157372482129965,0.00102875171956561,-0.010515315749928,-0.00792658602503794,"ARID5B"
"chr1",19436506,19436864,359,2,0.00159101929913208,0.120640908831537,-0.00747948347689514,-0.00379364007888465,"CAPZB"
"chr17",28384098,28385393,1296,7,0.00159215360025019,5.21321364581756e-05,-0.00787368027207162,-0.00540362697582473,"SARM1"
"chr19",9834182,9834343,162,2,0.00159625677959448,0.00116255242048421,0.00683739435918082,0.00520701892301739,"AC008752.2"
"chr10",101029126,101029517,392,2,0.00159922117895115,0.00678801211035732,-0.00632701437522283,-0.00360350654933339,"PDZD7"
"chr19",49511921,49512718,798,7,0.00160447184897226,0.00133777466528424,-0.00777318086901789,-0.00385478735907759,"FCGRT"
"chr22",27345752,27345963,212,2,0.00160447184897226,0.000665992098269992,-0.00577333219907205,-0.00518166971693862,"AL020994.2"
"chr17",72187589,72188496,908,3,0.00160654337896393,0.000167248244998645,-0.0081997623812934,-0.00658795758672422,"AC007461.1, SOX9-AS1"
"chr16",85107626,85108207,582,4,0.0016067662249705,0.00074975544353093,0.00255790655868278,0.00163253700389637,"CIBAR2"
"chr2",111896440,111898252,1813,7,0.00161585859960757,0.00116020215823478,0.00622700612956977,0.00231057587554887,""
"chr1",99969318,99970001,684,16,0.00161764787309946,0.0210225471920278,0.0056991592879445,0.00116867969293466,"SLC35A3, AC118553.1"
"chr19",46633981,46634691,711,5,0.00161879671972531,0.000674761641254908,0.00585634466886018,0.00292300002237853,"GNG8"
"chr2",3598487,3598606,120,3,0.00162295365779719,0.000345139728804311,-0.00680156741750906,-0.00626917932964333,"COLEC11"
"chr10",58834398,58834414,17,2,0.00162803879676681,0.000635916523742646,-0.00849144966164621,-0.00811361872445391,""
"chr20",22584460,22585651,1192,10,0.00163179369502996,0.00237060573149723,0.00535193037919906,0.00200131475505742,"FOXA2"
"chr4",159105456,159106335,880,5,0.00163436838867717,0.000270523265119635,-0.00636084364334792,-0.0041655840853366,"RAPGEF2"
"chr14",49687522,49688915,1394,14,0.00163632919815698,0.00531584652588234,0.00664550068715584,0.00159448543152681,"POLE2"
"chr13",40187448,40188332,885,7,0.00163651965783594,0.000348006949063258,-0.00712164154379278,-0.0060892448762678,"LINC00332, LINC00598"
"chr21",17901131,17901174,44,2,0.00163912692567626,0.00263886084408222,-0.00815207483165719,-0.00489260678429432,""
"chr16",47144156,47145046,891,9,0.00163956881521481,0.0722695035559327,0.00482288566711598,0.00112990283640597,"ITFG1-AS1"
"chr14",21043342,21044169,828,3,0.00164169019724429,0.000466885059654052,-0.00770776246034096,-0.00496322751012556,"RNASE7, NDRG2"
"chr1",35538948,35538958,11,2,0.00164400366582933,0.000732684571855895,-0.00531454253918697,-0.00470194617503652,"KIAA0319L"
"chr14",105074973,105075605,633,3,0.00164536209489465,0.0145181697424354,-0.00668117241252314,-0.00405575412717338,""
"chr14",69396939,69397562,624,4,0.00164947412666166,0.102555051484361,0.00974804258193485,0.00288102257638218,"ERH"
"chr3",169349117,169349406,290,2,0.00164953943275971,0.000678571125785396,-0.00879936312937369,-0.00809866350446869,"MECOM"
"chr14",62116670,62118141,1472,17,0.0016509259838747,0.00937827775347915,0.00812248796300157,0.00201946684141505,"LINC00643, AL390816.2"
"chr6",111229718,111229778,61,2,0.00165502431611579,0.00104883391670205,-0.00480133013422048,-0.00433239363062667,"SLC16A10, AL360227.1"
"chr17",59851583,59851913,331,3,0.00165539791577733,0.00390765165162829,-0.00864140851696612,-0.00421293843676481,""
"chr12",12785148,12785531,384,7,0.00166055548684611,8.19166745806764e-05,-0.00711125884874859,-0.00618758640898549,"APOLD1"
"chr11",12287098,12288075,978,4,0.00166403273286508,0.000259495784893135,-0.00709818000734794,-0.00622565764266319,"MICAL2"
"chr12",24705841,24706104,264,2,0.00166636419031011,0.000686834584912123,-0.0075336132817323,-0.00751265230427778,"AC023796.1"
"chr9",99013904,99013919,16,2,0.00166802013422368,0.000763547375038427,-0.00801838296452844,-0.007395129597607,"COL15A1"
"chr1",212858217,212859335,1119,10,0.0016706386467543,0.000751920150974264,0.00596950912156564,0.000355219234831037,"FLVCR1"
"chr9",89614033,89614469,437,3,0.00167152831698923,0.00379388678033267,-0.00502680753810414,-0.00289794252067157,""
"chr13",105627299,105627319,21,2,0.00167493206092352,0.000643615693739666,-0.00818896788784356,-0.0079962913105505,""
"chr11",8863634,8864046,413,2,0.00167504904283159,0.00202032310716234,-0.00796579368673924,-0.00291014502953281,"DENND2B"
"chr3",50319740,50320245,506,7,0.00168305888620663,0.000192490603533802,0.0078091485141996,0.00397003175781037,"HYAL2, TUSC2"
"chr19",47512364,47512819,456,3,0.00168511241268609,0.000748592755164776,-0.00603060187564064,-0.00520815946490126,"NAPA"
"chr17",62916963,62917188,226,2,0.00168705681637343,0.000778548628788496,-0.00863234782768312,-0.00757068086262198,"AC005972.3"
"chr15",63677430,63677999,570,3,0.00168866097938399,0.0025228344297906,-0.00762856423820325,-0.00469670015254587,"AC073167.1, HERC1"
"chr5",10310597,10310647,51,2,0.00168946193601165,0.000682087217754626,-0.00828274121404401,-0.00827287039130542,""
"chr12",126190144,126191593,1450,9,0.0016900711693088,0.000543315812537561,0.0108560311866621,0.00342247430666594,"AC007368.1, AC005888.1"
"chr8",23353231,23353836,606,3,0.00169072336921314,0.00943091299239122,0.00347250710853328,0.00272525391661016,"AC090197.1, LOXL2"
"chr12",53074030,53074208,179,2,0.00169860928080202,0.00104883391670205,-0.00732606837394347,-0.00719487427682487,"SPRYD3"
"chr17",50209490,50210527,1038,4,0.00170155386462935,0.000680783801979915,-0.0080975365776236,-0.0058291887446976,"AC015909.1"
"chr2",226256424,226256908,485,2,0.00170784768437819,0.00127311991455877,-0.00728662829330512,-0.00540096451774328,""
"chr21",35796899,35797423,525,2,0.00171010617972228,0.000570257597726607,-0.00621691037571116,-0.00486175565611145,"RUNX1"
"chr14",50233398,50233578,181,2,0.00171027729124243,0.00112216739317591,-0.0062106161620844,-0.00576483966975259,""
"chr13",110424795,110424910,116,4,0.00171282762376165,0.000988728826778714,-0.00297477754487125,-0.00147639185036784,"COL4A2"
"chr10",22475637,22476280,644,4,0.00171407684637886,0.000930707845063076,0.00536718206215505,0.00255670046111274,"AL513128.3, AL513128.2"
"chr9",1042202,1042970,769,6,0.00171486386063914,0.000999609202554255,0.0105244672687017,0.00470957440417781,"AL358976.1"
"chr3",71753120,71753808,689,6,0.00171491892440808,0.00490302923425222,0.00476716303632401,0.00326927745888407,"AC097634.4, EIF4E3"
"chr16",19754255,19754455,201,3,0.00171686561752438,0.000398349876011716,-0.00626676099767869,-0.00412293981947097,"IQCK"
"chr5",14183264,14183763,500,3,0.00171832032644912,0.000757757599368428,-0.00852412023277044,-0.00639544250435833,"TRIO"
"chr5",78907022,78907488,467,3,0.00171832032644912,0.00270420429669213,-0.008817691771906,-0.00567342135860636,"ARSB"
"chr17",82913462,82914189,728,5,0.00172943396996943,0.00444956484477233,-0.00558878914772192,-0.00234525242685355,"TBCD"
"chr11",93529017,93529441,425,2,0.00173690178397776,0.00087073140686806,-0.00643785289101407,-0.00584135407693348,"SMCO4"
"chr6",164085165,164086273,1109,12,0.00173854819398444,1.39590458765849e-05,0.00672162561904568,0.00521355102127118,"Z97205.2"
"chr22",19905140,19905143,4,2,0.00173872036587604,0.000763691770540756,-0.00557014961769589,-0.00514750401397259,"TXNRD2"
"chr3",71053163,71054462,1300,5,0.0017391454571805,0.000609920892518706,-0.00394862555772699,-0.00202862693133445,"FOXP1, AC097634.4"
"chr7",76409468,76409891,424,2,0.00174420052567311,0.000988728826778714,-0.00675735645480744,-0.00672025901993796,"ZP3, SSC4D"
"chr7",151436967,151437441,475,2,0.00174868894034639,0.00102475770788861,-0.00668950872977514,-0.00621266331999583,"AC005996.1, CRYGN"
"chr10",112376089,112376315,227,4,0.00175016811644865,0.000367034334528798,-0.00521978398533416,-0.00408974372319495,"ACSL5"
"chr20",33282969,33283546,578,6,0.00175447459416323,0.00460225552743084,-0.00711700724408797,-0.00283102470282347,"BPIFB1"
"chr1",43936681,43936850,170,3,0.00175559318413869,0.00404369210002788,0.00784635686959268,0.00432512562889645,"ARTN"
"chr1",77832522,77832785,264,2,0.00175787829827968,0.00088181402821184,-0.00716018594637992,-0.00632934951129768,"MIGA1"
"chr2",1561556,1562322,767,4,0.00175789685256273,0.000629876503165688,-0.00791897419491773,-0.00526030160723739,"AC105450.1, AC141930.1"
"chr4",25655743,25656299,557,8,0.00176050253070052,0.00265725835037575,0.00895159825754437,0.00485863924117547,"SLC34A2"
"chr1",2134567,2135542,976,6,0.00177255587573664,0.000498399355363575,0.0061956744923255,0.00347167593659196,"PRKCZ"
"chr14",69259114,69259903,790,13,0.00177372190569688,0.00597609065434441,0.00451159226519326,0.00168507875945909,"GALNT16, AL359317.1"
"chr2",213189182,213189825,644,3,0.00177657690190553,0.00074975544353093,0.00696043917225585,0.00501017810191189,""
"chr6",31539656,31540888,1233,14,0.00178076523752377,5.82491439471687e-05,0.0056386917731229,0.00352265600505896,"DDX39B, ATP6V1G2-DDX39B"
"chr5",93602033,93603424,1392,6,0.00178351008811144,8.1106478600426e-05,-0.00804104690872893,-0.0060502984642875,"AC106818.1"
"chr17",32487496,32488016,521,7,0.00179898738010228,0.0274959429468838,0.00903994137408963,0.0029259649434955,"CDK5R1"
"chr2",8282064,8282252,189,5,0.00179898738010228,0.000784734990601772,-0.0048499013762136,-0.00295546262718255,"LINC00299"
"chr2",168773913,168774150,238,2,0.0018007294985512,0.000802049272256813,-0.00855472040301414,-0.00608433809219281,"CERS6, CERS6-AS1"
"chr8",142044276,142044424,149,3,0.00180304091364512,0.000418748920378954,-0.00872495586293343,-0.00744266209445231,""
"chr17",42364050,42364431,382,2,0.00180539135980755,0.000748592755164776,-0.00784790312041825,-0.00764593773151959,"STAT3"
"chr1",145909856,145909999,144,2,0.00180709639796488,0.000723348771859223,-0.0079244496628617,-0.00709290804323093,"ITGA10"
"chr13",40668581,40668681,101,3,0.00181514362666361,0.000444417087926132,-0.00710545929744161,-0.00681195339954549,""
"chr9",92536464,92537248,785,4,0.00181753490776111,0.000646988556850843,-0.00697472498576548,-0.00547720863406314,"CENPP, ECM2"
"chr11",9314034,9315298,1265,17,0.00181840363524099,0.00326567919500043,0.00637104301796763,1.97611466973307e-05,"TMEM41B"
"chr6",112298103,112299304,1202,3,0.00181840363524099,0.00016025977068859,-0.00881742752281286,-0.00792606462577129,"LAMA4-AS1, AL365214.2"
"chr13",111205166,111205211,46,3,0.00181981149768814,0.000443339029846938,0.00480020078793352,0.00403194802569462,"ARHGEF7"
"chr5",54985370,54985905,536,9,0.00182227135611986,0.000595334753847505,-0.0060776930927112,-0.00409045404147941,"ESM1"
"chr15",69288440,69289163,724,4,0.00182549031033319,0.00258943225950776,-0.00544600003321709,-0.00265976533405373,"AC026992.1, AC026992.2"
"chr9",6565526,6565777,252,4,0.00182895732782887,0.00133777466528424,-0.00621020817697308,-0.00501224436338638,"GLDC"
"chr2",25078165,25078544,380,3,0.00183195515527943,0.000526851682354087,-0.00683597332895515,-0.0061131248085962,"EFR3B"
"chr3",195818456,195818585,130,3,0.00184082420286942,0.000532918639031484,-0.00797417936718464,-0.0058044424190572,""
"chr3",196528761,196529352,592,5,0.00184598159255567,0.00691457379719554,0.00811999003906254,0.00397728609775445,"AC092933.1"
"chr1",8133623,8134281,659,3,0.00184617914099655,0.000562728635573039,-0.00654979538227439,-0.00605003929689511,""
"chr17",4952927,4953451,525,2,0.00184746620550959,0.00456836919615264,-0.0082713962980994,-0.00429205820277153,"ENO3"
"chr19",40231833,40232401,569,3,0.00185463087435504,0.00131714622045144,-0.00625057297397861,-0.00388493321644291,"AKT2"
"chr1",155043722,155043887,166,2,0.00185527775072901,0.000834115057156171,-0.00752581030442218,-0.00701460768093434,"DCST1"
"chr13",34943017,34943497,481,4,0.00185567499240147,0.000336179085102026,0.00542887745300043,0.00300368516099924,"NBEA"
"chr10",99535643,99535967,325,2,0.00186217987467124,0.0630568039999075,0.00863668466255589,0.00363630204382802,"NKX2-3"
"chr11",57527537,57527849,313,2,0.00186528365480243,0.0176058492089293,0.00659482639748245,0.00284794244523462,""
"chr22",23857664,23858616,953,9,0.00186579045788461,0.000627020268203375,-0.00181065573706974,-0.000728115601673091,"SLC2A11"
"chr8",74103115,74103452,338,3,0.00187022644489224,0.000563763146589258,-0.00817091841786103,-0.00698511085831202,"AC087627.1"
"chr9",101479213,101479881,669,2,0.00187477781755178,0.000460759266543929,-0.00865974516061417,-0.00683671021220841,"TMEM246-AS1, PGAP4"
"chr8",54453978,54454906,929,5,0.00187538312962079,0.00204222275700921,0.00412728210085562,0.0021734180000329,""
"chr17",28227195,28227881,687,4,0.00187538312962079,0.00779387902942364,0.00310529447357003,0.00163527982295384,"PYY2"
"chr1",237041379,237042405,1027,9,0.00187645012677328,0.00460656551309603,0.00881775827660964,0.00280495282508944,"RYR2"
"chr4",117086050,117086864,815,4,0.00187790273522181,0.00376429076252971,-0.00609238466828363,-0.00218712304695958,""
"chr16",89395813,89396253,441,5,0.00187792457101591,0.000180826951727982,0.00735084667976854,0.00500827972831186,"ANKRD11"
"chr2",182048302,182048779,478,4,0.0018800040903302,0.00313055642367693,-0.0068037447403247,-0.00274256572046142,"PPP1R1C"
"chr16",18801795,18802197,403,6,0.00188432772556065,0.0181931815357066,0.00366886773696481,0.00101048105952271,""
"chr10",14382036,14382333,298,2,0.00188752918484818,0.000878008662974863,-0.00902187604812177,-0.00754179184904944,"FRMD4A"
"chr7",130994268,130994796,529,3,0.00188764067420246,0.00379199726293594,-0.00835313371930175,-0.00531697640887867,"AC016831.6, LINC-PINT"
"chr13",20193737,20194397,661,7,0.00188815249674888,7.8303927092988e-05,0.00746619890361253,0.00519464016446966,""
"chr16",4416817,4417683,867,9,0.001898071264176,0.00157932688775693,0.00561951703713419,0.00106898808695892,"CORO7-PAM16, CORO7"
"chr1",179743956,179744815,860,5,0.0018999747782299,0.000336179085102026,-0.0087242830476219,-0.000574312102414726,"FAM163A"
"chr12",118307212,118307699,488,2,0.00190081303565397,0.000694323075861838,-0.00965530972921502,-0.00882949559153063,"TAOK3"
"chr2",226483480,226484198,719,2,0.00190134989165609,0.000796035897359589,-0.00756672007769464,-0.00661518529839099,""
"chr3",196949104,196949357,254,2,0.00190347405600539,0.00282207050084037,0.00320066735526846,0.00250021369511283,"PIGZ"
"chr10",62582624,62583040,417,2,0.00190505834406106,0.000816879189783662,-0.0054991359181602,-0.0048318736827913,"AC024598.1, AC067752.1"
"chr1",1358488,1359697,1210,11,0.00190760596976558,2.57849596037456e-05,-0.00629518585126104,-0.00392716976965956,"MXRA8"
"chr6",30583680,30584356,677,6,0.00190957681822506,0.00501528969923977,-0.00642558362200875,-0.00266066851730808,"ABCF1, MIR877"
"chr21",36744763,36746548,1786,8,0.00191023010358504,0.000135372472705462,0.00585415266474376,0.00302872830781038,"SIM2"
"chr8",25000948,25002022,1075,6,0.00191257431594125,0.000181340731434403,0.00731417653353903,0.00551702218549745,"AC107373.1, AC107373.3"
"chr2",110732311,110733136,826,6,0.00191596525887775,0.0026840331549353,0.00703820024290208,0.00331614080630211,"ACOXL"
"chr1",32246239,32247179,941,5,0.00191613689150649,0.00158993554751817,-0.00603488081182114,-0.00408417740283323,""
"chr6",31717653,31717798,146,6,0.00191666856648069,0.000185124719376476,0.00416905590747883,0.00272189557111234,"LY6G6F-LY6G6D, LY6G6D"
"chr3",154224559,154224643,85,3,0.0019276689617547,0.000386327418266725,-0.00624972795153898,-0.00559066082519788,"ARHGEF26"
"chr19",37467542,37468202,661,8,0.00192772316146595,0.0362699672424308,0.00704741099592167,0.00284368884656378,"ZNF570, ZNF569"
"chr9",121956934,121957100,167,2,0.00193035021888362,0.000809382684964651,-0.00803866020918033,-0.00772658415874346,"TTLL11, TTLL11-IT1"
"chr9",92385720,92385977,258,2,0.00193602824559834,0.00142634605213985,-0.0075830895233687,-0.0064020662530741,"CENPP, OGN"
"chr17",37492193,37492526,334,2,0.00193856233292257,0.00119727017244818,-0.00662112511883267,-0.00654663064794036,"DUSP14"
"chr9",38319174,38319892,719,2,0.00194098680044675,0.000890238571250875,-0.00716942597346761,-0.00597097858216564,""
"chr15",38868582,38868820,239,3,0.00194643768663358,0.00105316518098197,-0.00742173565761103,-0.00541244345175027,"LINC02694, AC013652.1"
"chr14",100158690,100160198,1509,12,0.00194773788399745,0.00169888762466905,0.00635332171923715,0.00223948246642572,"DEGS2"
"chr16",85898608,85899557,950,8,0.00194779228771227,0.00254306006900399,0.00351589250714844,0.00192053490249879,"IRF8"
"chr17",82334988,82335434,447,2,0.00195110528254232,0.00307327483225737,-0.00591302415138105,-0.00462307776652479,""
"chr6",31776835,31777404,570,11,0.00195121934290271,0.000489237237667823,-0.00445669319877434,-0.00153896933131417,"VWA7"
"chr2",143519200,143519705,506,3,0.00195121934290271,0.00053926823230722,-0.00621860681588187,-0.00492775011217556,"ARHGAP15, AC079793.1"
"chr17",4605950,4606021,72,2,0.00195330954957401,0.000805750435908939,-0.00809340894393132,-0.00740277630512669,"SMTNL2"
"chr12",8483625,8483826,202,3,0.00195911788658051,0.000726484058940498,-0.00641636243585583,-0.00437416202867061,""
"chr2",226801083,226802011,929,4,0.00196638038397382,0.000778411676384843,0.00431295509053563,0.00315365611236929,"AC010735.2"
"chr14",37622008,37622970,963,8,0.00196719264320125,0.000526731981275148,0.00720894857838325,0.00412800013235739,"TTC6"
"chr2",85410550,85410930,381,5,0.00197694909276151,0.0274225935988332,-0.00826169702632875,-0.00439222878540484,"CAPG"
"chr17",3921090,3921305,216,3,0.001977856424932,0.000852469826402476,-0.00666327833989286,-0.00542597722675062,""
"chr22",46801324,46801451,128,2,0.001977856424932,0.00115429095240516,-0.00459277390198866,-0.00290029296378925,"TBC1D22A"
"chr5",88677779,88678730,952,12,0.00197887379026441,0.000173403544273006,0.00440395537021551,0.00174136064962494,"MEF2C-AS2, LINC00461"
"chr11",119361031,119361553,523,4,0.00197892137457719,0.00305350762440474,-0.00683449605734604,-0.00440853531445655,"USP2"
"chr3",30614459,30614518,60,3,0.00198123636430178,0.000818943304469579,-0.00787319096479053,-0.00493214160446002,"TGFBR2"
"chr2",21395894,21396529,636,5,0.00198253050974624,0.00451835532751405,-0.00856611422349726,-0.00482235457977845,"AC018742.1, AC011752.1"
"chr16",54281639,54283130,1492,7,0.00198782405229434,9.13212777917754e-05,0.00853208678277502,0.00627393197518178,""
"chr22",42500097,42500682,586,8,0.0019999105796051,0.00233210176770029,0.00851805113636721,0.00332738263192397,"SERHL"
"chr20",17836572,17836825,254,2,0.00200586498177376,0.000939511248074387,-0.00807941703959122,-0.00725931576650191,""
"chr22",39153486,39154010,525,3,0.00201430337826482,0.000847277331897188,0.00425095537750469,0.003945457333308,""
"chr2",119523778,119525109,1332,11,0.00201541266939762,0.00240261414469648,0.00758548177823055,0.00290232208941557,"SCTR"
"chr5",10289504,10290279,776,3,0.00201708258287914,0.000244003841401236,-0.00718541787096025,-0.00461093420029055,"CMBL"
"chr8",89955070,89955297,228,2,0.00201759872910375,0.000702891419363915,-0.00739710153578216,-0.00655143383919551,"NBN"
"chr2",43406988,43408591,1604,5,0.00201965740851412,0.000102424531459075,-0.00589443421001642,-0.0041218617514681,"RNU6-958P, THADA"
"chr16",31072084,31072455,372,2,0.00201965740851412,0.0028198085228071,0.00648015156083744,0.005320763646398,"ZNF668"
"chr13",106530191,106531287,1097,5,0.00202303988539112,0.000188820240974206,-0.00482317790243081,-0.00423691754171304,"EFNB2"
"chr3",190345511,190346967,1457,3,0.00202595138347056,0.000105694017114922,-0.00700911665905141,-0.00411347734935571,"CLDN16"
"chr14",69587641,69587715,75,3,0.00202826870182592,0.000393749648035995,-0.00665403442915476,-0.00503042609223799,""
"chr3",194487358,194489170,1813,6,0.00202881448917626,0.000520967336420031,0.00683278660803963,0.00130863911485575,"LINC00884, ATP13A3"
"chr6",10519958,10521219,1262,6,0.00202881448917626,0.000123140162151924,-0.00762938740993028,-0.00536498819707359,"GCNT2"
"chr3",195546486,195546896,411,2,0.00203057190304078,0.00346305949768489,-0.00857421158143901,-0.00655780773816865,"AC069213.1"
"chr11",59189189,59189244,56,2,0.00203161505280312,0.000914685110843021,-0.00717662670348922,-0.00662076198636443,"DTX4"
"chr12",6067522,6067675,154,2,0.00203236470177348,0.000715246510352217,-0.00543343725422124,-0.0048696771138835,"VWF"
"chr22",48577038,48577433,396,3,0.0020361329111023,0.00146722299635498,0.00824853682451862,0.00527374343708625,"TAFA5"
"chr5",132488810,132489104,295,2,0.00204124483721787,0.00156519241677576,-0.00737173539981133,-0.00685229556527587,"AC116366.2, IRF1"
"chr5",14824837,14825177,341,2,0.0020460740088697,0.000767690048283256,-0.00399697240706179,-0.00386146885107554,"ANKH"
"chr19",5147844,5148637,794,4,0.00205111667805508,0.000433078973379772,-0.0092609195074811,-0.00763894336541831,"KDM4B"
"chr8",98064018,98064821,804,11,0.0020520356000645,0.000682087217754626,0.00656048196495788,0.00271434877336732,"ERICH5"
"chr3",13106708,13107079,372,3,0.00205298828693047,0.00180817593520648,-0.00409358891416554,-0.00288768220325693,"IQSEC1"
"chr6",149077300,149077502,203,2,0.0020537232120241,0.000726347374886857,-0.00767039765605782,-0.00558235398548924,""
"chr3",119303494,119303645,152,2,0.00205485615014473,0.343283079090455,-0.00766318210128648,-0.00394758602949339,"ARHGAP31"
"chr2",230326947,230327579,633,7,0.00205997557148127,0.00254310542980475,-0.00783225806890197,-0.00515950548960521,"SP140L"
"chr9",92424967,92425526,560,2,0.00206302533094082,0.000942971988945214,-0.00749159540069895,-0.00612087065630263,"CENPP"
"chr2",238409187,238409969,783,4,0.00206390101317261,0.00295111637227844,-0.0061387575893578,-0.0045413769012315,""
"chr15",58560368,58560943,576,2,0.00206499869381828,0.000674761641254908,-0.00704984855680591,-0.00701012433779933,"LIPC"
"chr6",142400667,142400909,243,2,0.00206718246645199,0.000929951556298607,-0.00754617522093427,-0.00714614436516251,"ADGRG6"
"chr15",29158333,29158352,20,2,0.00206872832717629,0.000726347374886857,-0.00778755479123951,-0.00740221708941776,"FAM189A1"
"chr12",132367080,132367424,345,3,0.00207132787780326,0.040472736027875,-0.00844835330438057,-0.00541194521160446,""
"chr12",42482288,42483083,796,5,0.00207253694758145,0.000563763146589258,-0.00742743810111189,-0.00298738915696581,"PRICKLE1"
"chr17",51630403,51630539,137,3,0.00207502949692708,0.000432489596103336,-0.00832760736189686,-0.00682377161517926,"CA10"
"chr20",61724330,61724472,143,2,0.00207506165958205,0.000739648984744583,-0.00602202489561314,-0.00502563807362956,"CDH4"
"chr17",81923190,81924166,977,6,0.00208214432868943,0.00139141565381925,-0.00860673124600333,-0.00589522371380137,"AC145207.8, MAFG"
"chr6",168519256,168519651,396,5,0.00208621324754703,0.000258736411918845,-0.00581419626626044,-0.00360255572990019,"SMOC2"
"chr16",67516608,67516670,63,2,0.00209662273796757,0.000745811241959694,-0.00690764570888254,-0.00688371524877894,""
"chr8",23538860,23539374,515,3,0.00209709905418485,0.000796514105637983,-0.00706838642266128,-0.00535796784987403,"SLC25A37"
"chr11",78289657,78290019,363,3,0.00210284837997816,0.00133777466528424,-0.00861373632731157,-0.00494946387016222,"GAB2"
"chr3",128231939,128232774,836,3,0.00210549383332565,0.000418659026295976,-0.00751152281138503,-0.00614456314104275,"EEFSEC"
"chr12",54189245,54189785,541,4,0.00210585284567377,0.00191888101106309,0.00477755561740498,0.00301915273855025,""
"chr6",148404928,148405082,155,3,0.00210742115595396,0.000529099298347483,-0.0068514671860263,-0.00535881592916749,"SASH1"
"chr2",237256782,237257274,493,4,0.00212358076900358,0.000452879564394111,-0.00557046270520148,-0.00455890977094541,"AC112715.1"
"chr11",46821381,46821389,9,2,0.00212481814969173,0.000963892863404922,-0.00482161993097687,-0.00452654293711365,"CKAP5"
"chr20",38674340,38674841,502,5,0.00212507447252369,0.0045907858022387,0.00794479920049735,0.00356927663201676,""
"chr20",32051502,32052709,1208,15,0.00213003522583462,0.000373550391022931,-0.00566812980841095,0.00121104871417268,"HCK"
"chr10",69572383,69573405,1023,7,0.00213152603738156,4.67598955947025e-05,0.00301016718236749,0.00128046086120885,"NEUROG3"
"chr2",174012629,174013385,757,5,0.00213152603738156,0.000227579441410466,-0.00820709938641425,-0.00569259887810991,"AC016737.2"
"chr21",37452440,37452466,27,2,0.0021349753190687,0.00101502602069553,-0.00763940414261475,-0.00604915291327165,"DYRK1A"
"chr5",10509870,10510406,537,4,0.00213846103747458,0.000389803522912448,-0.00283883156915612,-0.000124800862766182,"LINC02213"
"chr5",135451775,135452438,664,4,0.00214212109641605,0.000921163308313392,-0.00782456073085033,-0.00540679055949927,"AC022092.1, TIFAB"
"chr1",54876040,54876252,213,2,0.00214253795671236,0.00162864457002998,-0.00613860161504159,-0.0053763403039936,"AC096536.3, DHCR24"
"chr15",73871193,73871233,41,2,0.00214884028545413,0.00146951124671662,-0.00816634051813309,-0.00714537410531341,"AC018943.1"
"chr21",15496018,15496445,428,3,0.00214956388275932,0.0101920506913426,-0.00874377432991531,-0.00401601445707008,"AJ009632.2, AJ009632.1"
"chr1",206023513,206024234,722,8,0.00215358439624942,0.000715585369557949,-0.00594740610430311,-0.0021490339950446,"CTSE"
"chr5",26482562,26482765,204,2,0.00215513930312976,0.000774385988931236,-0.00688895244166608,-0.00656703354875684,"AC025475.2"
"chr6",105137364,105137887,524,11,0.0021595653949254,2.16369190891639e-05,0.00673076231971111,0.00379082677534533,"BVES-AS1"
"chr21",34691502,34691572,71,2,0.00216331183013929,0.000874613595220659,-0.0065879317245389,-0.0052463742742369,"CLIC6"
"chr12",121015781,121016648,868,10,0.00216350476976459,0.0119190222996126,0.00537218321421969,0.00033508850488721,"C12orf43"
"chr1",3858263,3858770,508,8,0.00216492530109466,0.00218851171714312,0.00798658096996086,0.00364956213418408,"DFFB"
"chr11",27430336,27431487,1152,3,0.00216673848587496,0.000563763146589258,-0.00703073338509619,-0.00468471715125802,"LGR4"
"chr6",33316570,33317298,729,10,0.00216687368728309,0.00225156861447828,0.00630614408957646,0.00156244176945451,"ZBTB22"
"chr13",24679885,24680604,720,11,0.00216938195444749,0.000988728826778714,0.00529102196092641,0.00127733052388574,"ATP12A"
"chr4",95362636,95362991,356,2,0.00217109973144513,0.0013133982328571,-0.00618624124908189,-0.00552078103235671,"UNC5C"
"chr11",115198425,115198559,135,3,0.00217321827424818,0.000504574190094469,-0.00786766089134497,-0.00516461479514423,"CADM1"
"chr12",46665114,46665378,265,2,0.00217321827424818,0.000951889568632816,-0.00659350291735863,-0.00615456228998441,"AC008014.1"
"chr9",114398510,114398728,219,2,0.00217383886474486,0.00289221200585584,0.00464419045134171,0.00227009428333896,""
"chr15",71781146,71781417,272,3,0.00217440621774136,0.00450930224476439,-0.00719214639273868,-0.00351076075863819,"THSD4"
"chr13",73618332,73618726,395,3,0.00217890846881912,0.0396440313633623,-0.00545106298314092,-0.0031330945834471,"LINC00393"
"chr6",154479651,154479915,265,2,0.00218765035736544,0.00137083370043229,-0.00839328459522437,-0.00700199893167291,"AL357075.4, CNKSR3"
"chr16",66365843,66366059,217,3,0.00219256371864072,0.179302400155626,-0.00768541393491547,-0.00323492424884869,""
"chr9",106916529,106917166,638,2,0.00219713143812322,0.00237060573149723,-0.0069105437867628,-0.00603025206010174,"ZNF462"
"chr16",67417288,67417740,453,2,0.00220134082487986,0.00632321778790369,-0.00621161154222013,-0.00250616646157265,""
"chr17",28599329,28599850,522,7,0.00220407499197846,0.000426940885254128,0.00789461430896919,0.00356875626678583,"SPAG5-AS1, AC005726.1"
"chr9",92590552,92590891,340,3,0.0022051165473243,0.000681885682902274,-0.00672623427559731,-0.00551409754952527,"CENPP"
"chr5",180127555,180127593,39,2,0.00220529636333724,0.00148258139032664,0.00262666590554847,0.00212273549001284,"RASGEF1C"
"chr1",87152027,87152630,604,5,0.00220539279516635,0.00199069657636931,-0.00832828108232731,-0.00572144627199396,"AC093155.3, LINC01140"
"chr17",80026054,80026951,898,4,0.00220943310885524,0.00225327224604986,-0.00697850796593877,-0.00331121082551249,"AC116025.1, TBC1D16"
"chr6",36320341,36320769,429,2,0.00221287211679459,0.000752436303369645,-0.00636909020551534,-0.0061694021901049,"BNIP5"
"chr17",47205157,47205674,518,3,0.00221692100564402,0.00133590233334335,-0.00653737425099853,-0.0027643904152272,"MYL4"
"chr20",49319146,49319521,376,2,0.00221710466240928,0.00905662937404917,0.009976952027395,0.00574372565467959,"AL035685.1, KCNB1"
"chr1",1033662,1034445,784,5,0.00222378044713183,0.000796729370292285,0.00629074008422435,0.00435827726772918,"AGRN"
"chr9",93127699,93127860,162,2,0.00224009145953408,0.00189875216179629,-0.00582162157326406,-0.00541653830934595,"NINJ1"
"chr9",123302784,123303431,648,4,0.00224633256819902,0.00484663151598768,-0.00681479816270785,-0.00335351726558329,""
"chr12",13172706,13173814,1109,5,0.0022464488835508,0.00200722173853695,-0.00872831618605724,-0.00419498439638259,""
"chr15",62822698,62823141,444,3,0.00224865377780567,0.00393435934705406,-0.0057314625141607,-0.003465108600143,"TLN2"
"chr9",69204100,69204884,785,4,0.00225129914682018,0.0309418245830805,-0.0091700402545547,-0.00254751188888827,"AL358113.1, TJP2"
"chr8",123178891,123179628,738,4,0.0022530868714122,0.000449203513707168,-0.00826028674900549,-0.0044859135485285,"FAM83A"
"chr10",122279734,122280178,445,2,0.00226122584081319,0.00343350439307694,-0.0066702975758053,-0.00569043134916037,"BTBD16"
"chr11",17439434,17439798,365,4,0.00226309113840447,0.000266740528989402,-0.00662462213680648,-0.00574563210147667,"ABCC8"
"chr12",12975336,12975770,435,4,0.00226429854787252,0.147123714861098,-0.00892935062467691,-0.0023025093746374,"GPRC5D-AS1, HEBP1"
"chr6",33824611,33824689,79,2,0.00226825293664028,0.000759148056678405,-0.00808986722934473,-0.00739112976222284,""
"chr11",3854309,3855018,710,7,0.00227106534331964,0.000320453888489789,-0.00553109296044345,-0.00345463568624408,"STIM1, AC090587.1, STIM1-AS1"
"chr11",47189497,47189549,53,2,0.00227608060366843,0.000797163911177052,-0.00824738671243402,-0.00747805679137586,""
"chr15",34754449,34755002,554,6,0.00227615433261882,0.00127778929362627,0.00514260489694379,0.00212316000224902,"GJD2"
"chr13",23319416,23319750,335,2,0.00227615433261882,0.00118599679887457,-0.00919172328244309,-0.00580629009478445,"SGCG"
"chr6",28988449,28989027,579,18,0.00227681483629111,0.00260258114039056,0.0108224902006303,0.00493394503828449,"AL662791.1"
"chr22",38461447,38461931,485,5,0.00227879867508901,0.0603039780858582,0.00863470662886661,0.00169694859132706,""
"chr17",19566974,19567699,726,4,0.0022814374143374,0.00110643513318823,-0.0069400334352847,-0.00418133861348947,"SLC47A1, AC025627.1"
"chr20",39271003,39271419,417,4,0.00228744280576338,0.000510838358852608,-0.00808802221646577,-0.00571302189169159,""
"chr1",27012296,27013166,871,12,0.00228787780362998,0.00384359253502337,0.00631390653646125,0.00213675306227978,"TENT5B"
"chr14",64756023,64756242,220,2,0.00229146347329072,0.000944801340031576,-0.0062953584792421,-0.00605621022226443,"SPTB"
"chr1",203860280,203861072,793,5,0.00229415712329779,0.000276202915543254,0.00821730873221849,0.00546752486369005,""
"chr7",151756273,151757709,1437,6,0.00229431861732096,0.000106536236492328,-0.00802076564960079,-0.00529382436679459,"PRKAG2"
"chr3",122183358,122184797,1440,15,0.00229627935151148,0.000849889765372201,0.00620429548716027,0.00287306807725354,"CASR"
"chr15",71716692,71716977,286,2,0.00229861818519886,0.0582956854318705,-0.00614296767780662,-0.00297836116090207,"THSD4"
"chr2",203582867,203583284,418,3,0.00230415346720886,0.00435407757189863,-0.00689066195497299,-0.00432892026487493,""
"chr12",107317712,107318343,632,6,0.00230518111583152,0.00243840621427849,0.00604331758120628,0.00237648253768371,""
"chr17",44820742,44820744,3,2,0.00230792256347079,0.000757698574934993,0.00697043740673756,0.0062767134804425,"GJC1"
"chr12",108858832,108859021,190,4,0.00230895935888447,0.000327796140615475,0.00679440344854499,0.00523265882533487,"DAO"
"chr6",70282751,70283737,987,7,0.00231936391185204,0.000242841526329287,0.00618443289433427,0.00313929237972716,"COL9A1"
"chr9",23672396,23672727,332,4,0.00231936391185204,0.000367034334528798,-0.00673801568589114,-0.00522981429217818,"AL445623.1"
"chr19",38878239,38879257,1019,11,0.00232187492746581,0.00361529408784924,-0.00732694979126324,-0.00221119418925551,"RINL, SIRT2"
"chr2",157327624,157328129,506,6,0.00232660409701482,0.000231093730039985,-0.00783626678983568,-0.00507481682808454,"ERMN"
"chr7",99393003,99393985,983,5,0.00232694241657506,0.000311478211182583,0.00573074381706413,0.00380946954711725,"AC004922.1, ARPC1B, PDAP1"
"chr7",27166454,27166925,472,4,0.00232984761321281,0.00593405217678514,0.0108648655308399,0.00487111327043737,"HOXA9, AC004080.3"
"chr2",219331808,219332324,517,5,0.00234495160923957,0.00315560329936594,0.0110993297836396,0.00592797819010311,"RESP18"
"chr3",117996085,117996726,642,4,0.00234580397002878,0.0239542251195319,0.00508295552554194,0.00221350837233689,"AC092691.1"
"chr19",58326404,58327408,1005,11,0.00234701287110496,0.00124536727776603,-0.002390659480024,-0.000723878104922372,"ZSCAN22, AC010642.2"
"chr14",68555135,68555202,68,2,0.00234810378535998,0.00103092418867804,-0.0095730502987999,-0.00636640844372011,"RAD51B"
"chr6",56944382,56944387,6,2,0.00234896191847797,0.000939511248074387,-0.006132565793117,-0.0053161559431859,"DST"
"chr1",221707734,221708234,501,2,0.00235013023885338,0.0126261172504117,-0.00810910498993216,-0.00462790978273899,"DUSP10"
"chr17",44967116,44968004,889,8,0.00235452360748363,0.00383590336947708,0.00248208273160455,0.00087558757934921,"NMT1, C1QL1"
"chr2",70673282,70673356,75,2,0.00235889858090706,0.000892814217377148,-0.00630468027508848,-0.00591192000125163,"ADD2"
"chr17",49603819,49604845,1027,3,0.00235994510024573,0.000475283312062677,-0.00778802166598511,-0.00630564713109928,"SPOP"
"chr3",50237193,50238262,1070,10,0.00236568539144883,1.8843153901791e-05,-0.00287186569268226,-0.00185583403774871,"GNAI2"
"chr11",76860414,76861017,604,6,0.00236892424576193,0.000998694883686142,0.00532728388737169,0.00231968701801208,"ACER3"
"chr17",55267583,55268278,696,3,0.00236906157484519,0.000447973932830607,-0.00677911829979527,-0.00518754927466645,"HLF"
"chr6",27566046,27566389,344,3,0.00237714879282997,0.00370921494219284,0.00528015720132262,0.00305325021789176,""
"chr12",6771952,6772917,966,9,0.0023775331191793,0.000518773330378903,-0.00725707387722792,-0.0041217954305999,"LAG3"
"chr2",162838601,162838932,332,4,0.00237897422528964,0.00214903922275167,0.00854044927975659,0.0026472951292817,"KCNH7"
"chr11",63919180,63920390,1211,6,0.00238298057811968,0.000299051275593716,0.00873901944579833,0.0058695627873001,""
"chr3",150703034,150703637,604,7,0.00238622140218051,0.0382211036918936,0.00750339351583428,0.00295091236997032,"ERICH6-AS1, ERICH6"
"chr4",57119032,57119451,420,4,0.00238895815424575,0.00263585072923201,-0.0077499611633776,-0.00474726540675328,"IGFBP7-AS1"
"chr9",122213761,122214624,864,6,0.0023900309653076,0.00333015252219603,0.0113366681830173,0.00335125430498396,"LHX6"
"chr17",3697016,3697220,205,5,0.00239074220475371,0.000688001313501637,0.00666438149814492,0.00477406278540346,""
"chr16",68072638,68072847,210,2,0.0023921750245158,0.00101107161024682,-0.00761705113294406,-0.00486872405479436,"DUS2"
"chr11",34641658,34642134,477,3,0.00239475982863491,0.000558865278065206,-0.00599758731257868,-0.00460263567956156,"EHF"
"chr10",116702392,116702420,29,2,0.00239934851697126,0.000853135149070895,0.00460294280427909,0.00437539611551713,"HSPA12A"
"chr3",187735400,187736185,786,5,0.00240503646178183,0.000176599985505144,-0.00632363968635264,-0.00479527520422595,"BCL6"
"chr1",27356854,27358003,1150,10,0.00240818528196373,0.000716145199674395,0.00702952503913614,-0.000398016122721931,"MAP3K6"
"chr19",39031229,39031591,363,3,0.00240968719469801,0.00575380351981089,0.00731674311479463,0.0035481976694298,"AC010605.1, FBXO27"
"chr6",166202398,166202446,49,2,0.00241668708097306,0.00104772202608748,-0.00756261897896256,-0.00695633927834419,""
"chr1",228212516,228212992,477,4,0.00241821288861945,0.00707408853591279,0.00803281817809589,0.00552210388576863,"OBSCN, OBSCN-AS1"
"chr7",33727140,33727816,677,4,0.0024271969533925,0.00610259104119178,-0.00672282397331793,-0.00443639180242244,"BBS9, AC008080.1"
"chr1",19437986,19439070,1085,4,0.00242852394163259,0.000176794708154967,-0.00749244140823093,-0.00637782492948691,"CAPZB"
"chr5",149771134,149772124,991,7,0.00243328517657336,0.00314596665312791,-0.00494543092964787,-0.00152590642262607,"PPARGC1B"
"chr13",108961628,108962053,426,2,0.00244137781554028,0.0109017684022118,0.00744162541405706,0.00356965693293707,"MYO16"
"chr1",94335587,94336678,1092,3,0.00244484172005579,0.00689913547562545,-0.00717806098430996,-0.00465208176197243,"ARHGAP29-AS1"
"chr4",77007318,77007514,197,2,0.00244872032966279,0.000957323421021244,-0.00855277726044478,-0.00757484605464714,"SEPTIN11"
"chr19",17377087,17377776,690,9,0.00245267143254385,0.00303253131952761,-0.00720506531207794,-0.00380734220891842,"PLVAP"
"chr3",123143871,123144365,495,6,0.0024538567861525,0.000171182049320552,-0.0059085553595022,-0.00459722125430323,"PDIA5"
"chr18",22176621,22177061,441,4,0.0024538567861525,0.000335672241735963,0.00463285515602853,0.00355285217103197,"GATA6, AC091588.1"
"chr8",38936736,38937700,965,4,0.00245467034103263,0.000423543834124755,-0.00453617595499202,-0.00203980455952427,"PLEKHA2"
"chr16",85798485,85798772,288,5,0.00245595782110477,0.107935452966935,0.00597757468261119,0.00190407488619743,"COX4I1, EMC8"
"chr1",116382572,116383494,923,7,0.00247291767945761,0.00231897887339091,-0.00556871638177629,-0.00220277761074247,"ATP1A1, ATP1A1-AS1"
"chr18",27921807,27922243,437,3,0.00247357289862343,0.00366447609119927,0.00763733400507157,0.00540821352062465,""
"chr8",9905340,9906229,890,6,0.00247550669722124,0.0738591738592907,0.00720267163019881,0.00191334517675917,"MIR124-1HG"
"chr11",5689424,5690879,1456,5,0.00247722617653498,3.35443030683418e-05,-0.0104181856721957,-0.00568204612660323,"TRIM22, TRIM5"
"chr3",111541909,111542456,548,8,0.0024772290818205,0.00118274692389849,-0.00396442746998267,-0.0029059460927598,"CD96"
"chr12",105675703,105676749,1047,3,0.00247815552055003,0.000508041724039484,-0.00785462394765218,-0.00580559975764131,""
"chr3",107798432,107798613,182,2,0.00248012491089443,0.000817745815544244,-0.00734641134983491,-0.00698735106322982,"BBX"
"chr14",73728744,73728786,43,2,0.00248037233217285,0.000960884460879,-0.0055337067794663,-0.0052090007766405,"MIDEAS"
"chr1",153260803,153262333,1531,8,0.00248125107671261,0.000237387051557826,0.00757683755961277,0.00295051752189057,"LORICRIN"
"chr7",90320982,90321144,163,2,0.00248422193293431,0.00130150665868042,0.00537966969342945,0.00451360411490903,"AC002064.1, FAM237B"
"chr12",124457235,124457702,468,5,0.00248476423925702,0.00016359714380758,-0.00405506280128504,-0.00304477557586134,"NCOR2"
"chr2",202113346,202114100,755,2,0.00248958186963222,0.00141085074995217,-0.0061618182916083,-0.00558081134952301,"KIAA2012, KIAA2012-AS1"
"chr2",191689897,191690000,104,2,0.00249398537542877,0.000953840333805576,-0.00568623118804193,-0.00390647983788872,"NABP1"
"chr8",90164562,90165095,534,2,0.002497534500346,0.00126850072260139,-0.00828588612720633,-0.00691410410932332,""
"chr10",89331924,89332583,660,5,0.00250732139747648,0.000713618556595937,-0.00898552293401766,-0.00555611363828938,"IFIT3, LIPA"
"chr13",44470828,44471444,617,2,0.00250732139747648,0.000799596850957347,-0.00597160604913089,-0.00572551401804639,"TSC22D1"
"chr3",187507800,187508142,343,3,0.00250975505252814,0.000543728778227622,-0.00708034970791524,-0.00523880792631438,""
"chr5",172641689,172642170,482,3,0.00251708035105083,0.00498686984715156,0.00849857688916425,0.0056603696302531,"NEURL1B"
"chr6",162728288,162728642,355,3,0.00252206652937245,0.000410465123972971,0.00746609088593774,0.0065183855304047,"PACRG"
"chr10",52864584,52864713,130,3,0.00252321697875396,0.000481114578230826,-0.00729128494347018,-0.00706947163516657,""
"chr2",66444595,66445709,1115,8,0.00252335739040078,0.00234566998925426,-0.00809820418125131,-0.0043235468642348,"MEIS1"
"chr14",58353311,58353811,501,2,0.00252374160021146,0.0313092525664299,-0.00838871486246127,-0.00448885137360192,"ARID4A"
"chr12",89862937,89863756,820,4,0.00254077353869181,0.00131050760147404,-0.00890844939415978,-0.00505683185382753,"AC009522.1"
"chr14",100823858,100825350,1493,15,0.00254340033788364,0.00188077741599413,0.00481028104997176,0.0022953950765639,"MEG3"
"chr16",23523816,23524587,772,3,0.00254389930480037,0.00458352883913648,-0.00693677086596256,-0.00413680810464542,"EARS2"
"chr9",36400255,36401410,1156,15,0.00254399664323414,0.000737694548473356,-0.000582673806749345,-0.000267421082998107,"RNF38"
"chr4",15401050,15401062,13,2,0.00254617808820126,0.000987748613106978,-0.00972097972625761,-0.00854902875021798,"C1QTNF7, C1QTNF7-AS1, AC099550.1"
"chr7",120988820,120989649,830,9,0.00254973265951555,0.000559405888802821,-0.00568109376876331,-0.00328050768715412,"CPED1"
"chr1",46393999,46394384,386,8,0.00255542089230043,0.0154913087241885,0.00760265821858372,0.00257403065491417,"FAAH"
"chr10",124946664,124947478,815,3,0.00255579435516796,0.0220736183150792,-0.00679785539770378,-0.00153991876192135,"ZRANB1"
"chr1",56418064,56418118,55,2,0.00255995019771739,0.000817124581432655,-0.00475170636174272,-0.00452961576130365,"AC119674.1, AC119674.2"
"chr6",99993531,99994613,1083,13,0.00256408979165037,0.0248165827167249,0.0100802353447295,0.00392604179408718,"MCHR2-AS1, MCHR2"
"chr10",119570478,119570482,5,2,0.00256457275692775,0.000915231234056566,-0.00639073618526241,-0.00615337133897353,""
"chr4",38804111,38805112,1002,6,0.00256600368101326,0.000906575923817974,-0.00720663770619841,-0.00436492158636721,"TLR1"
"chr17",75896800,75897936,1137,11,0.00257158302076563,0.000306918642888756,0.00783119827993511,0.00259171730627471,"AC087289.2, TRIM65"
"chr15",97235403,97235800,398,2,0.00257760174289109,0.00197825793648286,-0.0047550295602592,-0.00314629403247847,"LINC02253"
"chr19",7551125,7551661,537,3,0.00258073525674918,0.000527623048286406,0.00884121093126763,0.00706581450245944,"PNPLA6"
"chr1",173669551,173669996,446,6,0.00258339800436143,0.000455730264069565,0.00293628901522505,0.00116329372446277,"AL139142.2, ANKRD45"
"chr4",53476721,53476952,232,2,0.00258339800436143,0.00112418002998693,-0.00754144528262406,-0.00718077709453354,"AC058822.1, LNX1"
"chr9",38424434,38424720,287,5,0.00258436495300321,0.000642261352202989,0.00748514443832984,0.00353242306707046,"IGFBPL1"
"chr21",37563367,37564243,877,6,0.00258518002833643,0.00206431793289518,0.00275274743801564,0.0016112203347792,""
"chr4",140342698,140343644,947,7,0.00258753630448785,0.0232591224120486,-0.0085982189447805,-0.00271109507083388,"SCOC, SCOC-AS1"
"chr3",58034838,58035784,947,3,0.00259114924144255,0.000339677618740331,-0.0067326308281416,-0.00571843936556042,"FLNB"
"chr14",91836104,91836716,613,6,0.00260373499003664,0.00116020215823478,0.00603578059048523,0.00313695530499562,"TC2N"
"chr13",40220691,40220707,17,2,0.00260462552348518,0.00226070147720962,-0.00457948516519806,-0.0026719353663718,"LINC00598"
"chr16",84819303,84820265,963,7,0.00262169648872938,0.00377174141287448,0.00507587656531864,0.00229197899175568,"CRISPLD2, AC025280.3"
"chr2",3651156,3652400,1245,8,0.00262708079931941,0.000298322483799463,0.00594311552414023,0.00298363760486669,""
"chr3",137763096,137764971,1876,18,0.00263756563204274,0.000109099715751518,0.00704688803192265,0.00260672776888111,"SOX14"
"chr12",49189520,49190584,1065,7,0.00263788571976156,0.00131875640649884,0.00653750018101262,0.0041529592181963,"TUBA1C"
"chr1",165904074,165904588,515,3,0.00263938846854807,0.00103092418867804,-0.00720939397051634,-0.0049021084409724,"UCK2"
"chr14",73245548,73246259,712,9,0.00264852647632842,0.000629322614768189,0.00876649881159415,0.00539252440113861,"PAPLN, AC004846.1"
"chr1",47477657,47478349,693,2,0.00264852647632842,0.00127989639082647,-0.00722610826858595,-0.00685130692905437,""
"chr5",139403581,139405393,1813,12,0.00264932248038289,0.000297374584311126,-0.0068307468628891,0.000109862019872621,"SPATA24"
"chr12",113471429,113471583,155,2,0.00265316829326005,0.00111957545049324,0.00357842115273026,0.00322628824234517,"LHX5"
"chr2",176082062,176083816,1755,8,0.00265669624472484,0.0168907382696975,0.00922333771840778,0.00311423820386853,"EVX2"
"chr16",69798009,69798425,417,3,0.00265736134941833,0.00128514304753385,-0.00711199940994066,-0.00489382566472976,"WWP2"
"chr1",12510643,12511573,931,3,0.00266351386711467,0.000372980112182304,-0.00751102838426245,-0.00475945602476714,"VPS13D"
"chr21",33948292,33948851,560,5,0.00266588495774897,0.000373659256149951,0.00468962900570708,0.00426742485967796,"LINC00649"
"chr8",1162056,1162861,806,6,0.00266870373726039,0.00015171993505206,0.00403852386978167,0.00266919229616825,"DLGAP2"
"chr11",130390072,130390646,575,3,0.0026718830310666,0.0424599418331742,-0.00856978397220398,-0.00364037743435476,"ZBTB44-DT"
"chr10",117162683,117163225,543,3,0.00267419519328821,0.00146847797781382,0.00266636872773976,0.00158124859279679,"MIR3663HG"
"chr12",63150233,63151165,933,12,0.00268365036308993,0.0025473045898963,0.0102352039641485,0.00314763297581821,"AC135584.1, AVPR1A"
"chr5",159972425,159972674,250,2,0.00268480247585712,0.00103993492445704,0.00738079965298479,0.0064597630483679,"ADRA1B"
"chr2",207950303,207950408,106,2,0.00268870738858139,0.00119400103386006,-0.00700775572624496,-0.00532746597600209,"PLEKHM3"
"chr9",137391565,137391696,132,2,0.00268891123967647,0.000981859206962515,-0.0078719264585926,-0.00731372718872594,"EXD3"
"chr8",129786761,129787605,845,5,0.00269209547017388,0.00246473079928684,-0.0061819358236869,-0.00421440605801916,""
"chr17",31967782,31967913,132,2,0.00269270970011399,0.00568637716123502,-0.00388038529478892,-0.00226183907186886,"SUZ12"
"chr19",39813429,39813872,444,3,0.00269375628588012,0.000505673243571024,-0.00669902245486237,-0.00515542269160361,"AC005393.1"
"chr3",27723741,27724055,315,5,0.00269587779061447,0.118008796288135,0.0109541233599042,0.00327093626119668,""
"chr1",152156213,152157106,894,3,0.002697278722014,0.00798174826868011,0.00659906931680843,0.0034026816112917,"PUDPP2, RPTN"
"chr22",35895683,35895703,21,3,0.00270530959742052,0.000584756319730824,-0.00485551694723036,-0.00391162181748765,"RBFOX2"
"chr1",164766596,164767539,944,2,0.0027058386681071,0.000289411009464754,-0.00802058945781969,-0.00750879320338875,"PBX1"
"chr11",36361916,36363003,1088,3,0.00271002060380471,0.000345996821013152,-0.00819520088789377,-0.00620306145784558,"PRR5L"
"chr5",67792705,67793184,480,4,0.0027111148696082,0.00206247586489615,-0.00644048196727084,-0.00425097702796914,"AC112206.2, AC106798.1"
"chr16",1533390,1534117,728,9,0.00271921465936713,0.000130896178239929,-0.00735270470057428,-0.00501534876630484,"TMEM204, IFT140"
"chr4",40516007,40516126,120,5,0.00272549829033129,0.000258943672595759,-0.00772786420738655,-0.00564404137190672,"RBM47"
"chr5",73336561,73336591,31,2,0.00273094285147476,0.00111347495210518,-0.00744385370024093,-0.00714066269937422,""
"chr6",31885741,31885870,130,5,0.00273193578228996,0.00218642476214558,0.00395331575221405,0.00147319339065342,"EHMT2"
"chr10",102782245,102783562,1318,5,0.00273193578228996,4.67005053839434e-05,-0.00759338071982611,-0.00639311917773946,"WBP1L"
"chr18",77250260,77250838,579,6,0.00274141450595604,0.000506284770382562,0.00428568912069037,0.00219039334090708,"GALR1"
"chr5",38836193,38836209,17,2,0.00274668433524568,0.000831287805748293,-0.00840240164599092,-0.00826261366347047,"OSMR-AS1"
"chr17",7684819,7685469,651,4,0.00274985349147899,0.00165089573502975,0.00583813090170228,0.00411203505580558,"TP53"
"chr7",55022077,55022823,747,2,0.00275289535966462,0.000587475047747161,-0.00737366594991589,-0.0058023700708055,"EGFR"
"chr6",17289152,17289915,764,6,0.00275302327041824,0.00257165279427053,-0.00595317147431931,-0.00302448503426625,"RBM24"
"chr4",184330876,184331467,592,2,0.00276854459029196,0.00127396121470208,-0.00735812696064641,-0.00451371539191397,""
"chr3",71380291,71380385,95,2,0.00276906072711098,0.000998694883686142,-0.00758868503811783,-0.00735193926624866,"FOXP1, AC097634.4"
"chr12",7787950,7788447,498,4,0.00277623386556013,0.00353433366141202,-0.00749266931520949,-0.00419168078173403,"NANOG"
"chr7",100493558,100494170,613,6,0.00277814718549777,0.00013591010469756,-0.00528337281248843,-0.00426437583855912,"NYAP1"
"chr1",228149480,228150075,596,7,0.0027801981796944,0.000139528842509134,-0.00656727043988493,-0.00484767398937063,"GJC2"
"chr10",61451636,61452738,1103,5,0.00278385855556789,6.603318094349e-05,0.00761172852129608,0.00413557523825443,"TMEM26-AS1, TMEM26"
"chr2",58107873,58108043,171,3,0.00278413203760834,0.00092071365911723,-0.00819300727511128,-0.0063387162651507,"VRK2"
"chr1",15214686,15215303,618,6,0.00278670541076238,0.000141444455495323,-0.00716179853681826,-0.00581181748832958,"TMEM51"
"chr17",63399369,63399485,117,2,0.00279082044745565,0.00171245143353414,-0.00820668564363052,-0.00662495690884145,"TANC2, AC005828.1, AC005828.3"
"chr6",36386455,36386712,258,5,0.00279182040372049,0.000243199037556505,-0.0044266246535501,-0.00359098523597795,"ETV7"
"chr5",178112697,178113565,869,8,0.00279289320144041,0.0014571495484339,0.007405800598639,0.00297342801965982,"N4BP3"
"chr4",71253810,71254450,641,4,0.00280629115644458,0.000301185313191281,-0.00673942394853535,-0.00601487260005688,"SLC4A4"
"chr6",128477985,128478581,597,3,0.00280770208654629,0.0394460339669295,-0.00500205438052517,-0.00271118087635593,"PTPRK"
"chr17",69051113,69051398,286,2,0.00280843440104939,0.00102247009908965,-0.00569907038433479,-0.00514681785112023,"ABCA9"
"chr3",185363028,185363615,588,6,0.00281739834706064,0.000416860055845225,-0.0022215473187155,-0.0014050004480301,"MAP3K13"
"chr1",226656453,226656710,258,2,0.00281739834706064,0.00121605063096902,-0.00835838342158884,-0.00681768452760236,"ITPKB, ITPKB-IT1"
"chr11",111514613,111515544,932,7,0.0028214702648719,0.0107135895076092,0.00842453076853814,0.00310955907564884,"HOATZ, AP002008.1"
"chr2",593345,593391,47,2,0.00282777374902599,0.00218752750943523,-0.00440325264446501,-0.00341256155540617,""
"chr14",53367264,53368296,1033,4,0.00283043058566023,0.00110685533729549,-0.00718327666487512,-0.00486184000484547,"AL365295.1, AL365295.2"
"chr3",187669862,187670949,1088,12,0.0028308361595955,0.00294696689042166,0.00770292719193567,0.00295609962199356,"SST"
"chr11",35525276,35525677,402,4,0.00283250573109474,0.000575791869624182,-0.00509251770329959,-0.00359658946067505,"PAMR1"
"chr1",64526450,64526750,301,2,0.00283711298185669,0.000834678719675682,-0.00701160000847533,-0.00539069881801552,"CACHD1"
"chr15",89524813,89525265,453,3,0.0028377834408488,0.00175173936740471,-0.00717389268160663,-0.00349213145097685,"AC013391.2"
"chr7",135728101,135728673,573,8,0.00284351293316499,0.000950743791056953,-0.00836664653917987,-0.00478289763986349,"SLC13A4, FAM180A"
"chr1",50332900,50334004,1105,7,0.00284377404471756,0.023880775943808,0.00592215504869901,0.00274244779987572,""
"chr12",111470845,111471341,497,3,0.00285112110460202,0.0171189559373515,-0.00386263321238723,-0.0018957310390649,"ATXN2"
"chr13",28819612,28820823,1212,6,0.00285763397393432,0.000245091029866407,0.00376093957043148,0.00279380915705549,"MTUS2"
"chr10",117553119,117553564,446,4,0.00286013641609969,0.00257851089088654,0.00636059644061663,0.00419175567379647,""
"chr4",38662759,38663033,275,3,0.0028605781405893,0.000837443367367638,0.00916798659415648,0.00624688559361695,"KLF3-AS1"
"chr4",140595110,140595483,374,2,0.0028620637658197,0.00242772896233828,-0.00598957346720595,-0.00429143819371957,""
"chr2",196712821,196713139,319,2,0.0028648376950198,0.00189980514239558,-0.00750012403697483,-0.00579555124308554,"CCDC150"
"chr19",10416523,10416912,390,8,0.00286998640474733,0.0406163635516187,0.00998846367737539,0.00225373025903926,"PDE4A, CDC37"
"chr18",11751316,11751567,252,9,0.00287250354394912,0.000623815778397782,0.00943437898551945,0.00466448865484737,"GNAL"
"chr16",23142290,23142471,182,2,0.00288351193479311,0.00112569283258917,-0.007357563762988,-0.00672975170261497,"USP31"
"chr5",154466504,154466992,489,2,0.00288659773511617,0.00403230286974317,-0.00720594289708524,-0.00329069244711618,""
"chr4",7434966,7435429,464,5,0.00288742804477053,0.00139523405187579,-0.00744501308570562,-0.00517370106617004,"SORCS2"
"chr20",51802494,51802851,358,9,0.00289256312046171,8.62027405863059e-05,0.00658029750366665,0.00388024989027736,"SALL4"
"chr1",243794894,243794957,64,3,0.00289656809097097,0.000475283312062677,-0.00531846575043876,-0.00405648712930173,"AKT3"
"chr1",46807096,46807637,542,2,0.00289805594228493,0.00121619038898942,-0.00658032230874202,-0.00648057195931753,"CYP4B1"
"chr3",72890064,72890679,616,3,0.00289833204322029,0.00174743395660555,-0.00746915420271936,-0.00400699375476512,"GXYLT2"
"chr21",38491526,38491847,322,3,0.00290598840717294,0.00777690172111731,-0.00682551989775824,-0.00421193375580869,"ERG"
"chr11",63769906,63770001,96,3,0.00290974200787142,0.000472258321714283,0.00692295777793753,0.00686213022172593,""
"chr5",150605916,150606192,277,2,0.00291733597066129,0.00118667052393248,-0.00514088536957474,-0.00346512856220654,"SYNPO"
"chr4",143380817,143380850,34,2,0.00292403250190575,0.00123193777096495,-0.00285328578240225,-0.00220410857468291,"GAB1"
"chr18",47251365,47252148,784,6,0.00292999504460237,0.00342110553188975,0.00304606268516347,0.0015605620340934,"SKOR2"
"chr21",36164387,36164825,439,4,0.00293910120209379,0.000335672241735963,-0.00683498315779171,-0.0064428875095392,"DOP1B, CBR3-AS1"
"chr15",82043606,82044528,923,6,0.00293958579826427,0.000332263947606339,0.0110348617753012,0.00664357447921496,"MEX3B"
"chr13",91767731,91767981,251,2,0.00294424737014364,0.00109413879174989,-0.00550834225886293,-0.00523388795942817,"GPC5"
"chr15",74011314,74011463,150,2,0.00294424737014364,0.00125892691191854,-0.00925638744355507,-0.00632898957253236,"PML"
"chr19",41192643,41193459,817,12,0.00294791429318348,0.0717986342452606,0.00489908675579964,0.000773008546537674,"CYP2S1"
"chr1",54781194,54781735,542,5,0.00294998746647764,0.000603697056880556,0.00719759214046296,0.00525662994902304,"TTC22"
"chr7",27098554,27099355,802,8,0.00295721799810548,0.000271294006843252,0.00934226729902072,0.00513278752874755,"HOTAIRM1, AC004079.4"
"chr22",31192877,31193235,359,3,0.00295991187594099,0.000564275587527554,-0.00550428841520582,-0.00538089589430854,"RNF185"
"chr13",99626109,99626580,472,3,0.00297009742422351,0.00256540589284061,-0.00622503063021552,-0.00245826403009891,"CLYBL"
"chr7",37065745,37065995,251,2,0.00298652110536963,0.000885132295942889,-0.00599090363292793,-0.00568826279777809,"ELMO1"
"chr2",233386751,233387087,337,4,0.00299224135437273,0.0024871085931788,-0.00816988912437326,-0.00303757582290805,"DGKD"
"chr1",158022057,158022741,685,2,0.0029950045454003,0.000909406342326095,-0.00733091346667913,-0.0073212100107804,"KIRREL1"
"chr22",45284548,45285155,608,10,0.00299924483399705,0.00102623357677974,0.00648766465968182,0.00326507518711938,"UPK3A"
"chr9",14693506,14693890,385,6,0.00300611669748551,0.00344038515927727,0.00727861358000789,0.00199926684332366,""
"chr9",20382397,20382701,305,3,0.00300875376351984,0.00105408501211214,-0.00728167798295483,-0.00486025188809044,"MLLT3"
"chr9",33415280,33416233,954,6,0.00301086659648001,0.000218678109843818,-0.005784735869598,-0.00398319971862898,""
"chr7",129797808,129797901,94,2,0.00301866727219863,0.000951889568632816,-0.00568879147346274,-0.00549837288799611,""
"chr7",80884655,80884861,207,2,0.00302091138898911,0.0033288775612425,-0.00689158617327289,-0.00445908048671472,"SEMA3C"
"chr22",42697444,42697906,463,4,0.00302208753192975,0.00130781023915298,-0.00613584617344794,-0.00301361895920751,"A4GALT"
"chr16",85004517,85005014,498,4,0.00302398363559766,0.00146358383351447,-0.00807853890870472,-0.00437356399200237,"ZDHHC7"
"chr1",223190014,223190532,519,3,0.00302398363559766,0.00645961454680672,-0.00731291739555799,-0.00541088013702819,""
"chr3",139477649,139477971,323,3,0.00302398363559766,0.0144809812180025,-0.0067081510966186,-0.00424519367157501,"AC046134.2, RBP2"
"chr16",11964977,11965193,217,3,0.00302507640133885,0.00192554702276479,-0.0057423885597806,-0.00421411597545165,"NPIPB2"
"chr6",26225161,26226028,868,6,0.00302585024359114,0.00316392045427612,0.0062001085059227,0.00352594374511867,"H3C6"
"chr8",8452628,8453108,481,2,0.00302781137681014,0.00790487446884383,-0.00773324063405473,-0.0044627197061356,""
"chr5",3536165,3537101,937,6,0.00302904202604874,0.00116238990597866,-0.00458711524204502,-0.000557626574225249,""
"chr1",236039701,236040366,666,3,0.0030314439161314,0.00103476933805255,-0.00764363627518127,-0.0056688116929466,"NID1"
"chr20",15846660,15846689,30,2,0.00303264164532938,0.00118088998082248,-0.00837151362645166,-0.00800163655130023,"MACROD2"
"chr2",201182736,201183377,642,5,0.00304352852952064,0.000585125670898607,-0.00642289017163237,-0.00419180244992498,"CASP10"
"chr13",50208944,50209280,337,2,0.00304749354276304,0.00372831139723519,-0.0107872482486188,-0.0069220479708827,"DLEU1"
"chr3",102129922,102130357,436,3,0.0030486987358757,0.000534581818332501,-0.00376415895643083,-0.0032070214974105,"ZPLD1"
"chr3",179178653,179179582,930,3,0.00305163721998312,0.000258559345388115,-0.00392393089351604,-0.00266713816518019,"PIK3CA"
"chr4",145839810,145840328,519,2,0.00305276218012471,0.0014311841891704,-0.00751207662141541,-0.00586207326193785,"ZNF827"
"chr18",45612052,45612272,221,2,0.00305823579082942,0.00256481622950296,-0.00686269636543036,-0.00477056419389141,"SLC14A2"
"chr11",3641737,3642036,300,3,0.00305823900956155,0.00443336369717534,0.00698312253432925,0.00443659498008759,"ART5"
"chr1",209652327,209652533,207,5,0.00306076887251767,0.00116384845265048,-0.0052835726015522,-0.0022898928496673,"LAMB3"
"chr11",8739449,8739631,183,2,0.00306494381100001,0.00467300358162884,-0.00697615505683151,-0.00577422844565844,"DENND2B"
"chr1",232578784,232579236,453,3,0.00306983244114423,0.00629417548544773,-0.00828260448315718,-0.00553863945327925,"SIPA1L2"
"chr13",32212627,32213054,428,2,0.00307288455845766,0.000807104343006357,-0.00485430693507794,-0.0047443382936678,"FRY"
"chr6",126170670,126171193,524,2,0.00307562368974232,0.000937760682772149,-0.00816383578587267,-0.00685369081549065,"TRMT11"
"chr8",49071909,49072820,912,11,0.00307698103078331,0.0018219266720995,-0.00924921574782139,-0.00369012666438054,"PPDPFL"
"chr5",63961099,63962114,1016,13,0.0030778376782503,0.000157572286460725,0.00509285740193857,0.00152675516310284,"HTR1A, AC122707.1"
"chr4",182679925,182680544,620,6,0.00308186137371507,0.000984801965682822,0.00535317568326408,0.0034149047196314,"TENM3"
"chr16",73054778,73056939,2162,9,0.00308793310081665,5.81999091183741e-06,-0.00751231913419687,-0.004990186361655,"ZFHX3"
"chr8",143532550,143533009,460,2,0.00309984553276835,0.00285424334767622,-0.00486519147681551,-0.00373879632730086,"ZC3H3"
"chr13",100519427,100519511,85,2,0.00310184361136216,0.00166867419392556,-0.00481953342156295,-0.00379611239493065,"PCCA"
"chr8",92103583,92103872,290,5,0.00310743973635572,0.000498064427464964,0.00617679109344031,0.00350828843812526,""
"chr14",23351940,23352236,297,4,0.00310743973635572,0.00445354481463272,0.00576784037017964,0.00302503869137288,"SLC22A17"
"chr8",9416984,9417284,301,3,0.00310960938268981,0.0382713580214745,-0.00559265153256573,-0.00347952167621122,"AC022784.1, AC021242.2"
"chr19",48810935,48811218,284,4,0.00311114882135883,0.000403951548631259,-0.000928713122326501,-0.000757058662987751,"BCAT2"
"chr9",109499590,109500268,679,6,0.00311962750671966,0.00207026922667004,0.00796677208236947,0.00287619393942857,"PALM2AKAP2"
"chr5",41509747,41510417,671,6,0.00312014230736605,0.00344038515927727,0.00821561317035012,0.00410150126897131,"PLCXD3"
"chr10",60490088,60490391,304,2,0.00313039262059318,0.00129740186068923,-0.00637087413160886,-0.0057164965463706,"ANK3"
"chr3",151770218,151770282,65,2,0.00313210898187525,0.00127870768682845,-0.00797386910589184,-0.00530302416389541,"AADACL2-AS1"
"chr15",78075934,78076960,1027,4,0.00314172130940706,0.00126995277540462,-0.00675931561133116,-0.00401690721880151,"TBC1D2B"
"chr12",107788728,107789189,462,2,0.00314596086457867,0.00602832389880103,-0.00402750077802792,-0.00104001896782721,""
"chr1",24415059,24415233,175,7,0.00314633723356922,0.00169603193552595,0.00514902508763362,0.00321605359561187,"STPG1"
"chr21",44711184,44712450,1267,11,0.00314909110588079,0.000258807981950513,-0.00524190526148003,-0.00389084220435252,"TSPEAR"
"chr15",95080161,95080290,130,2,0.00314909110588079,0.000911140487176894,-0.00639725024069182,-0.00544514788802536,"AC087633.2, AC087636.1"
"chr1",225813552,225813973,422,2,0.00315188611855071,0.00138513341960581,-0.00828962665856085,-0.00735146864053975,"EPHX1"
"chr13",94707412,94708024,613,4,0.00315608488708955,0.00209500822466439,0.00477325273523794,0.00303189573234193,"SOX21-AS1, LINC00391"
"chr16",8719241,8719629,389,5,0.0031609445212051,0.000405322534907117,0.00692839096639744,0.00543159302531805,"ABAT"
"chr11",134067518,134068104,587,3,0.0031609445212051,0.00240024282716038,-0.00752280225686125,-0.00374489129288804,"LINC02731"
"chr7",88759689,88760326,638,5,0.00316773075869104,0.00136755459914705,0.00617712692800212,0.00314725500388584,"ZNF804B"
"chr17",45785251,45785937,687,5,0.00316773075869104,0.00174743395660555,0.00986828157253772,0.00459014133126919,"LINC02210-CRHR1, CRHR1"
"chr4",40856948,40857327,380,8,0.00317391105049481,0.000100233456369858,0.00473439547837618,0.00383935932669111,"APBB2"
"chr12",4031458,4031885,428,5,0.00317744425252455,0.00917773566136965,0.00846422582781643,0.00373186018045253,""
"chr17",4788867,4789495,629,5,0.00318089528833985,0.000700196554645167,0.00695545824257102,0.00448169145936217,"AC233723.2, GLTPD2"
"chr11",11569763,11570189,427,4,0.0031821761760068,0.00074975544353093,-0.00726230615791839,-0.00478275635235229,"AC104031.1, GALNT18"
"chr9",79362342,79362533,192,2,0.00318831857163116,0.000904109752631374,-0.00731571241235855,-0.00686984477080727,""
"chr3",132035014,132035429,416,6,0.00318853905118584,0.000559478922625895,0.00404195902738481,0.00250093946762214,"CPNE4"
"chr10",13729107,13729465,359,5,0.00318853905118584,0.00142826033054385,0.00207433569333095,0.00100249132319603,"AL157392.2, FRMD4A"
"chr15",85727204,85727543,340,2,0.00319791750674445,0.00120803881989473,-0.00645077685614706,-0.00616485732799198,"AKAP13, AC021739.3"
"chr7",152462488,152462732,245,2,0.0032039975371195,0.00178041182755983,0.00380527570487103,0.00254399345044572,""
"chr3",126101336,126102081,746,10,0.0032203574615029,0.00337348855763272,-0.00680715674876836,-0.00132708539171675,"SLC41A3"
"chr14",71528264,71528392,129,2,0.0032203574615029,0.00360194979060613,-0.00757413400157802,-0.00441556171450868,"SIPA1L1"
"chr10",24449298,24450162,865,4,0.00322266329508838,0.000533033484259539,-0.00742412542691699,-0.00576990661231436,"KIAA1217"
"chr17",68534058,68534145,88,2,0.00322665341257928,0.00407792797819176,-0.00766723132288688,-0.00492620388687777,"PRKAR1A"
"chr22",41698892,41699956,1065,10,0.00323082194522946,0.000701064180690398,0.00738795203723792,0.00358006304139997,"MEI1"
"chr3",28590403,28590441,39,2,0.00323563076820471,0.000979615182042363,-0.00607503253121611,-0.00563407031926875,"AC098650.1, RBMS3"
"chr14",103533403,103533441,39,2,0.00323900266158866,0.00169026314099084,-0.00205810659943501,-0.0017375787197318,"TRMT61A"
"chr8",128323625,128324552,928,3,0.00324044665507703,0.000276803694422532,-0.00764081580514154,-0.0066791561609924,"AC100822.1"
"chr13",27927723,27928493,771,5,0.00324728820759422,0.00250300146424959,0.00610667782942385,0.00359928044327716,""
"chr17",3386069,3386870,802,8,0.00326170064619346,0.0171580555968558,0.0105797271419586,0.00216170864431949,"OR1R1P, OR3A2"
"chr5",159100450,159101032,583,8,0.003262381709329,0.00319656197580319,0.00232466981760678,0.000812644747042785,"LINC02202"
"chr1",223713664,223713810,147,2,0.00326776672863132,0.00206667877850457,-0.00653861592702103,-0.0056692548710011,"CAPN2"
"chr6",7787290,7787692,403,2,0.00326825844844744,0.000964978836924126,-0.0077953495765195,-0.00723239052874018,"BMP6"
"chr13",108269684,108270397,714,9,0.00327621875707161,7.53290466717605e-05,-0.00803062318987468,-0.00534646364017285,"TNFSF13B"
"chr21",30321435,30321787,353,5,0.00328657119258366,0.00189963123170264,-0.0064838574363019,-0.00360162812216357,""
"chr20",38084668,38084686,19,2,0.00329317896481107,0.00138158825534824,-0.00757981093900097,-0.00733997875424338,"RPRD1B"
"chr6",136280077,136280105,29,2,0.0032952733769681,0.0013020363699941,-0.00683182442599741,-0.00572656350513799,"BCLAF1"
"chr1",156892222,156892507,286,5,0.00329704311446256,0.00881894136264249,0.0084231982579794,0.00193017435653381,""
"chr2",105568231,105568241,11,2,0.00329704311446256,0.000928837158362822,-0.00783737494774261,-0.0076419614854775,""
"chr1",181033533,181034186,654,5,0.00329804843691862,0.000276202915543254,-0.00513150266792633,-0.00347020201020424,"MR1"
"chr5",93791430,93791755,326,2,0.00330167618645527,0.0010348393885665,-0.00762039663831601,-0.00698145955224705,"AC099501.1, FAM172A"
"chr2",119158441,119159423,983,10,0.00331532380085811,0.0220591204549187,-0.00399954499875072,0.000730695400392578,"C1QL2"
"chr13",101790607,101791281,675,3,0.00332589352648511,0.147794543132118,-0.00301276487971446,-0.00073798803383029,"FGF14"
"chr10",5551596,5551986,391,3,0.00332725645712489,0.00193030379697542,-0.00764665452155451,-0.00387905948026496,"AL732437.3"
"chr3",197408395,197408436,42,2,0.00333334964545711,0.00105917291715059,-0.00590103093856329,-0.00538700568873113,""
"chr14",93799908,93800372,465,3,0.00333460400562761,0.00060841035820574,-0.00718070260722171,-0.00685950140039889,""
"chr14",95137854,95138060,207,3,0.00333722960506724,0.00415731155544806,-0.0060888310143446,-0.00412635657770644,"DICER1, MIR3173"
"chr1",159900112,159900536,425,6,0.00334768842561224,0.000277564304879331,0.00606944295347469,0.00386882731307653,"AL590560.5, CFAP45"
"chr1",229341331,229341521,191,2,0.00334845771245523,0.00206247586489615,0.00821100390104375,0.00508736229650016,"CCSAP"
"chr5",126342741,126342994,254,2,0.00335046600354121,0.00424549330513854,-0.0069348164342556,-0.00488390107304257,"AC116362.1"
"chr6",43495615,43495922,308,3,0.00335426029229865,0.00166296372409664,-0.005542513207556,-0.00360012134799431,"TJAP1"
"chr2",68838309,68838908,600,2,0.0033583762001097,0.00145381454502484,-0.00619646872476524,-0.00616010538658019,""
"chr15",62138195,62138420,226,2,0.0033583762001097,0.00220699057164997,-0.00684416340907032,-0.00526610999190319,""
"chr4",188014994,188015523,530,2,0.00335879444626932,0.000817124581432655,-0.00714002615151972,-0.00707228166599797,""
"chr5",13510626,13510864,239,2,0.00335879444626932,0.00100844133736738,-0.00699221374223517,-0.000749754574878658,""
"chr2",66425817,66426283,467,2,0.00336957680222159,0.00216708772978042,0.00622503451611692,0.00514440965847018,""
"chr9",109751045,109751286,242,2,0.0033729449314668,0.00450890484413345,-0.00768246596310533,-0.00489622430754695,"PALM2AKAP2"
"chr9",121744276,121744807,532,3,0.00337506204270539,0.000437418905390695,-0.00683448406686612,-0.00633462885559185,"DAB2IP"
"chr1",226712140,226713195,1056,3,0.0033753895264484,0.000611606454279802,-0.00684108815977427,-0.00481381923212819,"ITPKB"
"chr18",55821248,55821897,650,2,0.00337721752382373,0.000921163308313392,-0.00624315885401252,-0.00505388601413173,"AC022031.2"
"chr3",124787114,124787232,119,2,0.00338079223485128,0.000999430305276866,-0.00827756152279255,-0.00761537515543509,"ITGB5-AS1, ITGB5"
"chr21",29231092,29231300,209,2,0.00338089533533471,0.00185054217763676,-0.00629781545651322,-0.00547984579090023,"LINC00189, BACH1"
"chr5",180792412,180793264,853,5,0.00338545676819885,0.0219525978149949,-0.00369983409621731,-0.00155922243441256,"MGAT1"
"chr16",4458242,4458733,492,2,0.00338820061762151,0.00563161460021594,0.00207928530156664,0.00162009473544459,""
"chr2",20670327,20671519,1193,7,0.0033886633348393,0.000188820240974206,0.00762910169955592,0.0054408908307896,"GDF7"
"chr10",4061781,4062300,520,2,0.00339113489738603,0.00351297045459151,-0.00799298315233911,-0.00596083039684782,"AC025822.2"
"chr18",46172733,46172889,157,2,0.00339257496272258,0.00164948388830073,-0.00415264156081639,-0.0034528816418966,""
"chr2",173989374,173989552,179,2,0.00341011426452558,0.00164948388830073,-0.00777196451996908,-0.0060063495973291,""
"chr17",1137539,1137797,259,3,0.00341157885586314,0.000806635888860176,0.00364053293642888,0.00286580745590878,"ABR"
"chr12",121224692,121224774,83,2,0.0034265821442923,0.00131502845311317,-0.00590934047184837,-0.00478577301643634,"P2RX4"
"chr6",149065817,149066272,456,2,0.00343057697867463,0.00290145813336389,-0.00904316955171908,-0.00647091198695451,"UST"
"chr9",94950720,94951039,320,2,0.00343748595020486,0.00127835140525622,-0.0079539321937062,-0.00511774302400673,"AOPEP"
"chr15",80787980,80788081,102,2,0.00343955417159847,0.00116924670402318,-0.00730567744588327,-0.00554520730283812,"CEMIP"
"chr7",117146543,117146816,274,3,0.00344453910002167,0.000770304512452323,-0.00659608415338343,-0.00556316810696085,"ST7"
"chr11",57311502,57311888,387,5,0.00345204043398254,0.000219862381401405,-0.00410752132990707,-0.00292799345176521,"TNKS1BP1"
"chr3",27721314,27722246,933,7,0.00345516813148232,0.000664787947531483,0.0067004441404637,0.00319943960994525,"EOMES"
"chr20",44582380,44582687,308,2,0.00345655124037647,0.00113660446547865,-0.00760491471157542,-0.00631166178349634,"PKIG"
"chr8",11015094,11015645,552,5,0.00345702709959824,0.0022693152606038,-0.00117819342990533,-0.00055777664753567,"XKR6"
"chr14",93787785,93788240,456,5,0.00345958575485347,0.000184129169527279,0.00511388371547135,0.00414188450357684,"PRIMA1"
"chr17",38563282,38564146,865,7,0.00346113011762569,0.000307488103193385,-0.00640020986393696,-0.00478099155754295,"SRCIN1"
"chr6",27891698,27892033,336,3,0.00346249843091008,0.000566212043085915,0.00549552600844072,0.00450914217700503,"H3C12"
"chr5",148654145,148654652,508,7,0.00346732904058747,0.00391838955770545,0.00609564633734522,0.00246961148608328,"HTR4"
"chr8",81193767,81194220,454,3,0.0034703605231826,0.000558641284582816,-0.00696278989689148,-0.00645752875209706,""
"chr20",45842429,45843167,739,2,0.00347121021443773,0.00088181402821184,-0.00607640430259013,-0.00539607808880257,"SNX21, ACOT8"
"chr7",81562392,81562800,409,3,0.00347284082496939,0.00268209142375113,-0.00634324293728131,-0.0045659741362615,"AC008163.1"
"chr6",24936018,24936737,720,5,0.00347716346079472,0.00146229537475045,-0.00765144564131503,-0.00461080385058532,"RIPOR2"
"chr11",120138128,120138427,300,7,0.00348081259451851,0.000153453647496596,-0.00680172702675625,-0.0045506690110572,"TRIM29"
"chr2",69770093,69770673,581,4,0.00348775703380687,0.0199498662926828,-0.00866966648227623,-0.00454238602857654,"ANXA4"
"chr11",62689467,62690592,1126,9,0.00349102231168231,0.00011541231147524,-0.00612594483602951,-0.00388664054372384,"LRRN4CL, BSCL2, HNRNPUL2-BSCL2"
"chr1",220370028,220370055,28,2,0.00349206123192457,0.00097556539059173,-0.00632102130328327,-0.00607245336487144,""
"chr3",58040214,58041104,891,2,0.00349479125380191,0.000642442658745545,-0.00459555938385751,-0.00450297370562231,"FLNB"
"chr16",1474140,1474520,381,4,0.00349866895204257,0.000515196995117013,0.00602193508626582,0.00462539841174473,"CLCN7"
"chr19",38395470,38396149,680,5,0.00350725828894789,0.00955067228503465,-0.00711145107216361,-0.00456737533771049,"SPRED3"
"chr3",52892859,52893941,1083,3,0.00352255835693118,0.0010580090450514,-0.00660726970831696,-0.00452767676312766,"STIMATE-MUSTN1, STIMATE"
"chr6",139473184,139473401,218,3,0.00352419110443111,0.00105917291715059,-0.00886923766693408,-0.00817672767784561,"AL592429.2, LINC01625"
"chr17",68378561,68379054,494,3,0.00352668735994584,0.00108798315620917,-0.00689637275620028,-0.00516911159359994,"ARSG"
"chr9",120842236,120842529,294,2,0.00353864940964206,0.00761936622766835,-0.00810537223974762,-0.0045823854149514,"CUTALP, PSMD5"
"chr22",38494709,38495077,369,4,0.00354683709688185,0.00657422323503713,-0.00641557384051234,-0.00327314447720624,"DDX17"
"chr22",39360905,39361105,201,2,0.00354785900502266,0.00296759675721873,-0.00678011293228437,-0.00415098720009941,"SYNGR1"
"chr7",151008270,151009267,998,7,0.00355035319443875,0.00346790119019311,0.00536989049546223,0.00274589984690149,"NOS3"
"chr9",137761203,137761748,546,2,0.00355770442495144,0.00211093402985393,-0.00802286269718592,-0.00567051338873479,"EHMT1"
"chr9",134163226,134165604,2379,12,0.00356163260592994,0.000188237400483034,0.00821670427702,0.00183393776150639,"RNU6ATAC"
"chr2",86281830,86282860,1031,3,0.00358838446226959,0.00083144378458065,-0.00708402822566991,-0.00491478969121479,"REEP1"
"chr1",171137180,171137913,734,4,0.00359462588836351,0.000641152173424419,-0.00759859722176299,-0.00549181185270542,"FMO6P, BX284613.2"
"chr10",113320547,113321019,473,2,0.00359490874035086,0.000983168731633621,-0.00614937715815122,-0.00423538397750811,""
"chr17",80028891,80029729,839,4,0.00359583732848074,0.00262625174857433,-0.00872287385978448,-0.00504288900463308,"TBC1D16"
"chr10",109923385,109924423,1039,12,0.00360037806931918,0.00218851171714312,0.00714068898506015,0.00187132764306906,"XPNPEP1"
"chr5",135488841,135489417,577,10,0.00360082793187531,0.000471410129999495,-0.00293141725286159,-0.00172347173122435,""
"chr2",95053237,95053647,411,5,0.00360233909610142,0.00619064032472849,-0.00787783024989061,-0.00370628537996698,"MAL"
"chr1",10591744,10592319,576,2,0.00361357137318454,0.00132445607063606,-0.00385147602664926,-0.0034466029995662,"PEX14"
"chr20",6769250,6770342,1093,6,0.00361427055868662,0.000238511829725794,0.00738373959704385,0.00327737718462645,"BMP2"
"chr22",38569406,38570161,756,8,0.00361733635471066,0.00537118258012779,0.00752846331760052,0.00361431237456152,"DMC1"
"chr9",136644640,136645080,441,4,0.00361751899519385,0.00118751370745222,-0.00831303558127674,-0.00567340772805884,""
"chr16",73033626,73033873,248,2,0.00361751899519385,0.000988728826778714,-0.00753359745123522,-0.0074233868369311,"ZFHX3"
"chr12",14905352,14906307,956,2,0.00362542382783729,0.00046876411932438,-0.00876461527785819,-0.00828803519447726,"C12orf60"
"chr22",20778886,20779919,1034,4,0.00363076639688823,0.000373659256149951,-0.00567548448554823,-0.00489331388221629,"SERPIND1, PI4KA"
"chr2",215626956,215627049,94,2,0.0036398883368969,0.000979615182042363,-0.00728564926337474,-0.00700992305364456,"AC012668.3, LINC00607"
"chr9",113523399,113524075,677,4,0.00364598373529129,0.000534581818332501,-0.00955261007763391,-0.00612285801405441,"RGS3"
"chr16",12529774,12530065,292,2,0.00365348200696623,0.00368056959531271,-0.00839852062754359,-0.00376821614345697,"SNX29"
"chr6",167720196,167721015,820,5,0.00365804940952043,0.000616568929870929,-0.00611826977659987,-0.00282136199682745,""
"chr11",122207813,122208037,225,2,0.00365983044978067,0.00169773717202922,-0.00868799215719766,-0.00668076530498142,"MIR100HG"
"chr8",96312734,96313293,560,3,0.00366280601425134,0.00175980188979794,-0.00771161714639741,-0.00533645469998323,"PTDSS1"
"chr2",41877083,41877519,437,5,0.00367182280089327,0.000258089639883499,-0.00337252419532022,-0.00255360148739428,"LINC01913"
"chr19",36152578,36153375,798,5,0.00367774853730839,0.000960324982166922,-0.00772883933129681,-0.0048781758233738,""
"chr15",50884734,50885334,601,3,0.00368004011518171,0.000736322927044787,-0.00511369241481817,-0.00443289889708821,"AC021752.1"
"chr6",122788246,122788854,609,6,0.00368035508873186,0.000612588978092061,-0.00777199543404427,-0.00447236148351739,""
"chr15",67101376,67102290,915,3,0.00368073602613732,0.000186460623272826,-0.00973831545440039,-0.00815655763844216,"SMAD3"
"chr10",35794876,35795466,591,2,0.00368073602613732,0.00127032572629026,-0.00654326059579345,-0.00561312381703265,"PCAT5"
"chr17",80904171,80904779,609,5,0.00368228955284291,0.0030014958994433,-0.00736433357094481,-0.00400364056248209,"RPTOR"
"chr7",73865821,73866250,430,2,0.00368468146925705,0.00670214902527118,-0.00731261635481343,-0.00476874163567823,"TMEM270"
"chr10",29959754,29959977,224,4,0.00369295197752394,0.000486832744805111,-0.00897373382280755,-0.00785141631293278,""
"chr8",19691619,19691750,132,2,0.00369563144198818,0.00176328079520616,-0.00596971436712622,-0.00454866355153961,"CSGALNACT1"
"chr21",34717643,34717733,91,2,0.00371077706037161,0.00102886185958541,-0.00415558337469782,-0.00342194803907569,"CLIC6"
"chr19",3821977,3822191,215,3,0.00371228320889975,0.00126850072260139,0.00949142543386119,0.00643480648777167,"ZFR2"
"chr17",47846861,47847522,662,2,0.00371365040882164,0.0013379068565081,0.00359526245391756,0.00336292829093212,"SP6"
"chr14",69658393,69658903,511,2,0.0037181007469367,0.000997782283149483,-0.00800409177660523,-0.00701502053698584,"SUSD6"
"chr16",14106329,14106480,152,2,0.00372728789270234,0.00125369673354219,-0.00693356888669848,-0.00460613524334171,"MRTFB"
"chr14",60166329,60166360,32,2,0.00372764297908044,0.00308906074473852,-0.0056934378414785,-0.00539906445340359,"PCNX4, DHRS7"
"chr3",81838392,81838737,346,2,0.003743523048909,0.00867609679705093,-0.0067022390383098,-0.00390221287315224,""
"chr22",31343380,31343950,571,3,0.00374421466994309,0.00208705605342704,0.00539722767085467,0.00367642506518886,"PATZ1"
"chr4",185811053,185812436,1384,12,0.00375341982492853,2.2990594898382e-05,0.00610555078561965,0.00490876246658578,"SORBS2"
"chr19",50376441,50377594,1154,4,0.00375403003294154,0.0158345853467465,0.0042628031798852,0.00112997989444019,"NR1H2"
"chr22",39428315,39428397,83,2,0.00376466562348877,0.00113691291327546,-0.00632241847977622,-0.00620067516113526,"TAB1"
"chr4",185761541,185762293,753,3,0.00376929839987348,0.00631589462568707,-0.00895461155163877,-0.00337607030528438,"SORBS2"
"chr7",27106353,27106826,474,5,0.003772988106734,0.00245922148077643,0.00794147383736791,0.00482842123503647,"HOXA3"
"chr20",17649270,17649541,272,3,0.003772988106734,0.000944801340031576,-0.0082446436335677,-0.00598793606278111,"RRBP1"
"chr3",43997498,43998714,1217,11,0.00377617022173885,6.58877941508648e-05,0.00714425591994141,0.00412855891636889,"AC006058.3"
"chr11",57358007,57358133,127,2,0.00377832525971861,0.00368681725891378,-0.00751676757755276,-0.00449362375498037,"P2RX3"
"chr11",128525190,128525555,366,3,0.00377841682699541,0.00393700735231019,-0.00713871738080433,-0.00488732304298985,"ETS1"
"chr18",2979976,2980517,542,3,0.00378130979729125,0.000842023225802171,-0.00752648588580999,-0.00544720615507014,"AP000919.2, LPIN2"
"chr1",58722241,58722251,11,3,0.00378469299658877,0.000553569328117097,-0.0038271051697215,-0.00200231944673609,"AL136985.3"
"chr14",75980984,75981668,685,7,0.00379691204121898,0.000194662917064104,-0.00554218644934081,-0.0040350581820304,"IFT43, TGFB3"
"chr16",23494366,23494522,157,2,0.00379691204121898,0.00130499380040951,-0.00673004727332843,-0.00595092941086014,"GGA2"
"chr15",85618749,85619211,463,4,0.00379829066740279,0.00213480186264307,-0.00525095280213586,-0.00356218997177429,"AKAP13"
"chr10",28632460,28632614,155,2,0.0037990852497799,0.00261038208256404,-0.00686546858291281,-0.00474563711082108,""
"chr12",95547795,95549355,1561,16,0.00380011524161001,0.00367283153168945,0.00720566709812102,0.00256028189937933,"USP44"
"chr19",57099168,57100064,897,6,0.00380119503779082,0.000705074569159635,0.00447273858517244,0.00130745925656497,""
"chr3",157160723,157161294,572,11,0.00380234577806941,0.00033247420797936,-0.00761429967779498,-0.00265449128718742,"CCNL1"
"chr1",159854296,159855076,781,6,0.00380479073476035,0.000114778967750342,-0.00190314957797767,-0.00137571303006399,"AL590560.3, AL590560.2, SNHG28, VSIG8"
"chr8",73125072,73125524,453,3,0.00380740217115686,0.00188492194763668,-0.00704447568188714,-0.00380090969293001,""
"chr8",55100976,55101240,265,2,0.00380864086441484,0.00158526555669002,0.00562779815737518,0.00484027615175702,""
"chr3",14666637,14667510,874,3,0.00381007281411443,0.00118226021766684,-0.00407956424360125,-0.00245400512252092,"CCDC174"
"chr15",57610389,57611896,1508,3,0.00381121457656554,0.00285424334767622,-0.00849251086679078,-0.00512570390181318,"MYZAP, GCOM1"
"chr6",134464564,134465176,613,4,0.00381146494517138,0.000696371403371978,-0.00712881970612136,-0.00448152287209381,"LINC01010, CT69"
"chr3",73516781,73517113,333,2,0.00381146494517138,0.00206192281124811,-0.00719015611300362,-0.00413485981745384,"PDZRN3"
"chr8",47638888,47639217,330,2,0.00381669171347802,0.00116662367904877,-0.00693805407505275,-0.00669956936027779,"SPIDR"
"chr14",52399404,52399966,563,2,0.00381919728603072,0.000820991082336074,-0.00636619028416643,-0.00550678654655772,""
"chr3",146163889,146164013,125,2,0.00382704184287479,0.017171916709534,-0.00881965535258246,-0.00433117871763362,""
"chr7",1229749,1230498,750,5,0.00382786294462774,0.00136164495832539,0.00438916490874543,0.00178215351967973,""
"chr14",51553744,51554483,740,3,0.00382988590706111,0.00442516952038603,-0.00635076269265955,-0.00320862102806498,"FRMD6, FRMD6-AS2"
"chr17",78961196,78961332,137,2,0.00383667194288945,0.00131638449916494,-0.0045494851269473,-0.0039000036409675,""
"chr15",90883954,90885226,1273,14,0.00383742190061565,9.93391492209404e-05,-0.00758427545917422,-0.00417259572034158,"FES"
"chr11",66022696,66022809,114,2,0.003838002570646,0.0110263760052711,0.005201674493234,0.00255409593058576,"CATSPER1"
"chr10",109977364,109977655,292,4,0.00384070986824969,0.000493972972573967,-0.00639444182193878,-0.00477673077941752,"ADD3-AS1"
"chr1",45360751,45361097,347,2,0.00384585607868018,0.121486499195316,-0.00507218025119026,-0.00246558390579873,"AL451136.1, TESK2"
"chr7",130379895,130380487,593,5,0.00385276565128391,0.00103173261068798,-0.00750393528454082,-0.00565002406192697,"CPA1"
"chr9",16214028,16214629,602,2,0.00385490169243101,0.000838034682505595,-0.00829648050433492,-0.00814352100313698,"C9orf92"
"chr5",35771482,35771600,119,3,0.00385583113797645,0.00525518410513906,-0.00723322884395702,-0.00479477320581044,"SPEF2, AC137810.1"
"chr9",16267685,16268076,392,2,0.0038559814949428,0.00152676426813422,-0.00741757898222389,-0.00724844315549266,"C9orf92"
"chr8",1772938,1773071,134,3,0.0038560135051356,0.00158432137337503,-0.0052207423068136,-0.00354939869443536,"CLN8, AC019257.8"
"chr2",120867447,120868160,714,5,0.00385688076036914,0.000419464643178882,-0.00514959123812325,-0.00433600202287562,"GLI2"
"chr3",57977938,57978527,590,3,0.00386475020846915,0.000941929113511667,-0.0072851639724656,-0.00572835111782349,""
"chr13",31927097,31927169,73,2,0.00386475020846915,0.00125309721019376,-0.00706641050180467,-0.00674713635929547,"FRY"
"chr20",10218562,10218888,327,6,0.00387412473361066,0.00688054391942976,0.00461612253595601,0.00148391912996818,"SNAP25, SNAP25-AS1"
"chr2",72146785,72147129,345,2,0.00387449342797879,0.0109799246795696,0.00705239610903435,0.00393427292283945,"CYP26B1"
"chr12",113135616,113136399,784,13,0.00388025478955219,0.00365467415033549,0.00361218472198145,0.00110197013098855,"RASAL1"
"chr20",3221917,3222007,91,2,0.00388479803530103,0.00114561120388644,-0.00806027591659013,-0.00738634059092012,"ITPA"
"chr3",126474841,126475136,296,3,0.00389659427267236,0.0281291856658404,0.000964278541522139,0.000228813208580643,"ZXDC"
"chr6",138691481,138691955,475,5,0.00392414711943686,0.000665181358826079,-0.00823532674606674,-0.00522630859442922,"NHSL1"
"chr7",151705915,151706078,164,3,0.00392614194920652,0.00114519376995574,-0.00622244696307452,-0.0048803212744233,"PRKAG2"
"chr3",128489713,128490476,764,4,0.0039357606772685,0.000584886027336023,0.00425127446402689,0.00249911407629645,"GATA2-AS1, GATA2"
"chr2",115160749,115162252,1504,12,0.0039392018344633,0.000645773432738071,0.00727895223537442,0.00257713905853424,"DPP10, DPP10-AS1"
"chr5",23506921,23507547,627,6,0.00396110303053241,0.000526651001578034,-0.00719253238401267,-0.00478908505927835,"PRDM9"
"chr1",24294586,24295183,598,4,0.00396473184356153,0.00440564552864427,-0.00957522677503056,-0.00643188509156391,""
"chr9",134172062,134172504,443,3,0.00396565995895704,0.000661578661148676,-0.00656208162497928,-0.00532572426437991,""
"chr9",83275096,83275181,86,2,0.0039675217382136,0.00138513341960581,-0.00816281751581266,-0.00671662605516183,"AL137847.2, FRMD3"
"chr15",48388651,48388987,337,2,0.00397002493210439,0.00115645541943957,-0.00695355770571656,-0.00686171263065943,""
"chr20",17530765,17531181,417,3,0.00397164961246652,0.0130128745930014,0.00797378282384747,0.00451845159416769,"BFSP1"
"chr21",38458489,38458654,166,2,0.00397311273906518,0.00113660446547865,-0.00766187047660303,-0.00737700677266961,"ERG"
"chr4",168833074,168833555,482,4,0.00397644715122289,0.00141645809128984,0.0047970427210343,0.00325960275014159,"PALLD"
"chr10",133340385,133340468,84,4,0.00398157208125246,0.000678742742616203,0.00495289407608692,0.00447332983930719,"ZNF511-PRAP1"
"chr17",16491304,16493183,1880,12,0.00398618392620246,0.00016025977068859,0.00623076921993718,0.00158134976975487,"LRRC75A"
"chr21",46555021,46555499,479,3,0.00399067819914023,0.151943508528794,-0.00204359298660773,-0.00127033183504405,"DIP2A"
"chr10",61001528,61002095,568,7,0.00399223679615337,0.00580102623637169,0.00830871235403502,0.0031011792318378,""
"chr4",40630706,40631252,547,9,0.00399818460665556,0.000129458162661624,-0.00647288943978684,-0.00464933054756288,"RBM47"
"chr10",60910702,60910902,201,2,0.0040081913194929,0.00241995215272477,-0.0102044939851282,-0.00662613012961419,"RHOBTB1"
"chr19",18649890,18650982,1093,9,0.00400860458704173,0.00016479157346661,-0.0067478274568351,-0.00539954991958007,"KLHL26"
"chr3",141291689,141292290,602,3,0.0040105038190895,0.00243840621427849,-0.00695449779376711,-0.00350136767558144,"PXYLP1, AC117383.1"
"chr12",12999522,12999533,12,2,0.00401510752816271,0.0020917106575477,-0.00575642030286616,-0.00570759132640129,"HEBP1"
"chr8",101437207,101437629,423,2,0.00401561840262389,0.00144558873979829,-0.00754045212253918,-0.00677580002319418,"AP001208.1"
"chr16",49781299,49781448,150,2,0.00402365331995233,0.00177710897185491,-0.00703540005526917,-0.00651798547931678,"ZNF423"
"chr6",136035337,136035713,377,4,0.00402606987769373,0.00225837810995701,-0.00785794004493068,-0.00406901094740701,"PDE7B, AL138828.1"
"chr11",560396,561538,1143,14,0.00403006089123142,0.000186114926726268,-0.003125675428525,-0.000552811451816978,"RASSF7, LMNTD2"
"chr14",63728327,63729162,836,6,0.00403031283848985,0.172476642109478,0.00863277892559625,0.00161565242898357,""
"chr10",18139914,18140197,284,4,0.004046101004634,0.00692946073903333,-0.00241596892010086,-0.000956241112571533,""
"chr11",130510619,130510795,177,2,0.00404662112051036,0.00103478768784001,-0.00709728193965152,-0.00698823689854072,""
"chr7",108660027,108660461,435,2,0.00405033776040908,0.0196967151139628,-0.00765104018563116,-0.00334163653571368,""
"chr4",76585529,76586498,970,8,0.00406122389012777,0.000233600661232268,0.00557135414527185,0.00357754903983726,"SHROOM3"
"chr17",82696795,82697046,252,4,0.00406544103904151,0.00187455262830478,0.00541908041292315,0.00342048560151881,"RAB40B"
"chr4",76611238,76611751,514,2,0.00407681271254031,0.00109635343783629,-0.00739966232086875,-0.00663128388771955,"SHROOM3"
"chr9",125472812,125473151,340,2,0.0040833451280197,0.001673557348053,-0.00648384292812873,-0.00639227992190891,"MAPKAP1"
"chr17",19747877,19748944,1068,12,0.00409813779318887,0.000656254978981645,-0.00837659073911007,-0.00359663608636758,"ALDH3A1"
"chr10",5615415,5615500,86,2,0.00410449898482558,0.00138513341960581,-0.00678194583399436,-0.00668359436220028,"LASTR"
"chr4",112379290,112379665,376,4,0.00410735081266934,0.000348006949063258,0.00784933465250749,0.00704949652467776,"ALPK1"
"chr4",118352206,118352672,467,2,0.00411194681645059,0.00120553112330598,0.00657288249326786,0.00574320097548537,"PRSS12"
"chr21",44021807,44021904,98,2,0.00411263213661666,0.00251028860962396,-0.00424672800478725,-0.00295231901489039,"TRAPPC10"
"chr17",78385854,78385916,63,3,0.00411449230504798,0.00920611682806484,-0.00591340921633246,-0.00348780423513314,"PGS1"
"chr9",36035916,36037087,1172,9,0.00412725148024488,0.0114199605459096,0.00824337851085719,0.00157347657365155,"RECK"
"chr3",71978700,71979060,361,2,0.00412791448589755,0.063894986381985,-0.00653492719623962,-0.00338684816517041,"LINC00877"
"chr13",108609429,108609628,200,2,0.00412806999503675,0.00115005437076825,-0.00728604410609799,-0.00688959480049847,"MYO16"
"chr18",64099642,64099660,19,2,0.00413893576552712,0.00126205628223621,-0.00414799166656047,-0.00359244933353518,"LINC01924, LINC00305"
"chr7",27641542,27642059,518,3,0.00414505556804106,0.00254177057538838,-0.00850595538461006,-0.00547664461832713,"HIBADH"
"chr13",73995966,73995994,29,2,0.004149481371279,0.0010580090450514,-0.00336629384873768,-0.00279617036605472,""
"chr14",75426977,75427781,805,12,0.00415375704383087,0.16492216336574,0.00790378446442578,0.00152023669439866,"JDP2, AF111167.2"
"chr15",67124981,67126090,1110,9,0.00415878898909692,7.53290466717605e-05,-0.00555945858271194,-0.00371868307346873,"SMAD3"
"chr11",34243695,34244016,322,3,0.00415957299844416,0.00531584652588234,-0.00584915977655177,-0.00386365461780674,"ABTB2"
"chr14",88326593,88327397,805,13,0.00415965721238952,0.000940720170589969,0.00274280921384887,0.000986237473698161,"KCNK10"
"chr12",93090385,93090463,79,2,0.00416122265587445,0.00133777466528424,-0.00750797141974263,-0.00504689288379463,"AC138123.1"
"chr13",49220499,49220545,47,2,0.004161544943772,0.00156519241677576,0.0071710967559039,0.00573143419237066,"MLNR"
"chr14",26596061,26596540,480,4,0.0041687543832936,0.000540849062700675,0.00625933547657746,0.0039946035231247,"NOVA1"
"chr19",19273167,19273689,523,6,0.00416934225598538,0.0181680634873481,0.00764349926561582,0.00307201677085136,"AC138430.1, TM6SF2"
"chr16",79402525,79402581,57,2,0.00417237687032435,0.00176891860696594,-0.00662948065165617,-0.00569338092862109,""
"chr5",958693,959026,334,5,0.00418833592378076,0.000341020813084337,0.00891630496076638,0.00779741233120168,""
"chr11",86799130,86799956,827,3,0.00418986400293482,0.000555573844345173,0.00512156759702877,0.00192533050338037,"PRSS23"
"chr10",33706354,33706442,89,3,0.00419186838322023,0.000595761313044509,-0.00678191051717154,-0.00571141622527199,"AL450313.1"
"chr6",22362592,22362945,354,2,0.00419186838322023,0.00299445919945568,-0.00781853153163185,-0.0055461215889143,"CASC15"
"chr3",111977757,111977984,228,2,0.00419783655882608,0.0201142742000243,-0.00501572802426869,-0.00212778049209265,""
"chr6",75748288,75748350,63,3,0.00420019819772092,0.000687994012371118,-0.00563325044845779,-0.00510044052731685,""
"chr14",51367495,51367846,352,2,0.00420148263211395,0.00219006710665353,-0.00548719525475093,-0.00493683613608416,"AL358332.1"
"chr22",46798577,46799198,622,4,0.00420634935683694,0.0022810955112984,0.0080150202780472,0.00373266203713295,"TBC1D22A"
"chr1",196896556,196897382,827,5,0.00421397427117376,0.00270494148002374,-0.00823764125655265,-0.00548758600006054,"CFHR4"
"chr2",10720826,10721295,470,4,0.00421591659270664,0.00191198065635579,0.0028698731534519,0.00184506196485326,"AC092687.2, ATP6V1C2"
"chr3",191397667,191397691,25,2,0.00421819663659763,0.00114519376995574,-0.0066607845405787,-0.00659514612536831,"CCDC50"
"chr11",111924624,111924860,237,3,0.00422061467196896,0.000921163308313392,-0.00498024533008658,-0.00417969380144998,"HSPB2-C11orf52, C11orf52"
"chr12",48978204,48980377,2174,12,0.00422459449802831,0.00220191902571945,0.00306452053129007,0.00049851004919145,"WNT1"
"chr18",6732804,6732863,60,2,0.00422462814452209,0.00114369181314366,-0.00461847557943817,-0.00322169669568121,"ARHGAP28"
"chr14",90624192,90624816,625,2,0.00422569866619351,0.00218864625638942,-0.00622703585002357,-0.0043888731187277,"TTC7B"
"chr10",21668563,21669135,573,2,0.00422821105326122,0.00210546583835455,-0.0067483786008542,-0.00515755135116866,"MLLT10"
"chr2",99278603,99279012,410,2,0.00422842359803749,0.119950106060807,-0.0065419434810532,-0.00329539402225912,"AC079447.1"
"chr3",189269286,189269452,167,2,0.00423325515787367,0.00188997940781527,-0.00750939531152351,-0.00600354710612505,"TPRG1"
"chr11",74467639,74468504,866,10,0.00424798430520867,0.00138513341960581,-0.00629374474887762,-0.00286520918677673,"AP001372.1, KCNE3"
"chr12",120361529,120362263,735,7,0.00424798430520867,0.000531141507226006,0.00474491609531455,0.00364280294643709,"MSI1"
"chr11",64863885,64865298,1414,6,0.00424798430520867,0.000110790713420198,-0.00734144143409851,-0.00630269414666799,"EHD1"
"chr12",64824239,64825089,851,13,0.00424823584185976,0.000242321788288097,-0.00323612085358994,-0.00231656128220118,"TBC1D30, AC078815.1, AC025262.3"
"chr14",75605554,75605928,375,2,0.00425305661359962,0.00236315356683044,-0.00795950726996847,-0.00662751729026489,"FLVCR2"
"chr21",16069633,16070483,851,6,0.00425544882400096,0.000193099606509877,0.00786300298289971,0.00623199481355406,"MIR99AHG"
"chr11",6197785,6198343,559,3,0.00425578169486347,0.0018219266720995,0.00428240708893376,0.00207515385148555,""
"chr1",162613383,162613891,509,4,0.00426259219979949,0.00388505896826451,-0.00576917080310987,-0.00387266535414007,""
"chr1",116123130,116123232,103,3,0.00426515434429404,0.00104883391670205,-0.0068098705858066,-0.00577498261947835,"MAB21L3"
"chr2",124308893,124309197,305,2,0.00426953484228363,0.00141085074995217,-0.00649101642003176,-0.00545478438781963,"CNTNAP5"
"chr6",116512278,116512445,168,2,0.00427069096971641,0.001585878107776,-0.00679601604939664,-0.00541607244517781,"CALHM5, TRAPPC3L"
"chr1",59043910,59044015,106,2,0.00428087456071161,0.00118226021766684,-0.00724566500887381,-0.00560261098380798,"LINC01358"
"chr16",54038085,54038313,229,2,0.00428087456071161,0.181951207737799,-0.00749454674262901,-0.00378132316573134,"FTO, AC007347.1"
"chr16",85650747,85651247,501,4,0.00428557340732064,0.000659698975245737,0.00773375942858522,0.00600302059412943,"GSE1"
"chr13",44759092,44759157,66,2,0.00429265525290085,0.00110223127601009,-0.00603776994966358,-0.00600269453206681,""
"chr19",17873834,17874354,521,4,0.00429600183354004,0.0216993788601287,0.00600453111260513,0.00243268258573462,"SLC5A5"
"chr6",70864349,70864895,547,4,0.00429732691460122,0.000943571814672958,-0.0066342242989981,-0.00360181011210136,"B3GAT2"
"chr13",98503600,98504465,866,2,0.00430057116370517,0.000563763146589258,-0.00783044643899396,-0.00515220731800397,"STK24"
"chr17",77288806,77289070,265,2,0.00430501318381335,0.00160043249706985,-0.00695526229390307,-0.00511340975470072,"SEPTIN9"
"chr5",31939409,31939864,456,2,0.00430973052236184,0.0050010984413013,-0.00794878845755271,-0.00356656886032321,"PDZD2"
"chr6",31888840,31889323,484,10,0.00431375235470673,0.000188237400483034,-0.00499041502030876,-0.00210459364550829,"EHMT2"
"chr17",74670395,74671604,1210,14,0.0043365239362603,0.00368681725891378,0.0095209850966805,0.00304855101552827,"RAB37, AC064805.2"
"chr7",103446223,103446357,135,4,0.00433809894079376,0.00389085307261023,0.00752880668445004,0.00416788802595753,"AC005064.1"
"chr11",1747922,1748415,494,7,0.00434128756605394,0.000666815814406567,0.00792772757532019,0.00418267060143054,"IFITM10, AC068580.4"
"chr1",116309302,116309485,184,2,0.00434380657836909,0.0538504327561121,-0.00606260902850863,-0.00299890632817454,""
"chr10",133640585,133641128,544,2,0.00434514531779102,0.00399101804066342,0.0114273338883635,0.00788863366546141,"AGGF1P2"
"chr10",84328192,84328925,734,11,0.00434739345707669,0.000298733195413033,0.00266554142363873,0.000282624612428378,"CCSER2"
"chr1",19384512,19385841,1330,4,0.00435560567745657,0.000643615693739666,-0.00757107483361875,-0.00466554848605092,"CAPZB"
"chr7",137986227,137987047,821,3,0.0043560193946227,0.00260967708106408,-0.00834901740258553,-0.00550304046033549,"CREB3L2"
"chr10",72318924,72320168,1245,7,0.00435808903703542,0.000975374483557123,-0.00428916441218175,-0.00224398653260453,""
"chr1",184823368,184823647,280,2,0.00436557357320281,0.00148605992244743,-0.00718603854997377,-0.00609479334598334,"NIBAN1"
"chr7",100099345,100099873,529,5,0.00437367558636194,0.00241575272231288,0.00779013645787145,0.00485930709741693,"MCM7"
"chr21",17438018,17438709,692,3,0.00438346450510801,0.00300034128117469,-0.00606012016341319,-0.00460919534341997,""
"chr12",33575441,33575570,130,3,0.00438878547565588,0.0103748237937812,-0.00729432973770327,-0.00434631304761309,""
"chr2",23520618,23521064,447,2,0.00438967637624056,0.00246303119797972,-0.00666993738052598,-0.00507307067293248,"KLHL29, AC011239.1"
"chr11",65592652,65593149,498,5,0.00440013447597581,0.00272855462775108,0.00453082600414542,0.0023982718666562,"KCNK7"
"chr11",114058055,114058565,511,6,0.00440939788086676,0.000526651001578034,-0.00534366658018103,-0.00303173884118084,""
"chr2",237799236,237799912,677,3,0.00441427901846897,0.00195064559658172,-0.00313786523885205,-0.000312084378758487,"LRRFIP1, RBM44"
"chr9",21549601,21549616,16,2,0.00441491718201871,0.00113660446547865,-0.00840807056160067,-0.0082035444767833,"MIR31HG"
"chr1",174217678,174218225,548,4,0.00441520947220827,0.00181554538528176,-0.00684335134097315,-0.0039841480348973,"RABGAP1L"
"chr11",755588,755608,21,2,0.00441612957528247,0.00111515430020129,0.00249156047272047,0.00162184943111263,"TALDO1"
"chr3",36907989,36908963,975,5,0.0044171821792204,0.000743155578519255,-0.00908981045602523,-0.00700906429687259,"TRANK1"
"chr2",38146595,38147393,799,6,0.00443510222564127,0.00154079505501843,-0.00856104395025685,-0.0048396533184141,"CYP1B1-AS1"
"chr2",25250660,25251458,799,4,0.00443525675214244,0.00125309721019376,0.00929181652421379,0.00508354418405807,"DNMT3A"
"chr9",93536948,93537173,226,2,0.00443952686232867,0.00124915902184344,-0.0064999210023803,-0.00649947988248878,"FAM120A"
"chr12",14283641,14283834,194,2,0.00444632002874484,0.00189535539676199,-0.00689751376386267,-0.00655507686445898,""
"chr2",43071596,43072344,749,2,0.00446406587604165,0.000683460115535975,-0.00731874467289145,-0.00657480458411271,""
"chr8",88116526,88116909,384,3,0.00446665098147337,0.00443336369717534,-0.0084015253329416,-0.00574139266981437,"MMP16"
"chr18",52341731,52342418,688,8,0.00447226214605574,0.000627317245223869,0.00470221583132863,0.00197686657474412,"DCC"
"chr10",73248263,73249043,781,5,0.00447569484550619,0.000638078643313952,0.00394780451631533,0.0027463882876112,"DNAJC9-AS1, AC016394.2, MRPS16"
"chr11",12540945,12541189,245,3,0.00448288080522871,0.00104160053485813,-0.00633447233270756,-0.00555086237684743,"AC009806.1"
"chr16",70715520,70716248,729,4,0.00448651521272127,0.000456595511995202,0.00711431925593366,0.00593669748386918,"AC020763.3, VAC14"
"chr16",22284789,22285449,661,3,0.00448651521272127,0.000778411676384843,-0.00465354064086545,-0.00435146228271236,"EEF2K"
"chr3",71133492,71133573,82,2,0.00448651521272127,0.00159930606903764,-0.00570329709879432,-0.00506716177239882,"FOXP1, AC097634.4"
"chr1",218394523,218394562,40,2,0.00448871896424825,0.00115424220326017,-0.00774172325853392,-0.00763967448627348,"TGFB2"
"chr6",7162052,7162744,693,3,0.00448968931415857,0.000915231234056566,-0.00619078122652599,-0.00423335985663244,"RREB1"
"chr2",237743809,237743975,167,2,0.00449750803248404,0.00117999802271737,-0.00657523125023877,-0.00643322778809387,"LRRFIP1"
"chr12",102962180,102962282,103,2,0.00451590287913591,0.00171800211324861,0.00465959426480284,0.00370956978044371,""
"chr7",105691084,105691879,796,7,0.00451907236595241,0.00106670450911247,-0.00472302733800347,-0.00332542340145937,"ATXN7L1"
"chr11",280445,280784,340,2,0.00452666242806123,0.00214199669897846,0.00477280514339091,0.0041540169530428,"NLRP6"
"chr17",62670032,62670496,465,6,0.00453198275956878,0.00321839248977023,0.00443332916596682,0.00282818313227174,"MRC2"
"chr14",19935057,19935080,24,2,0.00453198275956878,0.001645992878772,0.00671958086891624,0.00533052825018539,"OR4K1"
"chr7",34652867,34653109,243,3,0.0045344077815856,0.000666815814406567,-0.00556838565958899,-0.00378863089586538,"NPSR1-AS1"
"chr1",207890388,207890525,138,3,0.00454029535483261,0.000682087217754626,-0.00688636824291016,-0.00635457888458716,"CD34"
"chr2",242013253,242013402,150,2,0.00454365969017828,0.00139229197871877,-0.00462286374352842,-0.00323246837551286,"LINC01237"
"chr8",27731893,27732351,459,2,0.0045572103476717,0.00114519376995574,-0.007194773128424,-0.00675472560466126,""
"chr1",222886370,222887084,715,2,0.00455803813412022,0.0012265458090067,-0.00752738192285152,-0.0057375810703918,"DISP1"
"chr20",17969968,17970322,355,4,0.0045592355964452,0.000866404775634741,0.00590704570844384,0.00514242799131493,"MGME1, OVOL2"
"chr12",47829347,47829420,74,2,0.0045592355964452,0.00428114760034642,-0.00632554140442027,-0.00483425772018629,"LINC02354, HDAC7"
"chr4",183354044,183354514,471,2,0.00456483764797611,0.00794683969850282,-0.0064807743699122,-0.0029223798536938,""
"chr3",132448247,132448811,565,2,0.00456849153895113,0.00235388761629103,-0.00709699073712332,-0.0061536874703879,"DNAJC13"
"chr19",8209969,8210199,231,3,0.00457822230047541,0.000909096606837754,0.00395090619859562,0.00385726930039498,"CERS4"
"chr5",176618982,176619979,998,6,0.00458145156883484,0.005260503338098,0.00544037291291778,0.00277242231961108,""
"chr6",11828485,11828804,320,2,0.00458678026080249,0.00219000435178596,-0.00788626886727501,-0.00345024824988678,""
"chr2",240868330,240868696,367,7,0.00460368791238853,0.00365091733092519,-0.0079729202357071,-0.00282870122872587,""
"chr13",44068980,44069002,23,2,0.00460812868505353,0.00113785697957149,-0.00707122040872407,-0.0062666345573968,""
"chr1",228207749,228208397,649,8,0.00460913483404456,0.00106557614979115,-0.00724008063483214,-0.00397748005104127,"OBSCN, OBSCN-AS1"
"chr14",53924987,53925369,383,2,0.00461773161050129,0.044438726769948,-0.00807371872427104,-0.00390228320207974,""
"chr11",22475883,22476018,136,2,0.00461953208079232,0.00136802946957252,-0.0079315690580913,-0.00631949974910927,"LINC01495"
"chr16",54284402,54285023,622,4,0.00462096321646968,0.00144617814979557,0.0043317046503534,0.00279046592844888,"IRX3"
"chr12",16939908,16940125,218,3,0.00462096321646968,0.00322386391053676,0.00756931285484106,0.00144148762271254,""
"chr8",28374597,28374659,63,2,0.00463275235390547,0.00165824980728192,-0.00411639246319033,-0.00351150138516446,"ZNF395, FBXO16"
"chr16",65176684,65177096,413,6,0.00463511520949977,0.00574665758007659,-0.00664576638250129,-0.0030324690175842,"LINC02126"
"chr12",20527613,20528143,531,2,0.00463538904633915,0.00116924670402318,-0.00849630205483274,-0.00653534159892948,"PDE3A"
"chr11",129395511,129395570,60,2,0.00463862671184314,0.00114389938786158,-0.00474477337885943,-0.00472602403072006,"BARX2"
"chr13",97234637,97235661,1025,5,0.00463928658073613,0.000680783801979915,-0.00480495719477993,-0.00322370019767461,"MBNL2"
"chr14",59358237,59358918,682,2,0.00464638657108475,0.000759148056678405,-0.00759096372394066,-0.00638446077296177,"DAAM1"
"chr12",110404537,110404576,40,2,0.00464684486498544,0.00138385170208686,0.00445984574250007,0.00402500429730359,"AC144548.1"
"chr5",151006097,151006899,803,3,0.00464967059986543,0.000501910601953019,-0.00522734935865036,-0.00382276081685023,""
"chr2",152500068,152500978,911,3,0.00465097102608903,0.000473231907081192,-0.00754729594608096,-0.00482043022272231,"FMNL2"
"chr8",96267828,96268599,772,2,0.00465097102608903,0.000727738601302049,-0.00759070783313312,-0.00686805144502757,"PTDSS1"
"chr22",27512283,27512534,252,3,0.00465845018806831,0.00113785697957149,-0.00698130509477902,-0.00528835789136969,""
"chr11",66068339,66068351,13,2,0.00466372340814349,0.00145608904111253,0.00444383479345991,0.00362445681155084,"SF3B2, AP006287.2"
"chr17",64177760,64177874,115,3,0.00467682588712023,0.00259816021542349,-0.0078532016988863,-0.00431479710596882,"TEX2"
"chr5",102296286,102296855,570,8,0.00468767445480391,0.00200649230965125,0.00894902610951939,0.00498082610499766,""
"chr15",80464828,80465514,687,2,0.00469957276621162,0.000713618556595937,-0.00406108390273953,-0.00393317400295945,"ARNT2"
"chr10",29634807,29635924,1118,8,0.00470407046802544,0.00175084409283695,-0.00779030053096556,-0.00451615432373606,"SVIL"
"chr2",102806218,102806321,104,2,0.0047048196861091,0.00122192523139397,-0.00572953657276923,-0.00545756740648297,"TMEM182"
"chr2",27264262,27264924,663,3,0.00470594276261293,0.00490555455558899,0.0036869501848329,0.00162589363817057,"SLC30A3"
"chr11",34998119,34998126,8,2,0.00471636647805839,0.00156519241677576,-0.00758333845913755,-0.00660414500604832,"PDHX"
"chr5",10594626,10595947,1322,5,0.00471924680459489,0.000222714617049696,-0.00787088177849284,-0.00253290530230359,"ANKRD33B"
"chr16",3157522,3157966,445,4,0.00474109428375741,0.0206395774134364,0.00669989443464035,0.00307987932887762,""
"chr15",63950961,63951602,642,3,0.0047440899781316,0.00167128030939184,-0.00744620007614148,-0.00420714342660262,"DAPK2"
"chr15",100207274,100207559,286,2,0.00476281885150421,0.00126995277540462,-0.00663379953351769,-0.00488185721579672,"ADAMTS17"
"chr19",49363522,49363866,345,10,0.00477023900648786,0.00192638521545836,0.00401803251975864,0.000698682244898125,"DKKL1"
"chr10",5534471,5535203,733,4,0.00477992783939704,0.00220191902571945,-0.00783012684513923,-0.00476186441033082,""
"chr9",131276562,131277146,585,4,0.00479546305374977,0.00042277456415074,0.00432480877074834,0.00360321334744046,""
"chr1",12438728,12438736,9,2,0.00479693554699515,0.00114519376995574,-0.00904442865039,-0.00834290688278297,"VPS13D"
"chr1",54850808,54851096,289,2,0.00479755807059355,0.00913587791632,-0.00698330545922066,-0.00369357637665571,"DHCR24"
"chr6",16317076,16317212,137,2,0.00480943504944987,0.00151212145310664,-0.00781832501693194,-0.00715032131947023,"ATXN1"
"chr7",12585028,12585235,208,2,0.00481234094648569,0.00170140143156224,-0.00846120759034345,-0.0075215256948784,"SCIN"
"chr20",58612461,58612467,7,2,0.00481326508606766,0.00141020467236127,-0.00779446942573822,-0.00651417703707694,"APCDD1L-DT"
"chr7",157292779,157292862,84,2,0.00482027032502465,0.00145570650793898,-0.00740437218990182,-0.00635825446738796,""
"chr1",42825360,42825719,360,4,0.00482098443726543,0.000552708013631643,-0.00607657475883687,-0.00499924623288822,"ERMAP"
"chr5",82405686,82406827,1142,3,0.00483972259868881,0.000391046089216753,-0.00532732996617371,-0.0051894771924323,""
"chr7",101085062,101085873,812,9,0.00484042871067032,0.000384709555930391,-0.00328477432144941,-0.00198213901492964,"TRIM56"
"chr15",80906496,80906642,147,2,0.00485809604201139,0.00221260964851217,-0.0070782833195972,-0.00648536696989362,"CEMIP, AC027808.1, AC027808.2"
"chr12",57148316,57148993,678,4,0.00485853832701886,0.018386441439393,-0.00861422714498044,-0.00323247191931565,"LRP1"
"chr11",111918408,111918969,562,7,0.00486655170692715,0.000610089929491251,-0.00570128400337044,-0.00363392527794133,"HSPB2-C11orf52, C11orf52, CRYAB"
"chr3",187024669,187025468,800,3,0.00487669155745326,0.00151212145310664,-0.00766905984316399,-0.00440308328708169,"ST6GAL1"
"chr8",79612891,79613529,639,3,0.00489110472741373,0.0028358659719552,0.00336690692048574,0.0020876765378581,"STMN2"
"chr4",95255908,95256015,108,2,0.00490654963841687,0.0011769866742518,-0.00776581348417866,-0.00752906451914918,"UNC5C"
"chr19",2494238,2495888,1651,8,0.00490887448486982,0.000852469826402476,0.00671281433808336,0.0020180560041887,""
"chr9",123997256,123998137,882,4,0.00490919771752492,0.000543856991623945,-0.00886142254928753,-0.00540542918488698,""
"chr7",86965925,86966656,732,4,0.00490931664982807,0.000640304338982764,-0.00567478916740997,-0.00468365551863253,"ELAPOR2"
"chr2",62194749,62194895,147,2,0.00490991633410017,0.00517608862173004,-0.0082969892380518,-0.0052096142173467,""
"chr6",110358629,110359828,1200,6,0.00492188534171764,0.00179254443823981,-0.00717070833855084,-0.00446908799742177,""
"chr9",123863165,123863192,28,2,0.00492188534171764,0.00123193777096495,-0.00652467034596129,-0.00563415115807288,"DENND1A"
"chr15",70604885,70604894,10,2,0.00492635360834727,0.00143096853079568,0.00828376976366911,0.00756265974479881,""
"chr16",56591905,56592266,362,2,0.00492673581152138,0.001585878107776,-0.00683962135631342,-0.00630171156583001,""
"chr2",84888906,84888989,84,2,0.00495318327833022,0.00121600292347588,-0.00898309425724577,-0.00852042245664611,"TRABD2A"
"chr5",116574225,116575036,812,12,0.00496183963451746,0.002150005067869,0.00368191833615956,0.00139750099403099,"SEMA6A-AS2, SEMA6A"
"chr14",103210086,103210118,33,2,0.00496183963451746,0.00204593229384977,-0.00656169569215975,-0.00566233193027774,""
"chr19",53037520,53038034,515,4,0.00496445052846169,0.0020737148947666,0.00922943415395924,0.00550270030681671,"ZNF702P"
"chr7",80646108,80646770,663,8,0.00499083278355599,0.00378492030777016,-0.00625046963354171,-0.00213013693112389,"CD36"
"chr16",67547534,67547772,239,2,0.00499585588869881,0.00241773627452116,-0.00787087553048368,-0.00617573425192823,""
"chr18",23690384,23690598,215,3,0.00500401216151633,0.00123408964038825,0.00830059246200857,0.0056454967095988,"LAMA3"
"chr10",125231225,125231801,577,2,0.00500550243650704,0.00332917698589216,-0.00602679576180604,-0.00380705852624724,""
"chr11",57541136,57541513,378,5,0.00502755983850175,0.00405582194843831,-0.00556562834051668,-0.00248564949096962,""
"chr1",220887411,220887728,318,4,0.00503635145051228,0.00490332259356293,0.00436393939543334,0.00198398802201971,""
"chr8",85178334,85178538,205,4,0.00503692312014354,0.000510838358852608,0.0054940524361221,0.00444021755297437,"E2F5"
"chr12",127284243,127284546,304,4,0.00504159712401788,0.000757804073148924,-0.00567545556842191,-0.00554513733973119,"LINC02376"
"chr8",102657267,102657878,612,3,0.00505160679708742,0.002666856799883,-0.00673383600873108,-0.00480890346818811,"AP002851.1"
"chr6",139839788,139840056,269,2,0.00505730023982302,0.00174354953389716,-0.00759647639897473,-0.00569310624507924,"FILNC1"
"chr2",238433234,238433722,489,2,0.00506561930976609,0.0133313830385283,-0.00666219534747958,-0.00282484206901227,"ASB1"
"chr13",26050349,26051258,910,9,0.0050689937771349,0.0031781041269494,0.00587950926757741,0.00228622233277867,"SHISA2"
"chr1",81349189,81349715,527,2,0.0050723362127819,0.00150540999876251,-0.00552041459410809,-0.00522851307217043,"ADGRL2"
"chr5",103624756,103624916,161,2,0.00508047744452112,0.00346842797241497,-0.00533092693345752,-0.00402448533090546,""
"chr21",36384942,36386244,1303,8,0.00509099338278698,0.00630011237515127,0.00698694455787113,0.00253126765586723,"MORC3, CHAF1B"
"chr16",47528564,47528973,410,2,0.00509345196535882,0.00214260769026852,-0.00636637956680382,-0.00522648464594496,"PHKB"
"chr3",102078894,102079298,405,2,0.00509622344377475,0.00888480862616338,-0.00649175988393401,-0.00423043028203949,""
"chr8",32720433,32720724,292,2,0.00509775399629213,0.0590804642127247,-0.00713377510464106,-0.00373495917986487,"NRG1"
"chr19",18850942,18850961,20,2,0.00509775399629213,0.00119325723335869,-0.00681499853316543,-0.00661037559077759,"UPF1"
"chr11",69645870,69646683,814,6,0.00511372624148065,0.000236929785833956,0.00500134538339866,0.00442567721206211,"CCND1"
"chr16",10270129,10270551,423,2,0.00511372624148065,0.035246400806122,-0.00763324407775762,-0.00403146277339666,""
"chr19",16897382,16898040,659,4,0.00511602455613363,0.000634125090919236,0.0098542952604713,0.00619551451284047,"CPAMD8"
"chr12",57847256,57848107,852,6,0.00511913205511033,0.00942928240344349,0.00549486541443382,0.00216342007321134,""
"chr1",225581082,225581332,251,2,0.00511913205511033,0.00159538388033591,-0.00735340181916612,-0.00720555135216362,"ENAH"
"chr9",77884478,77884501,24,2,0.0051196903727559,0.00147738056402349,-0.00748408077449013,-0.00639415223158332,"GNAQ"
"chr5",50711149,50711545,397,2,0.00512885170707027,0.00119388363711468,-0.0080893779108703,-0.00687109343703777,"PARP8"
"chr3",11481276,11481491,216,2,0.0051313446515563,0.00122528029506883,-0.00548633371123811,-0.00504451787361833,"ATG7"
"chr7",44145241,44146047,807,3,0.00514022551849007,0.00670626981433816,0.00706900379410071,0.00346799967446146,"GCK"
"chr1",11802606,11803539,934,6,0.00514663256951001,0.000504574190094469,-0.00649659141660201,-0.00501292551207228,"MTHFR"
"chr15",70584938,70585710,773,5,0.00516380113752233,0.00487212133653904,0.0111256196016721,0.00555011589888123,"LINC02204"
"chr17",4599505,4599876,372,3,0.00516607274765853,0.00147936476224517,-0.00447240146879852,-0.00376006584319257,"SMTNL2"
"chr12",12979543,12980197,655,8,0.00517359894962572,0.000571067940210768,-0.00724704857535077,-0.00380306490945426,"GPRC5D-AS1, HEBP1"
"chr12",120255067,120255100,34,2,0.00517440133628474,0.0132321278767026,-0.00242830463937846,-0.00135165310740713,"PXN"
"chr3",190701148,190701334,187,3,0.00517513098704682,0.000852469826402476,-0.00874923641433637,-0.00618778508107908,""
"chr1",110068373,110069201,829,6,0.0051779355765986,0.000268599454914123,0.0083189629871599,0.00537433462627674,"STRIP1, ALX3"
"chr11",73598807,73599197,391,3,0.00517803971634104,0.001050972377708,0.00639340409491495,0.00568373938016986,""
"chr13",106471877,106472436,560,2,0.00517991359058672,0.00209948137489309,-0.00743047936272067,-0.00694488274004178,""
"chr10",69901766,69902296,531,2,0.00518641162024733,0.00407902244402339,-0.00686499356899822,-0.00548160979667711,"COL13A1"
"chr7",134778266,134778952,687,5,0.00518899544791606,0.00144419155719221,-0.00861214977279588,-0.0042051093624229,"CALD1"
"chr3",8683294,8683611,318,2,0.00519797524348651,0.0139815909430649,-0.00309302071374819,-0.00192184531676444,"OR7E122P, SSUH2"
"chr1",53238567,53239306,740,11,0.00520387988666597,0.00140116132420919,0.00556449146263973,0.00197399010543605,"AL606760.1"
"chr3",160449937,160450721,785,9,0.00520511842558043,0.0159808931448815,0.00809417510454774,0.00370121141752708,"TRIM59"
"chr2",102586714,102586765,52,2,0.0052067412887656,0.00158337975818269,-0.00731280097773616,-0.00634150494703331,""
"chr11",70436326,70436683,358,6,0.00520813040648938,0.0174770753683834,-0.00804709088497256,-0.00265009483466529,"CTTN"
"chr10",93438426,93439047,622,5,0.00521944592654884,0.000447973932830607,0.00534707637433777,0.00430739780109964,"MYOF"
"chr1",13725994,13726164,171,3,0.00521944592654884,0.00407902244402339,-0.00723934265290606,-0.00428434510232861,"PRDM2"
"chr15",71447485,71448494,1010,3,0.00521949916005395,0.000475283312062677,-0.00761234563416976,-0.00593513080557016,"THSD4"
"chr3",13531410,13532463,1054,4,0.00522246879337021,0.00287969231135473,-0.00558943301396517,-0.00339924593680294,""
"chr8",6572587,6572777,191,2,0.00522909971795195,0.0014907172128119,-0.00675241297343076,-0.00620385530050075,"MCPH1, AC018398.2"
"chr10",44292249,44293179,931,5,0.00524367741010221,0.00355792445004999,0.00653918967824461,0.00411669553081399,"LINC02881, AL137026.1"
"chr19",7507687,7508080,394,3,0.00524609970414448,0.00158168350496568,0.00658286106864134,0.0045519059004217,"TEX45, AC008878.1"
"chr8",55102839,55103225,387,4,0.00524968999662948,0.00443336369717534,0.00827584910015256,0.00383520845955196,"XKR4"
"chr2",108583973,108584401,429,2,0.00525138199041613,0.00209954403069049,-0.00539371644980542,-0.00453969341575387,"LIMS1"
"chr3",72318683,72318920,238,2,0.00527020094957445,0.00182213407907182,-0.00623403781967722,-0.00615308595685317,"AC134508.2"
"chr1",175877241,175877751,511,2,0.00528634701680229,0.0012655173179392,-0.00392299659947422,-0.00319478340139262,"LINC01657"
"chr11",12829139,12829326,188,2,0.00528732474649828,0.00178053692001949,-0.007362751232637,-0.00669515395867148,"TEAD1"
"chr16",50549362,50549818,457,3,0.00528795575040423,0.00236653727779869,0.00723458889444664,0.00435911685541661,"NKD1"
"chr22",41196630,41196999,370,2,0.00529610546995229,0.00131875640649884,0.00482021699553352,0.00383529496859049,"EP300-AS1"
"chr17",1038142,1039080,939,3,0.00530714173903434,0.00059627005400614,-0.0075734579599055,-0.00571092161033919,"ABR"
"chr3",128094552,128095118,567,3,0.00531113057339589,0.00172370029349462,-0.00653931773348661,-0.00534527456780527,"RUVBL1"
"chr7",48664069,48664244,176,2,0.00531212143132737,0.00282119992495624,-0.00404174790058134,-0.00257573977059992,"AC091770.1"
"chr7",159011596,159012017,422,2,0.00531576801306385,0.0192751709651744,-0.00849376075253629,-0.00381165346003101,"LINC00689"
"chr8",126556083,126556405,323,2,0.00533404281625492,0.00149163269461818,0.00614239700303872,0.00553692625657668,"PCAT1, LRATD2"
"chr4",184746565,184747239,675,2,0.00533512552719488,0.00100247552894943,-0.00758006799836962,-0.00608438265114571,""
"chr12",119000286,119000990,705,4,0.00534893125721234,0.0250521463559826,-0.00818341583510469,-0.00398391928387198,"SRRM4"
"chr15",95556957,95557186,230,2,0.00535234553192348,0.00149371368608195,-0.00778707801443165,-0.00612395254878748,""
"chr11",113872598,113873523,926,2,0.00535414464811583,0.000837674343283289,-0.00543754247753053,-0.0051018263259571,"USP28"
"chr4",53365673,53366471,799,12,0.00536305888095427,0.115735895269692,0.00599448559752985,0.00113104442350078,"SCFD2"
"chr22",44330939,44331009,71,5,0.00537318156176848,0.000336466950951288,0.00611614765214602,0.00479226124839969,""
"chr6",131294680,131295253,574,2,0.00537350521601225,0.00160218601427742,-0.00521076872128772,-0.00469501797494944,""
"chr11",114256909,114257798,890,6,0.00538485093756555,0.000746961224794234,-0.00535776056977779,-0.00355438426719046,"NNMT, AP002518.2"
"chr8",123581074,123581517,444,2,0.00540457063043123,0.00938937956300379,-0.00866533510547531,-0.00386716746742735,""
"chr8",22864611,22865223,613,3,0.00540535290230092,0.00332341038206965,0.00603354760417003,0.0036506091330588,"PEBP4"
"chr19",15722967,15723399,433,4,0.0054091847248288,0.00121233644350277,0.00723953356591341,0.00551992980143281,""
"chr2",17977442,17977467,26,2,0.00541173016967149,0.00242597847017096,-0.00743757442357659,-0.00592438707940637,"KCNS3"
"chr1",151372330,151372863,534,6,0.00543627447341713,0.000419712506789145,-0.00897855607816325,-0.00590282474369791,"SELENBP1"
"chr2",236642313,236643215,903,5,0.00543652813770829,0.000320776877723543,-0.00847483218179473,-0.00643313899742456,""
"chr19",35936819,35937617,799,4,0.00543687469232554,0.00305339281215372,0.00724403055469813,0.00416183005812606,"LRFN3"
"chr9",98944335,98944654,320,2,0.00544085248072927,0.00234813889053919,0.00626519737145351,0.00349142323013546,"COL15A1"
"chr7",69773108,69773707,600,3,0.00544369515479965,0.00124934208631198,-0.00722655544817519,-0.00572025399766954,"AUTS2"
"chr2",133673820,133674258,439,2,0.00544735520006328,0.00250520441109014,-0.00689169950486833,-0.00530217658633227,""
"chr6",2104088,2104319,232,2,0.00544781853141896,0.00127835140525622,-0.0103289343720107,-0.00871226007916693,"GMDS"
"chr13",32254136,32254622,487,3,0.00546017323596854,0.00083144378458065,-0.00499109438301065,-0.00422909266876671,"FRY"
"chr17",10198915,10199241,327,4,0.00546644819751383,0.00380856666034008,0.00647677123038093,0.00130263128284673,""
"chr11",4638359,4639070,712,4,0.00547283745910898,0.0133068719598317,0.0061718702576579,0.00239570329050193,"OR51D1"
"chr8",47734767,47736895,2129,9,0.00547588835732292,3.85707866737345e-05,-0.00716239651800442,-0.0049324351224812,"SPIDR"
"chr18",76697508,76697568,61,2,0.00549924864453667,0.00126508749699409,-0.00973174413041328,-0.00807429612188749,""
"chr11",7512586,7513098,513,6,0.00550811250136451,0.000828260258444247,-0.00665276633328641,-0.0044022465072357,"AC107884.1"
"chr14",50659400,50659579,180,2,0.0055096802377792,0.0189156910674841,-0.00583701817046392,-0.00299898362363986,"SAV1"
"chr10",128912427,128913040,614,4,0.00551019826580843,0.00451353591923081,0.00322773239004975,-0.000616293915354158,"LINC02667"
"chr1",19476839,19478075,1237,3,0.00552664781873783,0.00146395881023232,-0.00849276434319662,-0.00548528246932463,"CAPZB"
"chr12",124884974,124885031,58,2,0.00552872140046925,0.00136288370952747,-0.00562767689617727,-0.00442312137938003,""
"chr19",17862685,17863568,884,3,0.00553592506882765,0.00146124415157445,-0.00286568873293264,1.42206957248475e-05,"RPL18A, SNORA68"
"chr12",52151178,52151539,362,2,0.00553662703792391,0.015258635256106,-0.002580946140877,-0.00149769773098746,""
"chr19",55376336,55376778,443,7,0.00554301037111958,0.00108134873876182,-0.00684463426836637,-0.00401341529948861,""
"chr18",12304384,12305243,860,3,0.00554733545199494,0.000557684259112174,-0.00589608548424936,-0.00512708952141479,""
"chr1",99727922,99728742,821,3,0.00555746449236701,0.000726484058940498,-0.00791388195791167,-0.00611254634129319,"FRRS1"
"chr1",164058650,164058737,88,2,0.00556281509000404,0.0012342276261886,-0.00734399123491895,-0.00664366362645375,""
"chr7",129865526,129865563,38,3,0.00556416495703031,0.00118979249629601,-0.00757973101367636,-0.00592069737093685,"UBE2H"
"chr11",126132442,126132885,444,2,0.00556420524621214,0.00148417980944529,-0.00579952439548846,-0.00481056357719844,""
"chr2",42171175,42171909,735,2,0.00556782054171197,0.00171265726842463,-0.00448872476309954,-0.00411019785414784,"EML4"
"chr2",104701943,104702668,726,4,0.00557261626302975,0.00146162290669124,0.00692554463724576,0.00498233193319284,"AC068057.1, AC068057.3"
"chr6",125946551,125946693,143,2,0.00557261626302975,0.00288678364979477,-0.00750328200817122,-0.00579751911959053,""
"chr5",10301506,10302314,809,3,0.00557477541955035,0.00256481622950296,-0.0057717302416049,-0.00355136479059118,"CMBL"
"chr4",38365882,38366345,464,3,0.00557801832758766,0.00214825332205905,-0.00720755882047706,-0.00512746291699654,""
"chr2",85258377,85259264,888,4,0.00557940584784103,0.00163675786259957,-0.00631909716665214,-0.00433632151411883,"TCF7L1"
"chr17",75152385,75152999,615,2,0.00558033050478487,0.00114895543800574,0.00826110637781344,0.00677076383113011,"JPT1"
"chr2",6917022,6917264,243,5,0.00558466070980564,0.035256504094051,0.00606857014410822,0.00243412538227284,"GRASLND"
"chr10",119026342,119026662,321,2,0.00558572699234551,0.0014200988646928,-0.00723366064469601,-0.00672356849144769,"AL157388.1"
"chr2",237581932,237582176,245,3,0.00560084172222764,0.00104103933409546,0.00567895057395373,0.00501976243781514,"RAB17"
"chr20",19737087,19737237,151,2,0.0056102473429471,0.0014907172128119,-0.0110006764999749,-0.0074101473870158,""
"chr4",138056712,138056847,136,2,0.0056114372523281,0.00195358468862693,-0.00723201513545856,-0.00564823103350782,"LINC00616"
"chr16",3018013,3018848,836,13,0.00561666012998207,0.00979521966799204,0.00572293330400839,0.00178955404599395,"TNFRSF12A, CLDN6"
"chr20",3675427,3675764,338,2,0.00562780990796092,0.00397187465119255,0.00900698076852666,0.00594678900456486,"ADAM33"
"chr2",218402475,218403292,818,7,0.00562894949054484,0.00099517412901328,-0.00809773106294068,-0.0037867708630975,"CTDSP1, MIR26B"
"chr16",71564473,71565653,1181,6,0.0056401613838196,0.00518047769130324,0.00624807184992772,0.00307132474695794,"TAT-AS1, ZNF19"
"chr2",215434725,215435133,409,3,0.0056401613838196,0.00149082680715362,-0.0065562883280088,-0.00542716907095771,"FN1"
"chr19",11338481,11338488,8,2,0.00564097433272293,0.00158993554751817,-0.00688444352919564,-0.00676739167777204,"RAB3D"
"chr16",88778091,88778796,706,5,0.00564175397340613,0.000640304338982764,-0.00713657401230937,-0.00398155256650294,"PIEZO1"
"chr11",118917587,118918477,891,3,0.00564360935632739,0.000735345514413151,-0.00716290167099639,-0.00475348173514951,"BCL9L"
"chr11",19660201,19660412,212,4,0.00564534067444074,0.000950894037753144,-0.00768541017992851,-0.00643924479266559,"NAV2"
"chr9",7935705,7935778,74,2,0.00565195424556716,0.00166997848260543,-0.00862691170271906,-0.00627026262608996,"AL135923.2"
"chr6",27684447,27684575,129,2,0.0056640920531746,0.00131502845311317,0.00498831537346098,0.0046607678520344,""
"chr10",96991288,96991610,323,3,0.00566462990347471,0.00276557174501442,-0.00795129000191814,-0.00544177904456673,"LCOR"
"chr3",15287391,15287806,416,4,0.00567462583831267,0.0038395453380318,-0.00803555268051642,-0.00512179625336595,"SH3BP5"
"chr10",132648107,132648274,168,2,0.00567698886670709,0.00147084836202097,-0.00642115617692118,-0.00620394783400511,"INPP5A"
"chr1",47435883,47436049,167,3,0.00568507012627245,0.0016449720207749,-0.00584914914800512,-0.00471084885396969,""
"chr14",68763193,68763585,393,2,0.0056856273148758,0.00262164616995916,-0.00704662886245696,-0.00544197667408965,""
"chr5",135028133,135029278,1146,7,0.0056899831661924,0.000823566331325003,0.00752423508593694,0.00492186150722852,"PITX1"
"chr18",23237794,23238388,595,4,0.00569136365748379,0.000532368668194162,-0.00805834708858943,-0.00602940448483846,"CABLES1, TMEM241"
"chr6",132089048,132089331,284,2,0.00569157614977836,0.00300034128117469,-0.00753468595004363,-0.00447206753474008,"AL021408.1"
"chr15",51341184,51342053,870,6,0.00569254681777508,0.00437724740828503,0.00547412734393904,0.00188354468846027,"GLDN"
"chr3",71422354,71423307,954,2,0.00569254681777508,0.00221311448961535,-0.00349731603506785,-0.00304852277441561,"FOXP1, AC097634.4"
"chr12",129830961,129831513,553,4,0.00570021258188484,0.00189535539676199,-0.0069556058885095,-0.000117245481840716,"TMEM132D"
"chr11",125166192,125166524,333,3,0.00570021258188484,0.0018136751374134,-0.00184336828454683,-0.00122848476981328,"PKNOX2"
"chr12",26109374,26109829,456,3,0.00570082265987782,0.00125892691191854,-0.00627057402403241,-0.00481428243249812,""
"chr14",91350888,91351283,396,2,0.005702842227548,0.00180292535091588,-0.00784767778929819,-0.00694018658267164,"CCDC88C"
"chr3",108103324,108103928,605,2,0.00571496677410099,0.00211016426696028,-0.00816256879097301,-0.0068147190298164,""
"chr6",147950135,147950712,578,3,0.00572065425088824,0.00071444403341724,-0.00658255214339877,-0.00471822986979821,"AL033504.1"
"chr8",66033550,66033953,404,3,0.00572273557075694,0.0063160854887756,-0.00790722986005039,-0.00405834441070104,"DNAJC5B"
"chr3",177592451,177592962,512,4,0.00572803048300321,0.00237060573149723,-0.00751511165594204,-0.00421342791998569,"LINC00578"
"chr7",149146528,149147166,639,5,0.00572894504602401,0.0121349691437815,0.00677363118034858,0.00386325251516824,"ZNF398"
"chr9",32292807,32292858,52,2,0.0057312625543789,0.00392851813277627,-0.00531698673055261,-0.00355964714452991,""
"chr9",136851670,136852339,670,7,0.00573442835343859,0.00313104075187601,-0.00578176053935003,-0.00360905103213925,"MAMDC4"
"chr1",173205511,173206189,679,8,0.00574113640058255,0.00062950775093666,-0.00649436508300114,-0.00397189169728361,"TNFSF4"
"chr19",16315843,16316422,580,2,0.00574324903860492,0.000975374483557123,-0.00673343353025918,-0.00561794575783697,"AC020911.2"
"chr17",10209825,10210497,673,2,0.00574579640758018,0.00191467482213443,-0.00733026908377536,-0.00625162232164351,""
"chr11",1354074,1354427,354,3,0.00576012541176223,0.00487856377365074,0.00539082257205397,0.00250599207476084,"LINC02689"
"chr3",87909228,87909855,628,3,0.00576736934698027,0.00835280972676857,-0.00619827608128024,-0.00383022612904584,"HTR1F"
"chr16",57528540,57529483,944,5,0.00577728468418259,0.000378582522722851,0.00887399899853446,0.00686911672451999,"CCDC102A"
"chr5",82858964,82859932,969,3,0.00577840554589296,0.000678294157955977,-0.00746832897979139,-0.00573737704172923,"LINC01338"
"chr3",129586880,129587709,830,4,0.00578247270545769,0.000704662841548225,-0.00720385065053841,-0.00481027624967482,"PLXND1"
"chr8",17001786,17002612,827,13,0.00579189896197912,9.52232206276253e-05,0.00770180708849432,0.00404854146864971,"FGF20"
"chr2",219254048,219254936,889,12,0.00579617781737071,0.000624898119496554,0.00263273770540849,0.00050901893544516,"TUBA4B, TUBA4A"
"chr16",73050981,73051193,213,3,0.00582418346225882,0.000940678682978949,-0.0070268871021051,-0.00628528507632867,"ZFHX3"
"chr16",51771439,51771480,42,2,0.00583307812052835,0.0016108275324489,-0.00615625808642575,-0.00415301617241949,"LINC01571"
"chr6",107361573,107362079,507,2,0.00584356868631558,0.00433292870281562,-0.00734253182012298,-0.00443086779292484,"PDSS2"
"chr7",103149159,103150051,893,8,0.00585015236586636,0.00276403708256466,0.00504215080231924,0.00215347539457047,"NAPEPLD"
"chr6",53302852,53303038,187,2,0.0058513514549484,0.00165755025776576,-0.00669325560550358,-0.00511660947103261,"ELOVL5"
"chr19",10120890,10121035,146,3,0.0058518851468033,0.00102049871009284,0.00636376393367833,0.00600704441634105,""
"chr8",98947202,98947920,719,5,0.00585378016768981,0.000996916845501856,-0.00775092259421899,-0.00539898672747439,"OSR2"
"chr12",91178365,91178499,135,3,0.00585465576428646,0.00116871307408685,-0.00684864636410562,-0.0063202475891766,"DCN"
"chr16",86806861,86807047,187,2,0.00585575086694349,0.00137083370043229,-0.00863510922213612,-0.00816108324962295,""
"chr16",89190304,89190638,335,2,0.00587373265671813,0.00272618266117049,0.00590887496520409,0.00470084829350492,"CDH15"
"chr14",36655108,36656792,1685,11,0.00587637928605237,0.000646409268924098,0.00834797832697094,0.00407112800977763,"AL132857.1, AL079303.1"
"chr19",8592526,8593032,507,5,0.00587854454287539,0.00573045323745515,0.00423053001121336,0.00181166662094677,"ADAMTS10"
"chr4",159686042,159686180,139,2,0.0058845575231261,0.00224960390415573,-0.0078332514394901,-0.00555274756144303,"LINC02233"
"chr9",706543,707387,845,7,0.005885978786828,0.000331432456263361,-0.00537868160724594,-0.00417147013841559,"KANK1"
"chr18",58176890,58177264,375,3,0.00593134809091037,0.00539100831911428,-0.00622852601191906,-0.0040296237785498,"NEDD4L"
"chr11",72997163,72997210,48,2,0.00593659443468798,0.00198308973485109,-0.00774890166908239,-0.00581822462446365,"FCHSD2"
"chr2",168113916,168114390,475,2,0.00593706667473707,0.00430532287920093,-0.00619515341561673,-0.00418409513427342,"STK39"
"chr10",13101286,13101470,185,2,0.00593706667473707,0.0026420678433713,-0.00632992957475903,-0.00610348677863188,"OPTN"
"chr19",35843879,35844418,540,5,0.00595641797398442,0.107471695702671,0.0101241235807856,0.00363838686611319,"NPHS1"
"chr11",121595721,121595920,200,3,0.00595933045512743,0.0296599904032269,-0.00621230543066006,-0.00305369242172921,"SORL1"
"chr12",94164960,94165275,316,2,0.00596031601492934,0.0115304226748923,-0.00623214528540809,-0.00411282585035354,"PLXNC1"
"chr4",73086299,73086544,246,2,0.00597463701682776,0.0014860123120453,-0.00540702167196784,-0.00364868280532381,"ANKRD17"
"chr12",124646519,124646688,170,2,0.00597839015809842,0.00183719685870198,-0.00798679213840026,-0.0069494032631006,""
"chr17",48050127,48051236,1110,5,0.00598662229172362,0.000354649944255953,-0.00736782939105264,-0.004416866189889,"NFE2L1"
"chr4",158810151,158810884,734,2,0.00598663019325891,0.00124900632837726,-0.00820256808466762,-0.00785536197125433,"FNIP2"
"chr17",79115176,79115939,764,5,0.00599277662549586,0.00438623257283597,-0.00708292657357656,-0.00394690493507953,"RBFOX3"
"chr7",157854351,157854762,412,7,0.00599848671547932,0.000268599454914123,-0.00599904554696849,-0.00424350497006022,"PTPRN2-AS1, PTPRN2"
"chr10",124523033,124523445,413,5,0.00600088222524519,0.000502347030095622,-0.00647010987475788,-0.00540213674653256,"LHPP"
"chr2",134392028,134392095,68,2,0.00600088222524519,0.00126995277540462,-0.00307047812311337,-0.00282848850798981,"MGAT5"
"chr4",7103170,7103846,677,5,0.00600773034815395,0.00302970932668194,0.0059470084900469,0.00383236698114802,"LINC02447"
"chr9",90970567,90970626,60,2,0.00601194090173626,0.00169571469827605,-0.00573536443590432,-0.00454924690718925,""
"chr6",166488300,166488366,67,2,0.00601622122997327,0.00178140790062956,-0.0071782728681135,-0.00508667345977495,"RPS6KA2"
"chr17",38872042,38872724,683,4,0.00602101484819704,0.000592616007904042,-0.00626385537804823,-0.00445949464965963,"LASP1"
"chr15",90214809,90215069,261,3,0.0060278931911942,0.000750636131393023,-0.00639133764623545,-0.00489865958382018,"SEMA4B"
"chr4",15421173,15421514,342,3,0.0060329989127081,0.00394114890633803,-0.00582932781935419,-0.000762236632352534,"C1QTNF7, C1QTNF7-AS1"
"chr3",154971482,154972374,893,3,0.00604672496568391,0.0503664827278153,-0.00997691018599049,-0.00374280284337543,""
"chr10",60572594,60573101,508,9,0.00604807827867204,0.000572947122065412,-0.00396172789183565,-0.00264417348711866,"ANK3"
"chr2",130371994,130372558,565,4,0.00604852424131061,0.000720685843922649,0.00644196015985097,0.00281212904987871,"PTPN18"
"chr14",92459839,92460139,301,2,0.00605027407904695,0.00138844577010359,-0.00429242157904604,-0.00351586590102547,"SLC24A4"
"chr5",142108033,142108636,604,9,0.00605113946436688,0.00574505139279547,0.0100478923992404,0.00209112172250179,""
"chr11",125976940,125977342,403,2,0.00605113946436688,0.0456529168415182,-0.00628762190859543,-0.0031138197051886,"CDON"
"chr8",22526754,22527297,544,3,0.00605715169266702,0.00397880602612327,-0.00643260689180356,-0.00386243704106759,"PPP3CC, AC087854.1"
"chr5",10400842,10401231,390,3,0.00605731790379283,0.00108875185013573,-0.00559629726167545,-0.00372058081366709,"MARCHF6"
"chr12",94793159,94793548,390,2,0.00605741417500067,0.00160218601427742,-0.0069387005735907,-0.00603350858236653,""
"chr10",103676488,103677047,560,3,0.0060602154042969,0.00124166552538377,-0.00551550744765416,-0.00443162466221786,"SH3PXD2A"
"chr15",55277056,55277772,717,3,0.0060602154042969,0.0222778548773945,-0.00738135394658993,-0.00378045053696122,"RAB27A"
"chr10",110273865,110274782,918,2,0.00607247712881463,0.000420012737909068,-0.00845993725303328,-0.00696190729309592,"MXI1"
"chr1",121519102,121519606,505,3,0.00607993804062394,0.00362545336922324,0.00595633383283125,0.00298582726440507,"EMBP1"
"chr5",95646085,95647069,985,12,0.00608410673984578,0.00264815266025527,0.00662160624440698,0.00136136565920859,"RFESD"
"chr1",47231991,47232849,859,12,0.00609071102306367,0.000300139145647599,0.00417654125178697,0.00205953451334429,"TAL1"
"chr10",14578077,14578432,356,2,0.00609071102306367,0.00643490571956187,-0.00743864620410412,-0.00399678985453672,"FAM107B"
"chr1",32336336,32336711,376,9,0.00609281780321283,0.00112888796187977,0.00513136214243119,0.00285429015719319,""
"chr18",23311917,23312092,176,2,0.00610310456578346,0.00163626068134608,-0.0046054698970354,-0.00424099964970305,"TMEM241"
"chr13",23715917,23715987,71,2,0.00610403822692635,0.00169571469827605,-0.00469028627760556,-0.00468310118144796,""
"chr3",150062149,150062613,465,2,0.00610541160017044,0.00243840621427849,-0.00533501908587323,-0.00435591435443526,"AC117386.2"
"chr9",91770898,91771230,333,3,0.0061077870193481,0.00418435326422631,-0.00752076642235007,-0.00531293610250262,"ROR2"
"chr16",81723462,81723593,132,2,0.00611437831407229,0.00129193260709231,-0.00420330516758987,-0.00412980260173732,""
"chr12",22544546,22545334,789,11,0.00611917823584538,0.00446041331100335,0.00563001631949711,0.0012191159679619,"AC053513.1, C2CD5"
"chr22",23893185,23893636,452,3,0.00612163283288152,0.0325579548185307,-0.00496899561469348,-0.000840404822261287,"AP000350.4"
"chr7",117182429,117182723,295,3,0.00612181258261287,0.00584959614043343,-0.00468072678760935,-0.00334264971526134,"ST7"
"chr4",128387234,128387263,30,2,0.00612288004069541,0.00192638521545836,-0.00367132149944758,-0.00331119161164908,"LINC02615"
"chr6",31137560,31138511,952,15,0.0061336028293393,0.00690884961276374,-0.00670637043331835,-0.00242281293881357,"PSORS1C1, PSORS1C2"
"chr6",80143149,80143464,316,2,0.00616344041271029,0.00210133304370636,-0.00756187723155209,-0.00616630482132487,"BCKDHB"
"chr5",15694612,15695326,715,2,0.00618429993029341,0.000726484058940498,-0.0077640749118528,-0.00671922782973042,"FBXL7"
"chr14",70697503,70697841,339,2,0.00620021859434829,0.121641796588849,-0.00918831535278939,-0.0045470868448784,""
"chr6",85418299,85419379,1081,3,0.00620813317855343,0.00117784343600446,-0.00640765283250295,-0.00415228745579398,""
"chr9",98430012,98430510,499,2,0.00621696682613146,0.00219363485523804,-0.00677501842911365,-0.00512455525957989,"GABBR2"
"chr1",2922240,2922655,416,5,0.00621888004342754,0.00359894924586666,0.00737421770087246,0.00151947285965293,""
"chr5",72452725,72453410,686,3,0.00624031570152122,0.00137083370043229,-0.00836730506523698,-0.00617927845423134,"ZNF366"
"chr8",141278117,141278747,631,3,0.00624031570152122,0.00388025129759978,-0.00496046965374261,-0.00255200036187054,"AC011676.3, SLC45A4"
"chr8",66111220,66111576,357,2,0.00624802992615473,0.00237485276917515,-0.00460946583815995,-0.00354739254119398,""
"chr4",139279911,139280797,887,12,0.00624970394835604,0.00580102623637169,0.00786827908690354,0.00280780038197531,"MGARP, NDUFC1"
"chr3",113515663,113516411,749,4,0.0062521700057804,0.00486910651139946,0.00674155292989596,0.00340098172936537,""
"chr6",33322504,33323242,739,23,0.00625475707368364,0.00232842901710493,-0.0035172547049859,-0.000724532105649906,"DAXX, SMIM40"
"chr7",112866573,112866935,363,2,0.00626310962531552,0.00310998337629265,-0.00939194625418887,-0.00636146167782619,"AC002463.1, BMT2"
"chr8",30556094,30556790,697,5,0.00626559645533138,0.00218580054749767,0.0063991184862079,0.00369888837258234,"RBPMS"
"chr15",100350702,100351052,351,5,0.00627641358789368,0.000336240256746368,-0.00638773158165742,-0.00454630674103934,"SPATA41"
"chr11",124114068,124114145,78,2,0.00627726419598929,0.00236168646607855,-0.00586242501237266,-0.00560701976051866,""
"chr2",105375681,105376138,458,3,0.00628419406163864,0.00718351286580439,-0.00812816978844983,-0.00387299787269129,"AC108058.1, FHL2"
"chr11",67277203,67277706,504,3,0.00630224855590175,0.00127625614009651,-0.00726264217464,-0.00538223306712048,"GRK2"
"chr14",58635001,58635555,555,2,0.00630698190329448,0.00169603193552595,-0.00445459897867765,-0.00376974257547764,"DACT1"
"chr3",170908693,170909240,548,8,0.00631383205196633,0.0386128280419027,0.00882686898749517,0.00213236422234299,"AC061708.1"
"chr8",141228353,141228939,587,8,0.00631741763552352,0.00290695449907377,-0.00673437915158713,-0.00392419419564931,"SLC45A4"
"chr7",100120247,100120641,395,7,0.00631866290324409,0.000181559987491281,0.00531191052692664,0.00389798930828008,"CNPY4, AC073842.2"
"chr3",141287060,141287368,309,3,0.00632346421217703,0.00137083370043229,-0.00625055814054592,-0.00414665776310521,"PXYLP1, AC117383.1"
"chr10",18700050,18700168,119,2,0.00632713803977147,0.00336714692891811,-0.0069212970039203,-0.00450203024398718,""
"chr5",150617591,150618132,542,4,0.00633087310670715,0.0124533937759744,-0.00801813233062125,-0.00278494891550321,"SYNPO"
"chr5",67248989,67249655,667,3,0.00633722887535022,0.000706623329034716,-0.00779357826028022,-0.00608565644170301,""
"chr22",24977718,24977899,182,2,0.00633742517241495,0.00202557250682444,-0.00852908730270299,-0.00689160088328086,"KIAA1671"
"chr19",18097125,18097695,571,9,0.00633981482927442,0.00409628653336754,0.00853178819433861,0.00256697266087683,"IL12RB1"
"chr14",94110601,94111168,568,5,0.00634006169898051,0.00492069527834832,-0.00824985604133939,-0.00327014501660697,"IFI27"
"chr9",109441413,109441438,26,2,0.00636205122485118,0.00306685529508267,-0.00922486935044839,-0.00560947338591928,"PTPN3"
"chr9",69820660,69821938,1279,9,0.00637211337616033,0.00102652383058503,0.00630043138775679,0.00260911341108558,"C9orf135, C9orf135-DT"
"chr3",122921778,122922469,692,8,0.00638627495528227,0.0020737148947666,-0.00818728131186933,-0.00411516367571495,"SEMA5B"
"chr5",10607540,10607946,407,3,0.00638627495528227,0.000963892863404922,-0.00750264360551958,-0.00691653192228661,"ANKRD33B"
"chr10",114631708,114632447,740,9,0.00639644448101693,0.0231588224937499,-0.0026428063442143,-0.000830478099652014,"ABLIM1"
"chr8",100415335,100416217,883,3,0.00639644448101693,0.00526581321943813,-0.00670253812260892,-0.00493357653000393,"AP003472.1"
"chr19",47572916,47573749,834,4,0.00640532575418113,0.000848115303257827,0.00535760854472449,0.00408640317099672,""
"chr17",50930961,50931784,824,7,0.00641218479265002,0.000274676782950304,-0.0044350909374406,-0.00327550747033137,""
"chr7",153887497,153888283,787,7,0.00641313763410514,0.00229257138525478,0.00402568564376958,0.00163540164614905,"DPP6"
"chr7",116629079,116629362,284,2,0.00642297985622742,0.00143414606705716,-0.0070113717523044,-0.0064457114812239,"COMETT"
"chr19",14496785,14497280,496,3,0.00642823391264974,0.00141085074995217,0.00514389751905929,0.00439357619165076,""
"chr11",4607593,4608682,1090,13,0.00643148324738444,0.000197675749534082,-0.00534614092447425,-0.00116889282205856,"TRIM68"
"chr11",68004131,68004803,673,8,0.00643148324738444,0.0003211594890752,0.00609958902050669,0.00335736133491264,"UNC93B1"
"chr7",1931287,1931831,545,4,0.00643177781839616,0.0161527040676335,-0.00643860527687339,-0.0041453606015218,"MAD1L1, AC069288.1"
"chr15",58498879,58499058,180,2,0.00643307765860632,0.00157381489632133,-0.00742374563221607,-0.00631936013998756,"LIPC"
"chr14",52266401,52267094,694,4,0.00643844215243083,0.00157381489632133,-0.00449124132970667,-0.00434264314436409,""
"chr6",133892854,133893169,316,3,0.00643916022838196,0.0238548387042162,0.00865939410053885,0.00540547359744896,"TCF21"
"chr5",98786304,98786667,364,2,0.00643916022838196,0.00494718333527966,-0.00883613124689255,-0.00619102562727601,"RGMB"
"chr11",94171742,94172001,260,2,0.00643916022838196,0.00880470046525444,-0.00653165945295252,-0.0042198898309551,"PANX1"
"chr1",19468758,19468875,118,2,0.00645304647620166,0.00189091265965591,-0.00737730091163939,-0.00668644167355289,"CAPZB"
"chr19",41424989,41425848,860,2,0.00645304647620166,0.000953347392344097,-0.0044292012859769,-0.00395600750245512,"AC011462.1, BCKDHA, AC011462.2, B3GNT8"
"chr12",7060447,7061241,795,9,0.00645642829329129,0.000510069112407129,-0.00494379510695718,-0.0029544506985048,"C1S"
"chr2",179443001,179443248,248,2,0.00645642829329129,0.00147788396001222,-0.00810695084350834,-0.00612982932292458,"ZNF385B"
"chr15",41780097,41780489,393,2,0.00645813140522086,0.0106297340193053,-0.00846931624061951,-0.00537952510869211,"MAPKBP1"
"chr14",78711162,78711224,63,2,0.00646551962565781,0.00231897887339091,-0.00664654274347427,-0.00576858867680864,"NRXN3"
"chr7",51006369,51006414,46,2,0.00647418008728327,0.00141085074995217,-0.00586792672238709,-0.00562153217034135,"AC004830.2"
"chr12",123757517,123757755,239,2,0.00647418008728327,0.0188243426253563,-0.00530379330574315,-0.00329833308612431,"ATP6V0A2"
"chr17",13011519,13011710,192,2,0.00647772163131316,0.00133618182541569,-0.00511271313297337,-0.00433208071018699,"ELAC2"
"chr16",66521956,66522230,275,2,0.00647885149017171,0.00209806537756397,-0.0078754300337389,-0.0068697347381493,"TK2"
"chr16",54049264,54049811,548,2,0.00648309423342234,0.00208439105097193,-0.00734651452819588,-0.00567055314588869,"FTO, AC007347.1"
"chr12",54000332,54000756,425,4,0.00648483965689299,0.00319655460160334,0.00236598761676852,0.0012296417361451,"AC012531.3, HOXC6, HOXC9"
"chr10",26857977,26859076,1100,5,0.00650402025619785,0.00608770953352859,-0.00765902450504712,-0.00321875476560268,"ABI1"
"chr11",63872669,63873032,364,2,0.00652122849732878,0.00214397705004704,-0.00569633357797212,-0.00526489150750193,"MARK2"
"chr8",143367746,143367879,134,2,0.00654046683601663,0.00536913047385453,0.00414523647702769,0.00251296254786707,"RHPN1-AS1"
"chr1",209411605,209411965,361,2,0.00654270304201607,0.00174425218654597,-0.00723224808235846,-0.00704895944384818,""
"chr6",91299617,91299966,350,2,0.00655037970647115,0.00361083557607201,-0.00567832765940944,-0.00466104276278781,""
"chr1",229156565,229157127,563,2,0.00655262617729948,0.00237720903062409,-0.00538289481049769,-0.00472916535653535,"LINC02814"
"chr10",49768302,49769084,783,4,0.00655618525545776,0.0180156952877234,0.00694573277419739,0.00435333131234363,""
"chr2",216551415,216552543,1129,4,0.00657292995015613,0.000343758248997374,-0.00622759684892837,-0.00465930378465591,"RPL37A"
"chr1",94551852,94552577,726,3,0.00657324661923783,0.00113605369827555,-0.00488270275220313,-0.00349159951886446,""
"chr3",136957422,136958004,583,4,0.00657653716609355,0.00136334026565075,-0.00645031113480017,-0.0026298695824894,"IL20RB"
"chr6",122007807,122008980,1174,5,0.00657968839589222,0.000464849903100555,-0.00692327636860308,-0.00512142831413121,""
"chr15",101382351,101382622,272,2,0.00658550238702109,0.0041612156315874,-0.00765668155781087,-0.00443890212340155,"PCSK6"
"chr3",193778844,193779018,175,2,0.00658990033606046,0.00323773444720056,-0.00759868596877466,-0.00435368092297696,"AC069421.3"
"chr5",126490693,126491660,968,3,0.0065943835020635,0.00195209617288527,-0.00773132949731203,-0.00661741450867088,"GRAMD2B, AC093535.1"
"chr2",147990149,147990255,107,2,0.00659967396156148,0.0107396867752998,-0.00663275613801811,-0.00372901319934841,"ORC4"
"chr8",129948163,129948572,410,2,0.00660829689327614,0.00168435947295296,-0.00723051118148476,-0.00707701033712155,"AC022973.3, CYRIB"
"chr11",12008191,12008917,727,9,0.00661045277742479,0.000526651001578034,0.00557156237897385,0.000294194914261339,"DKK3"
"chr7",80078416,80078455,40,2,0.00662397895280271,0.00164725862827717,-0.00809808086820642,-0.00780088418854102,"GNAI1"
"chr6",155418216,155418701,486,3,0.00662912023915515,0.0012342276261886,-0.010896481146368,-0.00754238986831166,"NOX3"
"chr15",69466353,69466928,576,2,0.00663161701231401,0.00451835532751405,-0.00709821635221735,-0.00421412866524847,"DRAIC"
"chr15",62135350,62135697,348,2,0.00663498906551072,0.00219363485523804,-0.00617169063358041,-0.00498455467156745,""
"chr10",112956804,112957005,202,2,0.00663595333087656,0.00265725835037575,-0.00522632033943394,-0.00437473304150472,"TCF7L2"
"chr2",127673363,127674436,1074,4,0.00664053712655835,0.000377046107394372,-0.00580976117162724,-0.00489543111559336,"LIMS2"
"chr2",100958188,100958550,363,2,0.00664076013670843,0.00813608181605285,-0.00894284765833707,-0.00556725612631219,"NPAS2"
"chr5",137498605,137499188,584,7,0.00664259594718276,0.000515354598510714,0.00310271932310036,0.00207540200504834,"SPOCK1"
"chr11",66676166,66676403,238,2,0.00665638879928252,0.00199195164297617,0.00487788796271452,0.00395010954265854,"RBM4B"
"chr6",30102003,30102626,624,13,0.00665853732176013,0.00125271775168953,0.00737276845382226,0.00279770556753281,""
"chr6",25193063,25193207,145,2,0.00665858807817473,0.00192638521545836,-0.00693768301988743,-0.00672734810866788,"CMAHP"
"chr12",25089653,25090012,360,2,0.00666274079811665,0.0643912843585149,-0.00733666614625354,-0.00383001467672944,"IRAG2"
"chr12",53451822,53452007,186,6,0.00666721602025915,0.00191563463871162,-0.0013265657362746,-0.000477248611361903,"AC023509.1"
"chr8",1269933,1270276,344,2,0.00667342193264956,0.00308394757885373,-0.0074386941366843,-0.00606769287232181,"DLGAP2"
"chr9",125241843,125242494,652,4,0.00668143165724575,0.00128514304753385,0.0052766136990414,0.00303441675687301,"AL354710.2"
"chr15",63502147,63502536,390,2,0.00668246705858531,0.00248614718867755,-0.00635798513554673,-0.00376201532222736,"AC007950.2"
"chr11",1010712,1012101,1390,7,0.00670137827376928,0.000200733578208415,0.00274329447484496,0.00166434052122746,"AP2A2"
"chr19",16659613,16659981,369,5,0.0067269726535995,0.00154648373729121,0.00460869699227763,0.00100535115410806,"AC008764.4, SMIM7"
"chr9",7961008,7961264,257,3,0.0067269726535995,0.00213188724959408,-0.00537754593638502,-0.00363895360034868,"AL135923.2"
"chr11",65423354,65424236,883,4,0.00673893757911985,0.00102048615221793,-0.00949431562948981,-0.00773095060365265,"NEAT1, AP000944.4, AP000944.3, AP000944.2"
"chr18",77101445,77102695,1251,4,0.00674486016562132,0.000449304367994893,-0.00907910402571678,-0.00712985861778248,"MBP"
"chr11",118621748,118622681,934,4,0.00674927178426193,0.000779560412096461,0.00530203732163898,0.00416971627692732,"PHLDB1"
"chr7",33669237,33669717,481,2,0.00675930956491161,0.00135684436920959,-0.00732313614943929,-0.00664673015832499,"BBS9"
"chr4",73740390,73740748,359,4,0.00676372325944801,0.000536076880487944,-0.00684079318159889,-0.0048876768175688,"CXCL8"
"chr13",24459617,24460204,588,4,0.00677774841081715,0.00223762417147842,-0.00794090262797201,-0.00475805498634282,"TPTE2P6, PARP4"
"chr8",102862171,102862670,500,2,0.00679403731629337,0.00225798782666899,0.00845946590519973,0.00597435448457066,"AZIN1"
"chr1",2132360,2133002,643,5,0.00680433243458442,0.00391614222703471,0.00760168407313379,0.00441623440435654,"PRKCZ"
"chr3",196142188,196142920,733,5,0.00680433243458442,0.0079338326258595,-0.00386066531484983,-0.00145002634262326,"LINC00885"
"chr15",29687261,29687686,426,2,0.00680690026906719,0.0033001827217368,-0.00585750224073434,-0.00334537998578549,""
"chr1",156002953,156003495,543,3,0.00681441252913844,0.00187559354827704,-0.00660387861183696,-0.00452970053500943,"AL355388.2, ARHGEF2"
"chr14",22976785,22977037,253,3,0.00683511563730662,0.00124300473510892,-0.00728386305398159,-0.0053825173427339,"AL132780.3, AJUBA"
"chr1",118118523,118118677,155,2,0.0068395599309818,0.00146083283714231,-0.00815840984146404,-0.00811221308394032,"SPAG17"
"chr21",28228482,28228816,335,3,0.00684953412813221,0.00343350439307694,-0.00690300655717362,-0.00308569769198524,"LINC01695"
"chr17",64262025,64262293,269,2,0.00685039723782115,0.00293927986891574,-0.00307040536673129,-0.00306688316826868,"TEX2"
"chr15",53759042,53759704,663,8,0.00688123704753141,0.000419464643178882,0.00674040725993485,0.00309891799654977,"WDR72"
"chr1",88150480,88150895,416,3,0.00688123704753141,0.00275055565972602,-0.00670598454000276,-0.00523684970723933,"PKN2-AS1"
"chr10",5611985,5612162,178,2,0.00688597532797501,0.00152545560830162,-0.00551240089152193,-0.00446944031025363,"LASTR"
"chr10",88851847,88852154,308,6,0.00689641837470789,0.00412006767642834,-0.00739834240157519,-0.00313825102419797,""
"chr12",110548997,110549059,63,2,0.00690285704543314,0.00178140790062956,-0.0071184330532074,-0.00515627041473259,"PPTC7"
"chr2",64332138,64332690,553,4,0.00690425266696191,0.00173772740301145,-0.00674175548163699,-0.00259633237019265,"AC114752.1"
"chr15",33242668,33242955,288,2,0.00690844579491186,0.103967632741296,-0.00797630055170068,-0.00396168717389005,"TMCO5B"
"chr4",61772097,61772499,403,2,0.00692160210091872,0.0203913638167141,-0.00659985569523744,-0.00316519708821313,"ADGRL3"
"chr6",30171701,30172640,940,20,0.00692292481114153,0.000438169783543989,0.00864243379937179,0.00229298284062152,"TRIM15"
"chr3",71168050,71168519,470,3,0.00692652201872203,0.00867462305767243,-0.00526924006754934,-0.00337480663614133,"FOXP1, AC097634.4"
"chr6",1312587,1313260,674,4,0.00692928516067116,0.00301422798746343,0.00664976998163756,0.0035109381870394,"FOXQ1"
"chr5",67050506,67051336,831,2,0.00694042013624897,0.0012342276261886,-0.00542638125327369,-0.0033695540546082,"MAST4"
"chr13",37869875,37870876,1002,11,0.00694047512258137,0.00257993425062213,0.0055165281566868,0.00177290655025499,"AL356495.1"
"chr18",24214800,24215109,310,2,0.00694211994879532,0.00417266388539148,-0.00737949900050935,-0.0053313215180797,"OSBPL1A"
"chr6",159044493,159045030,538,3,0.00694464809413615,0.000841957473036236,-0.00925174385941227,-0.00728494927362133,"AL035530.2, TAGAP, AL035530.1"
"chr5",90585485,90585825,341,2,0.00694522176712535,0.00144452572585985,-0.00584639569533602,-0.00487221960187992,"ADGRV1"
"chr15",68058127,68058210,84,2,0.0069682766250593,0.00169912325919249,-0.00795989344200436,-0.00726189196429901,"PIAS1"
"chr2",109335809,109335811,3,2,0.00697121381321996,0.00159930606903764,-0.00905600833558889,-0.00765718328842253,"SH3RF3"
"chr6",22146953,22147853,901,6,0.00697430783939413,0.000223239242879519,0.00757853623861294,0.00661319922257192,"CASC15, NBAT1"
"chr20",56826862,56826958,97,2,0.00697528267372186,0.00197018659666622,-0.00734683894875495,-0.00712262542380515,""
"chr10",32056069,32056938,870,10,0.00697641582126532,0.0669765525464668,-0.00397674892971305,-0.00102629932900332,"Y_RNA, KIF5B"
"chr1",174874385,174874833,449,7,0.00697641582126532,0.000396760442699251,-0.00456193960215876,-0.00325233377539835,"RABGAP1L"
"chr17",74273889,74274305,417,5,0.0069778350613028,0.00230707974357313,0.00713902068687504,0.00396298585192681,"DNAI2"
"chr3",193781180,193781693,514,2,0.0069778350613028,0.00187595204560351,-0.00663665091884112,-0.00632253673521634,"AC069421.3"
"chr19",53865704,53866317,614,11,0.00699112405267226,0.00188492194763668,0.00561620890521685,0.00285131385302764,"MYADM, MYADM-AS1"
"chr3",187027459,187027854,396,2,0.00700209266346154,0.00199195164297617,-0.00607566438173315,-0.00598459282926856,"ST6GAL1"
"chr16",79640252,79640595,344,2,0.00700209266346154,0.0018239202595533,-0.00669757347294188,-0.00502042541430417,""
"chr4",152935351,152935695,345,2,0.00700652782792732,0.00203490604535668,0.00865492049862832,0.00767077464628698,"AC093599.2"
"chr20",33489713,33490160,448,9,0.00702167605973084,0.00121600292347588,-0.00208816572018609,-0.000993788696781615,"CBFA2T2"
"chr17",1230252,1230412,161,3,0.00702167605973084,0.00278718098751616,0.00844702942935364,0.0058009720123585,""
"chr7",30682704,30683027,324,6,0.00702583885690823,0.00159296182780157,0.00542645821789518,0.00313229412813953,"CRHR2"
"chr8",133293980,133294558,579,2,0.00704283701933006,0.00793857120972036,-0.00667471485245785,-0.00510690667754961,"NDRG1"
"chr14",103693660,103693739,80,2,0.00705184643446912,0.00155192802586068,-0.00606907616944866,-0.00495921901936252,"KLC1"
"chr6",165660703,165662032,1330,7,0.00705300181308524,0.0115749586767222,0.0060516067125957,0.00185578572087482,"PDE10A"
"chr15",99015490,99015792,303,4,0.00706003058571698,0.00156519241677576,0.00687155461418362,0.00473964610912226,"LUNAR1, AC036108.1"
"chr15",60612415,60612617,203,2,0.00706145655941419,0.00179632749705104,-0.00786163823597849,-0.00728059821301446,"RORA-AS1, RORA"
"chr10",63520713,63521035,323,5,0.00707257015937514,0.000610089929491251,0.00860687788915734,0.00584228082313989,"JMJD1C"
"chr15",80953525,80954357,833,2,0.00708034825049521,0.002150005067869,-0.00525796178658557,-0.00306844837795489,"MESD"
"chr7",127414025,127414478,454,2,0.00708578303261927,0.00460318421967275,-0.00829958057966691,-0.00568974223382575,"ZNF800"
"chr14",55780517,55781174,658,2,0.00708578303261927,0.00166784833851258,-0.00770214504942242,-0.00707168317483646,"LINC00520"
"chr11",67647712,67647723,12,3,0.00709055205579338,0.00100756632772495,-0.00598280990957221,-0.00428292083372857,"ACY3"
"chr10",126176084,126176182,99,2,0.00709460931625727,0.00238266370659231,-0.00858295070089376,-0.00688318464903709,"ADAM12"
"chr5",177087004,177087431,428,6,0.00709897880908353,0.00129653549303875,0.00462476776205431,0.00213635463186,"FGFR4"
"chr1",33363343,33364068,726,2,0.00709900038720563,0.00202840122680108,0.00815428160606674,0.00728388796145023,"PHC2"
"chr6",154411061,154411341,281,2,0.00711597740128203,0.00159274371991069,-0.0069090848677601,-0.0064174365022432,"AL357075.4, CNKSR3"
"chr9",18379295,18379640,346,2,0.00712547675184713,0.00153853908640439,-0.00636151304978553,-0.00496050514806994,"ADAMTSL1"
"chr3",5961396,5961714,319,3,0.0071339040722918,0.0297046072862679,-0.00492100575848346,-0.00286217657601533,""
"chr5",113249488,113250413,926,2,0.00714552480455638,0.000510838358852608,-0.00726995874896751,-0.00699520986225772,"MCC"
"chr13",100513785,100513810,26,2,0.007151154036405,0.00175397385630222,-0.00710425075286684,-0.00596552658856814,"PCCA"
"chr17",35795741,35796322,582,11,0.00715769998869742,0.0281135320502628,-0.00561633783724187,-0.00184758846634298,"TAF15"
"chr19",55703738,55704576,839,5,0.00715769998869742,0.000616568929870929,0.00491084318255379,0.00370342113212565,"EPN1"
"chr22",30304816,30305681,866,3,0.00717022183811803,0.00102652383058503,-0.00749542137681459,-0.00453513837099535,"TBC1D10A"
"chr18",7753488,7754311,824,3,0.00717477998484569,0.0102744170060021,-0.00585078144285861,-0.00308741441052892,"PTPRM, AP000897.2"
"chr1",200873017,200873762,746,5,0.00718016214356279,0.00081339403363209,0.00895554985793811,0.00493100505870212,"GPR25"
"chr16",54175271,54175867,597,4,0.00718016214356279,0.00103240299919598,-0.00711205502184721,-0.00346954237085984,""
"chr15",85479188,85479267,80,2,0.00718148312544163,0.00146124415157445,-0.00682734114319937,-0.00676575828744442,"AKAP13"
"chr7",8442364,8443051,688,7,0.00718185884156094,0.00136802946957252,0.0121450141578615,0.00635038663411593,"NXPH1"
"chr15",63045297,63045860,564,2,0.00718369061644366,0.00293055059997959,-0.00570909535202302,-0.00550912273040639,"TPM1"
"chr5",180648862,180649481,620,4,0.00719224167833636,0.000495907646268292,0.00588360523818913,0.00514273962368474,"FLT4"
"chr6",130132375,130132661,287,2,0.00719448354309474,0.0014606273012838,-0.00483991441942385,-0.00476519425790854,"L3MBTL3"
"chr1",94599353,94599418,66,2,0.00719727912749266,0.00239396299131369,-0.00866550350259411,-0.00773668178269575,""
"chr8",69491814,69492624,811,8,0.00719897580285089,0.00523029856717954,-0.00664340289158062,-0.00365541227111611,"SULF1"
"chr11",104892877,104893277,401,2,0.00720007832625022,0.00372831139723519,-0.00863603469293005,-0.00647355733290689,"CASP12"
"chr6",27680064,27680826,763,7,0.00720469682010981,0.000264185173822644,0.00568584855239384,0.00474749768687749,"AL009179.2"
"chr16",90020398,90020955,558,5,0.00720477729842597,0.000428049329679054,0.00619708701370634,0.00577771273789841,"GAS8"
"chr7",71132792,71133296,505,3,0.00721985858726232,0.00341305279029695,0.00504047338146527,0.00343703829807356,"GALNT17"
"chr10",99780024,99780375,352,2,0.00723536802100338,0.00163338460453431,-0.00610415275671065,-0.0048055555393888,""
"chr19",16603034,16603289,256,2,0.00724237568366565,0.00148396058126409,-0.00689441007363417,-0.00583362733072132,"AC008764.1, MED26, AC008764.4"
"chr16",68741315,68742106,792,2,0.00726131181063962,0.00125612673913905,-0.00732894906455775,-0.00586560091868664,"CDH1"
"chr17",27793344,27794905,1562,8,0.0072883378082455,0.000414872492775791,0.00638809911232807,0.00198889733902326,"NOS2"
"chr2",219358043,219358901,859,6,0.00729211193878721,0.00525373532017147,0.00893342053166683,0.00313421730646406,"AC053503.2"
"chr12",53232885,53233816,932,4,0.00729211193878721,0.000735345514413151,-0.00595973358877423,-0.00476543142815001,"RARG"
"chr2",135786989,135787345,357,2,0.00729211193878721,0.00339758643529149,-0.00798528999703009,-0.00429117375828448,""
"chr12",122080853,122081213,361,2,0.00730134930613944,0.00409241324344498,-0.00623552385290563,-0.00389660824348603,"MLXIP"
"chr4",164383291,164383703,413,8,0.00730179580190362,0.000914685110843021,0.00371919767021558,0.00121312961005036,"MARCHF1"
"chr11",57781216,57781797,582,4,0.00730352258106473,0.000772996410924668,-0.00532475664649618,-0.00421383363215542,"AP001931.2, AP001931.1, CTNND1"
"chr8",71009989,71010404,416,2,0.00732877725842192,0.0209717605738031,-0.00673798338908857,-0.00383736527850257,"AC015687.1"
"chr11",130050516,130050546,31,2,0.00733469989065635,0.00162079232696459,-0.00836659377967854,-0.00747755834137349,""
"chr6",27830677,27831154,478,3,0.00733846457480934,0.00171168827794913,0.00961199037771193,0.00603155456512562,""
"chr1",156465108,156466631,1524,4,0.00733889747567247,0.000158868700507506,-0.00709794197441238,-0.00535729902671515,"MEF2D"
"chr11",74808580,74808887,308,2,0.00734467400821469,0.0054362389449587,-0.00540679091667331,-0.00400727832248741,"RNF169, XRRA1"
"chr7",98134173,98134409,237,2,0.00736164795478712,0.00540281457920796,-0.0083565610594017,-0.00366016888177524,"LMTK2"
"chr7",149461094,149461395,302,6,0.00736503859798349,0.01411278826016,0.0065224170685375,0.00172035108310311,""
"chr6",71489934,71490111,178,2,0.00736606834808176,0.00149229784635053,-0.0075363294335779,-0.00728955505230994,""
"chr7",70706037,70706207,171,2,0.00737567699728663,0.00409729710227467,-0.00223460766903859,-0.000931572045197887,"AUTS2"
"chr14",95867645,95867870,226,2,0.00739886550937438,0.139016605023951,-0.00705807056231833,-0.00352494165543677,""
"chr2",85590136,85590375,240,2,0.00740169372947744,0.00229257138525478,-0.00717268754778148,-0.00636837099551635,"VAMP5"
"chr1",111895699,111896175,477,4,0.00740306658157707,0.00184738847418823,0.0054035691956657,0.0031301770992613,"KCND3"
"chr9",107638871,107638990,120,2,0.00743683692871929,0.0104040648772146,-0.00584074567478687,-0.00328732664636676,""
"chr20",14764968,14765404,437,3,0.00743794304537888,0.00380324111266386,-0.00912497097007737,-0.00542630341887127,"MACROD2"
"chr4",155376898,155378259,1362,11,0.00745716075712483,0.000635010806373264,0.00751884943146248,0.00165753300237691,"AC097467.3, MAP9"
"chr21",35039822,35040159,338,2,0.00746367219508352,0.0155009647435153,-0.00583770007410435,-0.00371859324342692,"RUNX1"
"chr6",53497242,53497442,201,2,0.00747092889151986,0.00278510800522424,-0.00504904134829324,-0.00380796983064029,"GCLC"
"chr3",99319907,99320082,176,3,0.00747262364070429,0.011383631145077,-0.00857028272306533,-0.00504010531623183,""
"chr12",48882512,48882604,93,2,0.0074763978615705,0.00195209617288527,-0.00851551081033774,-0.0071372129334058,""
"chr1",186296138,186296633,496,4,0.00748038307206101,0.00344264560648781,-0.00601787646359541,-0.00322684903425708,"PRG4"
"chr10",126171588,126171866,279,2,0.00751017560214651,0.0014907172128119,-0.00639333026355169,-0.00560318914310803,"ADAM12"
"chr12",56520369,56520982,614,3,0.007511664287405,0.00558243836539361,-0.00932001476746582,-0.00544089462496968,""
"chr4",104966859,104967414,556,5,0.00751481006367381,0.000705220359267347,-0.00848243968994792,-0.00549491644346257,"AC096577.1"
"chr17",4849273,4850386,1114,3,0.00752051234310208,0.00059351015017593,-0.00781802790060035,-0.00546909849386765,"MINK1"
"chr17",73174233,73174372,140,3,0.00752330701830213,0.00143325357838665,-0.00620307095074953,-0.00466267361469311,"AC097641.1, SSTR2"
"chr1",57424645,57424964,320,4,0.00752397048352498,0.00175531218440804,0.00433093060708238,0.0028698009495429,"DAB1"
"chr1",21338317,21338611,295,2,0.00753414463330602,0.00178386964478482,-0.00958505868800096,-0.00712420802340155,"ECE1"
"chr5",174617516,174618288,773,7,0.00754017267139552,0.00151486470572663,-0.00662927764917044,-0.00376262659548863,"AC108112.1"
"chr13",51591220,51591673,454,2,0.00754168419342508,0.00373434825962738,-0.00816441333419213,-0.00541822211367685,"WDFY2"
"chr19",47095425,47095825,401,2,0.00754486689686822,0.0538310360809734,-0.00777634001102606,-0.00451733755054032,"ZC3H4"
"chr2",100320610,100321334,725,5,0.00756442519324134,0.00204302717430495,0.00635320823174561,0.00456452265636961,"LONRF2"
"chr7",64875742,64876331,590,3,0.00757451137999661,0.00118226021766684,-0.00490345678054688,-0.00347981595562874,"ZNF273"
"chr19",55604897,55605384,488,5,0.00758285982022648,0.00505964303313302,-0.00198181497018312,-0.000345918967598069,""
"chr9",127528875,127529376,502,3,0.00758612895304913,0.00243240057137634,-0.00349648116488127,-0.00314318070795449,"NIBAN2"
"chr9",127112376,127112712,337,2,0.0075875665685964,0.00216220634389201,-0.00691371676285843,-0.00636568915825532,"RALGPS1, ANGPTL2"
"chr22",17980634,17980880,247,2,0.00759260294382221,0.00165100649524435,-0.00769456754595644,-0.00733732283172972,"MICAL3, MIR648"
"chr14",24092855,24093194,340,2,0.00761028703031934,0.0574477057778281,-0.00659788423747523,-0.00334490300448741,"NRL"
"chr1",14304703,14304792,90,2,0.00761624895253394,0.00171952078294703,-0.0081676513967342,-0.00796093805583723,"KAZN"
"chr2",7010494,7010588,95,2,0.00761738550004663,0.00156851518999143,-0.00782457726617162,-0.00687613200167383,"RNF144A"
"chr6",113571215,113571350,136,2,0.00763476731436016,0.00265056234857146,-0.00755312375714175,-0.00431257782091981,""
"chr1",225700261,225700416,156,3,0.0076396059420943,0.00103476933805255,-0.00665750811676628,-0.0052553630973185,"AC099066.2"
"chr17",77321864,77322800,937,6,0.00763967110158654,0.000390784278154868,0.00679397328741076,0.00440668512504717,"SEPTIN9"
"chr15",58064563,58065121,559,6,0.00764169088326396,0.00102475770788861,0.00638882499949699,0.00443165279079971,"ALDH1A2"
"chr7",136869605,136869984,380,2,0.00764566371968272,0.00293928092019919,0.00531750312788429,0.00421423498843761,"CHRM2, AC009264.1"
"chr19",38900804,38900954,151,2,0.00764566371968272,0.0033001827217368,-0.00537472738534667,-0.0046895590842543,"NFKBIB"
"chr12",8709474,8709710,237,2,0.00764769547745768,0.0023574393256748,-0.00714893935995773,-0.00690130215532365,"RIMKLB"
"chr16",8673849,8674843,995,10,0.00766983324117174,0.00305310878164979,0.00368513978388607,0.00178522781818289,"ABAT"
"chr2",163727898,163728125,228,2,0.00767802284596502,0.0020752423053045,-0.00741950146809458,-0.00671192435219396,"FIGN"
"chr1",8293261,8293481,221,2,0.00769031638404727,0.00160218601427742,-0.0058358190290894,-0.00501728771400171,""
"chr7",137949306,137949638,333,2,0.0077040438798347,0.00149699367564023,-0.00715276034695529,-0.00610468310949265,"CREB3L2"
"chr20",63832048,63832737,690,2,0.00775039622289465,0.000944968587487928,0.0097351790182398,0.00629313613153242,""
"chr6",149032721,149033241,521,3,0.00775855185703172,0.00453517360174939,-0.00937967473125261,-0.00599810404213112,"UST"
"chr16",52595082,52595477,396,2,0.00777109219618867,0.00139708913441344,-0.00719730374784082,-0.0063800692619339,"CASC16"
"chr15",81642200,81642788,589,3,0.00777162708810756,0.00329052587302432,-0.00630608283662619,-0.00383614895661771,"AC060809.1, AC023034.1, AC104041.1"
"chr16",20613123,20613710,588,5,0.00778617169756905,0.0014571495484339,0.00531840942930256,0.00336939350286894,"ACSM3"
"chr2",3256805,3257384,580,5,0.00778662528506246,0.00162655527280098,0.00588571488816301,0.00351927874705171,"EIPR1"
"chr8",2045413,2045778,366,3,0.00780732710085724,0.00304932514503081,-0.00690009140641857,-0.00582645918738043,"MYOM2"
"chr2",106887091,106887893,803,9,0.00781569561034298,0.0102008325471329,0.00760292310828037,0.0015445667905128,"ST6GAL2"
"chr16",86558782,86559046,265,3,0.00781793420539528,0.00295312284232058,-0.00833424697026161,-0.00439620527257761,""
"chr4",147733219,147734077,859,3,0.00782217801750832,0.00124915902184344,-0.00749797941599157,-0.00515415878533631,"ARHGAP10"
"chr13",44310014,44310976,963,3,0.00782646861090753,0.000678267628498127,-0.00748158322727596,-0.00708075586385954,""
"chr1",234899807,234899940,134,2,0.00783389218225521,0.00356315469146694,-0.00821221436541592,-0.00566170300897197,"AL391832.4"
"chr12",69988346,69988931,586,4,0.00783459797319918,0.00148664063846868,-0.00826928517493174,-0.00438607423102599,"PRANCR"
"chr10",86411352,86411562,211,2,0.00783873696924181,0.00156519241677576,-0.00691745447586544,-0.00683004222989839,""
"chr20",2821065,2821661,597,5,0.00784172546836005,0.000456695358162207,0.00655840027826849,0.00564981119584791,""
"chr4",7393063,7393885,823,7,0.00784205307830301,0.00066071454534377,-0.00583312239255757,-0.00377571700484643,"SORCS2"
"chr18",78736675,78736766,92,2,0.00784328341073525,0.00640785883953094,-0.00296676511494521,-0.00183421309950999,""
"chr6",41565575,41565658,84,2,0.00786235660851909,0.00145100656817607,-0.00793754435925862,-0.00539118298525272,"FOXP4"
"chr19",3055557,3055571,15,2,0.00788392786244102,0.00175980188979794,-0.00607383876037551,-0.00598168217414332,"TLE5"
"chr8",70216690,70217237,548,2,0.00788754836728687,0.00240595983223126,-0.00496725355659531,-0.00426590930357544,"NCOA2"
"chr8",143939081,143939764,684,5,0.00789607480994195,0.00126850072260139,-0.00874989064518624,-0.005465624269782,"PLEC"
"chr1",233704227,233704570,344,3,0.00793434197851524,0.0250254854299654,-0.00817200277065806,-0.00416716187508298,""
"chr6",158016624,158017331,708,10,0.00794765834778878,0.000707925320326519,-0.00667395741426177,-0.00464053527060522,"SYNJ2"
"chr20",20368524,20368977,454,4,0.00795304765096492,0.00227174897809306,0.00471142458648859,0.00237403910310665,"INSM1"
"chr19",55165426,55166046,621,3,0.00800180318358156,0.00870735021362228,0.00161280597109412,0.00103382704439139,"AC010327.4, DNAAF3"
"chr1",1069084,1069790,707,5,0.00800552334243129,0.0438274001845388,0.00667222643753512,0.00219170357814764,"AL390719.1"
"chr1",94298977,94299674,698,3,0.00802348274221998,0.00166256296696922,-0.00721618779790313,-0.00554907186703585,"ARHGAP29-AS1"
"chr20",46020885,46021810,926,10,0.00804589739471776,0.0295734871884427,0.0049893363718632,0.00134097526928405,"SLC12A5, SLC12A5-AS1"
"chr13",45550387,45550824,438,4,0.00804731754574456,0.120469949190286,-0.00380399621218196,-0.00151693479995002,"ERICH6B"
"chr11",297477,297917,441,2,0.00805782899863947,0.00229162464585124,-0.00691933388070455,-0.0057808320981676,""
"chr19",41926758,41927413,656,2,0.0080715749094392,0.00405949117239036,0.00807037259671601,0.00469279500010368,"ARHGEF1, ERFL"
"chr18",48107044,48107804,761,2,0.00808600174531382,0.00134060288098226,-0.00385089958041317,-0.00347531149662115,"ZBTB7C"
"chr13",40672808,40672949,142,2,0.00808798272024293,0.00243845092082195,-0.00877744868402777,-0.00615100877084877,""
"chr13",113881937,113882440,504,2,0.0080947484138584,0.00167128030939184,-0.00757569895798951,-0.00702153113122235,"LINC00454"
"chr4",153267042,153267248,207,2,0.00809538133354457,0.00420175533518877,-0.00718455174491039,-0.00509093013018807,"TRIM2, AC013477.1"
"chr3",71496382,71496468,87,2,0.00810997276705182,0.00155076763192884,-0.00746149161169288,-0.00737273557465632,"FOXP1, AC097634.4"
"chr6",118735010,118735028,19,2,0.00810997276705182,0.00166574214187565,-0.00726298157571877,-0.00719131173846399,""
"chr12",13203090,13203158,69,2,0.00816206082351685,0.00188332031548311,-0.00713641320983253,-0.00713390698061966,"EMP1"
"chr4",52751017,52752044,1028,12,0.00816365607165705,0.000474168738912214,0.00659180498417549,0.00337725265315939,"LINC01618, ERVMER34-1"
"chr13",50387292,50387535,244,2,0.00817669513457926,0.00245394141786106,-0.00838287908806891,-0.00686885451485101,"DLEU1"
"chr3",123404320,123404729,410,2,0.00818587011835734,0.00254403526836252,-0.00724564199951365,-0.00706571857425096,"ADCY5"
"chr14",36503999,36504486,488,4,0.00819514418807327,0.000713476040911324,0.00353694458577765,0.00245630757093169,"AL132857.1, SFTA3, SFTA3"
"chr5",138622666,138623334,669,4,0.00822665568556737,0.00470893477321334,-0.0075122349115704,-0.00265991860476386,"CTNNA1"
"chr3",40690904,40691392,489,2,0.00823778308588965,0.00311226685046405,-0.00720394244553534,-0.00660329674807829,""
"chr6",39824475,39824517,43,2,0.00824324133827469,0.00174735146464923,-0.00685649626443094,-0.00604715701949606,"DAAM2"
"chr3",178419213,178419258,46,2,0.00824421042399162,0.00161015090224909,-0.0079284990532016,-0.00726889211608656,"KCNMB2, AC117457.1, LINC01014"
"chr2",168244183,168244505,323,3,0.00826712934797989,0.00197629074693252,-0.00726552313768647,-0.00545807794513763,"STK39"
"chr6",41059358,41059677,320,2,0.00827390655766334,0.00564512624613512,-0.00727683746892646,-0.00496225330851253,"APOBEC2, OARD1"
"chr2",188974289,188974748,460,3,0.00827623190648753,0.00088181402821184,-0.0073728749726974,-0.00626983718883458,"COL3A1"
"chr10",3091364,3091543,180,2,0.00827623190648753,0.00206066811617296,-0.00737741499594346,-0.00669772537764622,"PFKP"
"chr1",59768947,59769517,571,3,0.00829988923191546,0.00163626068134608,-0.00411992069353177,-0.00185271514434565,"FGGY, AL035416.1"
"chr2",239201707,239202649,943,3,0.00830514478335213,0.00122943910209096,-0.00607900905371994,-0.00377009063482697,"HDAC4"
"chr10",104319164,104319541,378,3,0.00831476554435321,0.000921163308313392,-0.00732648183268324,-0.00593893614521379,"ITPRIP"
"chr22",19148725,19149331,607,2,0.00832210469661895,0.0222135984809735,0.00598954518613941,0.0034556872792302,"GSC2"
"chr4",173528865,173529571,707,6,0.00833599847477219,0.00515942750470491,0.00605405347358075,0.00241214410114122,"HAND2-AS1, HAND2"
"chr7",27361329,27361921,593,5,0.00833695299441997,0.00101502602069553,-0.00296267701668072,-0.00163690368228508,"AC004009.1"
"chr7",137983610,137984335,726,2,0.00833695299441997,0.00132404314364861,-0.00846493796464766,-0.00616685383124727,"CREB3L2"
"chr19",35845524,35845718,195,3,0.00834032861850268,0.00409628653336754,0.0028352186907253,0.00147166914313634,"NPHS1"
"chr6",38027396,38027678,283,2,0.00834255466712906,0.0263614982845723,-0.00793406339958628,-0.00379966329190816,"ZFAND3"
"chr8",18888419,18888496,78,2,0.00834519052692358,0.0090314799362134,-0.00333887186526447,-0.00228080520924329,"PSD3"
"chr12",6209239,6209254,16,2,0.00834715425200838,0.00341203681314778,-0.0027036176072981,-0.00194439189218455,"CD9"
"chr3",183162689,183162980,292,4,0.00834937716019924,0.00197135518550629,0.00655397992136876,0.0047414498818773,"LAMP3"
"chr15",63050589,63050600,12,2,0.00835324815144286,0.00176328079520616,-0.00474340194206063,-0.00430622500395975,"TPM1"
"chr8",102808386,102808943,558,3,0.00836219535895295,0.00101537003890341,-0.00773434112355075,-0.00517084650795084,"GASAL1"
"chr19",15010387,15010784,398,10,0.00837817513648297,0.00712173274570131,-0.00421305356802287,0.00145884030857796,"CCDC105, SLC1A6"
"chr7",28955842,28956258,417,4,0.00837817513648297,0.021956770318299,0.0102091097250909,0.00526327102366602,"TRIL"
"chr20",37521254,37521733,480,4,0.00838490909068956,0.00397635294823054,0.00731300685214677,0.00378918588959525,"NNAT, BLCAP"
"chr9",110742819,110743137,319,3,0.00838626287701457,0.0010573691951531,-0.00765840260482427,-0.00616881264051464,"MUSK"
"chr6",3053294,3053870,577,7,0.00841123011310923,0.0052111923127658,0.00651734975962896,0.00269488973413327,""
"chr2",72920352,72921100,749,4,0.00841409130579787,0.00452736187414483,0.00422576494081508,0.00280878583357626,"EMX1"
"chr10",61937485,61937508,24,2,0.00843349634215337,0.00155287657590102,-0.00650408948282454,-0.00628076615055844,"ARID5B"
"chr13",41645083,41645340,258,2,0.00843512650053304,0.002150005067869,-0.00700879229791829,-0.00471698066062719,"VWA8"
"chr16",78460366,78461411,1046,3,0.00844156947769138,0.00133777466528424,-0.00768403655613199,-0.00571467963213743,"WWOX"
"chr3",66822047,66822452,406,2,0.00845122983197141,0.00531008206182452,-0.00779846284372382,-0.00576756019869356,"AC098969.2"
"chr20",10467573,10468211,639,2,0.00847406362529548,0.00230036190748322,-0.00805782230689442,-0.00655445589656337,"SLX4IP"
"chr1",68177505,68178157,653,2,0.00847423978357843,0.00178126660657112,-0.00742725582891139,-0.00469717293418679,"GNG12-AS1, WLS"
"chr16",66266708,66266791,84,2,0.00847423978357843,0.00162079232696459,-0.00868062420806909,-0.00842954557510089,""
"chr19",58380737,58381251,515,9,0.00848191726995488,0.00175531218440804,-0.00156880864312793,-0.000361581337922648,"ZNF837"
"chr13",24745995,24746686,692,5,0.00849343800658008,0.00116255242048421,0.00798781398438402,0.00494589430937228,"IRX1P1"
"chr1",161201326,161201679,354,5,0.00849480442363728,0.000719048671872905,-0.00784682369896927,-0.00616298694300841,"NDUFS2"
"chr19",3687753,3688479,727,6,0.0084976369174161,0.000540392109281636,-0.00788563296472592,-0.00602665304901068,"PIP5K1C"
"chr20",3239919,3240441,523,6,0.00849847076066952,0.00571907070594568,0.00825415453730603,0.00472869045322676,"AL109976.1"
"chr9",33117071,33117748,678,2,0.00850067821780899,0.00136802946957252,-0.00848264167575644,-0.0081799040255454,"B4GALT1"
"chr17",68772091,68772390,300,3,0.00850500237412887,0.0043676748447133,-0.00749364612003805,-0.00444498562240659,""
"chr2",47368934,47369291,358,6,0.00851262107523684,0.00637976740756338,0.00567060454539362,0.00298528831138053,"EPCAM"
"chr16",30418390,30418827,438,5,0.00851851595119563,0.00059775840275547,0.00640313966190427,0.00363369402191429,"ZNF771"
"chr15",83734422,83734934,513,2,0.00851945614302637,0.00299495729608816,-0.00541854972402927,-0.00395577369941832,"ADAMTSL3"
"chr1",210343750,210343795,46,2,0.00852154416701813,0.00166717326582717,-0.00850971589835016,-0.00745351290759264,"HHAT"
"chr4",119284948,119285308,361,2,0.00852277530891088,0.00241995215272477,-0.00758650974249056,-0.00487611368836415,"USP53"
"chr2",168211684,168212251,568,3,0.00853508447981676,0.00598571476723178,-0.00698545837899397,-0.00458187051194311,"STK39"
"chr5",127648869,127649302,434,5,0.00853620976227573,0.00174980230032606,-0.00703502508802141,-0.00452131840236792,"CTXN3"
"chr10",13990690,13991092,403,2,0.00853717157802275,0.00209793478351805,-0.00834389207289099,-0.00628060797830204,"FRMD4A"
"chr6",30882430,30883309,880,12,0.00854326984079509,0.000183335542554029,0.00627320484916073,0.00347926702849429,"DDR1"
"chr6",107246432,107247254,823,2,0.00854723691972057,0.00144419155719221,-0.00755045971693458,-0.00631268116652024,"PDSS2"
"chr8",143940821,143941796,976,5,0.00855054246003402,0.00437935515725471,-0.00674846395439715,-0.00394145373642505,"PLEC"
"chr1",206583136,206583744,609,3,0.00855636199214253,0.002150005067869,-0.005524084910763,-0.00376680212467774,"RASSF5, EIF2D"
"chr16",3175354,3175592,239,6,0.00856314980893095,0.137584539305657,0.00672450014580042,0.0021462485967225,""
"chr10",132186254,132186896,643,9,0.00857875309206459,0.270631689448152,0.00616394529958116,0.0017836584801357,""
"chr12",45292336,45292992,657,4,0.00857875309206459,0.00679400533993794,-0.00747844095607672,-0.00346312463697402,"ANO6"
"chr6",40951318,40951320,3,2,0.00857875309206459,0.00156798151576976,-0.00692899411704026,-0.0065032859591401,""
"chr17",57597718,57598171,454,3,0.00858101117515664,0.00265725835037575,-0.00809636462953756,-0.00372283609546999,"MSI2"
"chr17",64007876,64008172,297,4,0.00858932331068683,0.00274691900984009,-0.00768169317927346,-0.00383145205732711,"ICAM2"
"chr10",118732626,118733122,497,2,0.00859070037942576,0.00379206753499727,-0.00236695622025539,-0.00207199861225845,"CACUL1"
"chr14",33692892,33693473,582,2,0.00859963656114656,0.00187595204560351,-0.00641528740847029,-0.00551092475291154,"NPAS3"
"chr2",74516310,74516775,466,4,0.00860528742480014,0.00332761590708204,0.00564886396133475,0.00382932844020727,"TLX2"
"chr7",6152149,6152463,315,4,0.00861345077318405,0.122656206346727,-0.00371742704149878,-0.00109003313943427,"USP42"
"chr15",90761794,90762533,740,6,0.00862937143544273,0.00564733707506947,-0.00629171835925853,-0.00353397985314029,"BLM"
"chr15",57590182,57590430,249,2,0.00863672210776707,0.00507769635428943,-0.0047477532339455,-0.00394854806977315,""
"chr16",71628119,71628141,23,2,0.00863948970194517,0.00195358468862693,-0.00413197287585655,-0.00367539940827019,"MARVELD3"
"chr12",124532110,124532588,479,3,0.0086402050895261,0.001106151094092,0.00683133987552195,0.00421206836522816,"NCOR2"
"chr1",235648511,235648980,470,7,0.00865621841044484,0.000397581506385958,0.007277474586475,0.00479009856462955,"GNG4"
"chr9",130185257,130186170,914,4,0.00868991119688993,0.00140320960628902,-0.00540449650819498,-0.00318508770164766,"NCS1"
"chr14",55382671,55382810,140,2,0.00870052409660515,0.0633161885787776,-0.00576579464073229,-0.00293823042691927,"ATG14"
"chr19",16584352,16584481,130,2,0.00870241722574853,0.00209793478351805,-0.00273470967167614,-0.00217785693194682,"AC008764.1, MED26, AC008764.4"
"chr16",52606271,52607244,974,3,0.0087031252792218,0.0010596435521582,-0.00509227401163457,-0.00390462946292313,"AC026462.3, CASC16"
"chr1",169105057,169105696,640,5,0.00871622873747811,0.00121233644350277,0.00568633081686026,0.00282401997866607,""
"chr15",27511826,27512484,659,2,0.00872620083999501,0.00155342502443164,-0.00762830365471938,-0.00490464948747303,"GABRG3, AC104002.3"
"chr16",6573697,6574292,596,8,0.00873516350614948,0.000647295425886601,0.00700249853853208,0.00365190028097036,"RBFOX1, AC007223.1"
"chr15",41660037,41660629,593,7,0.00876169666263196,0.042984202837474,0.00537170427538565,0.0021823970450298,"MGA"
"chr10",3714716,3714746,31,2,0.0087666581006499,0.00195870196089813,-0.00550849369211068,-0.00474104227395352,""
"chr5",34510662,34512233,1572,3,0.00877976728037629,0.00021740298532977,-0.00845663976508435,-0.00639493861467443,""
"chr7",106178519,106179128,610,3,0.00880934105151025,0.0020737148947666,-0.0064991249684977,-0.00390510275690438,""
"chr17",80920564,80920677,114,3,0.00882593762284464,0.00165110087099692,-0.00746508120237398,-0.00634687729236797,"RPTOR"
"chr11",6235353,6236032,680,5,0.00882931107305685,0.00985160253700068,0.00473660225913966,0.00159807554226077,"CNGA4"
"chr15",101724546,101725090,545,9,0.008833192672937,0.0118911752837631,0.00558620036423044,0.00124972658578493,""
"chr15",67147074,67147659,586,4,0.00888215444636361,0.000878590731660596,-0.00701485049702375,-0.00480450092657521,"SMAD3"
"chr10",104640119,104641066,948,8,0.00889603411483817,0.0190873326948162,0.00539097933621857,0.0016960521793002,""
"chr2",199463105,199463752,648,3,0.00889927487981219,0.0304122284057155,0.00505881207079044,0.00261747953316466,"SATB2-AS1, SATB2"
"chr7",33996952,33997734,783,2,0.0089284063261554,0.00112216739317591,-0.00543285092277846,-0.00426993004919565,"BMPER"
"chr2",172339812,172339903,92,2,0.00894650041893748,0.00160011048562665,-0.0093084537689736,-0.00847306337257851,"AC104088.1"
"chr10",4344610,4344634,25,2,0.00894782524683578,0.00220541973428374,-0.00858647095135179,-0.00714782573694851,""
"chr2",234633780,234634022,243,2,0.0089587355332214,0.00265056234857146,-0.00697009822518566,-0.00561799445488272,""
"chr19",53520478,53521395,918,15,0.00896817111427056,0.00353142077524949,0.00736666147293574,0.00068278592228206,"ZNF331"
"chr12",52494508,52494696,189,2,0.00896817111427056,0.00274263532761945,-0.00724101316311122,-0.00672836945780302,""
"chr10",72257158,72257364,207,2,0.00898843225913388,0.00262329623331837,-0.00825060194908931,-0.00625528963913061,""
"chr9",5557926,5558491,566,2,0.00899776642049246,0.0017552067311946,-0.00577551299091063,-0.00535221060307819,"PDCD1LG2, AL162253.2"
"chr6",161033736,161034322,587,4,0.00899990104106752,0.000860498618317274,-0.00628732406318578,-0.0043411688607845,"MAP3K4"
"chr20",50626077,50626441,365,3,0.00900450759581875,0.00652597901004272,-0.00716453382363325,-0.00495440880600775,"RIPOR3"
"chr18",9139652,9140612,961,2,0.00901782777733152,0.000640614541844256,-0.00728418390773351,-0.00613864768612059,"AP005263.1, ANKRD12"
"chr10",11515638,11515735,98,2,0.00902192090678195,0.0019075035919472,-0.00892949295278743,-0.00521888650661031,"USP6NL"
"chr18",59079522,59079863,342,2,0.00902548868090805,0.00527399077309014,-0.00531357847500742,-0.00294634778288217,""
"chr12",51048979,51049213,235,2,0.00902806351590886,0.0046949568279126,-0.00859216765513831,-0.006277970186636,"LETMD1"
"chr6",108166184,108166699,516,4,0.00903668064469608,0.00182213407907182,0.003013420288604,0.00186818713992578,"NR2E1"
"chr3",111762089,111762494,406,2,0.00903679863706185,0.00844317909916171,-0.00687744351004828,-0.00432539897052559,"PLCXD2, PHLDB2"
"chr21",44907805,44908191,387,2,0.00904728539145518,0.00231897887339091,-0.00796938747072616,-0.00669908887327305,"ITGB2"
"chr21",33412070,33412500,431,2,0.00904770757551552,0.00246381249159742,-0.0034624109470055,-0.00323654818501953,"IFNGR2"
"chr20",59221186,59221594,409,3,0.00905034289002802,0.00178140790062956,-0.00688671601289042,-0.0050091421474578,"ZNF831"
"chr8",27611167,27612156,990,11,0.00906363713035743,0.000390553923005693,-0.00648942283826362,-0.00330147490199918,"CLU"
"chr17",65558308,65558685,378,5,0.00909732139553433,0.000505507510700404,0.00675056626493142,0.0055064720465214,"AXIN2, AC004805.1"
"chr1",6582346,6582725,380,2,0.0091006632713434,0.0352022393538074,-0.00707252401476177,-0.00368703108872369,"ZBTB48"
"chr8",103020331,103020648,318,6,0.00910496884599282,0.000603697056880556,0.00632306055354165,0.00406598701909131,"AP003550.1"
"chr13",73694363,73694436,74,2,0.00910496884599282,0.0204575022883709,-0.00486029955227542,-0.00267482581417213,"KLF12"
"chr19",10517165,10518359,1195,12,0.00911288105154368,0.00167739045760821,0.00328699480146866,0.00127787432342634,"S1PR5"
"chr19",47416830,47418144,1315,6,0.00911288105154368,0.000114251217748477,0.00707400435355956,0.00561029362964083,"MEIS3"
"chr1",183235578,183235701,124,3,0.00911558166502263,0.00106433989950144,-0.00722078693708352,-0.00666533533404122,"LAMC2"
"chr7",99140991,99141375,385,3,0.00911558166502263,0.00124590363653284,-0.00838730328578526,-0.00542676476016796,"SMURF1"
"chr1",225429198,225429456,259,4,0.00911717171640402,0.0101347466657965,-0.00600607874912073,-0.00293317399842939,""
"chr11",34600430,34600948,519,3,0.00913760811135179,0.000963694750247845,-0.00686246080110841,-0.00513227051650206,""
"chr17",2394102,2394943,842,4,0.00914049664694078,0.0278509350711535,0.00603787059605571,0.00104361660011026,"MNT"
"chr14",54672951,54673285,335,2,0.00915329356248991,0.00198220690718129,-0.00577979681842749,-0.00534776755560042,"SAMD4A"
"chr14",90743020,90743780,761,2,0.00917279923298587,0.00171265587961722,-0.00718349792875188,-0.00674748860512937,"TTC7B"
"chr17",38750272,38750471,200,2,0.00917732407596702,0.00455974065420227,0.00297260102227706,0.00280185592583398,"AC006449.5"
"chr17",61252421,61252542,122,2,0.00918810358216455,0.00199069657636931,-0.00692572354033062,-0.00571309846160033,"BCAS3"
"chr7",99499448,99500263,816,5,0.00918829351417262,0.000717013671252441,-0.00131320746637771,-0.000705174729150399,"ZNF789, ZNF394"
"chr20",46558711,46558784,74,2,0.00919284333417462,0.00195470883059338,-0.00662807631427377,-0.00643552851343059,"SLC13A3"
"chr14",69008657,69008908,252,2,0.00921083922051663,0.00233386535285331,-0.0058096796542909,-0.00537164942786451,""
"chr16",57175786,57176395,610,5,0.00921134817863194,0.000627063567719137,-0.00627838404953176,-0.00366581932309255,"PSME3IP1"
"chr8",23709797,23710428,632,7,0.00921348777840689,0.0167340060584584,0.00758334709954666,0.00289889407430171,"AC012574.1"
"chr13",44439521,44439888,368,2,0.00921348777840689,0.00192626662413446,-0.00712193749006929,-0.00510906602891895,"AL139184.1, TSC22D1"
"chr21",41425541,41425661,121,2,0.00922687422454368,0.00379388678033267,-0.00723680841622283,-0.00421071515346754,"MX1"
"chr16",83803703,83804235,533,4,0.00924040085973468,0.00367169949204469,-0.00604199727814296,-0.00418798995104082,"AC009119.1"
"chr13",98173738,98173943,206,2,0.00924684054532962,0.00219167875173179,-0.00764938120743551,-0.00542138166892685,"FARP1"
"chr14",68307296,68308016,721,2,0.00926146123492699,0.00108679637601032,-0.00577642886134323,-0.00473716483033416,"RAD51B"
"chr4",112521095,112521648,554,6,0.00926308843544331,0.00109564928636261,0.0071358930312771,0.00475396204776762,"NEUROG2-AS1"
"chr3",172074698,172074755,58,2,0.00926343475804495,0.00401396329319976,-0.00755149877582185,-0.00488231402642478,"FNDC3B"
"chr14",101480831,101481192,362,3,0.00926779355329732,0.00109413879174989,-0.00823589390568033,-0.00666208302593179,""
"chr11",118636455,118636726,272,3,0.00927917425594715,0.0210719084387044,-0.00526012096719508,-0.003399526127261,"PHLDB1, AP000941.1"
"chr19",18896502,18896787,286,5,0.00928320758814135,0.00228002457774715,0.00651565526025096,0.00342002325634101,"CERS1"
"chr1",27871863,27872945,1083,12,0.00928458864459171,0.00198220690718129,0.00381593612299608,0.0017217648759664,"THEMIS2"
"chr6",6689323,6690040,718,2,0.00929176199976463,0.00195470883059338,-0.00682178418695352,-0.00602827727411404,""
"chr6",32079316,32079934,619,5,0.00931151104573023,0.0551207021479046,-0.00702801526670982,-0.00158835221868009,"TNXB"
"chr3",71007045,71007400,356,2,0.00932480530124218,0.00158263187368812,-0.0047334535009979,-0.00380034671265886,"FOXP1, AC097634.4"
"chr10",123151034,123151518,485,3,0.00933850776495385,0.00238520352071054,-0.00621448396076754,-0.00425560440395333,""
"chr1",1780091,1780582,492,6,0.00935244015648333,0.00035878221753487,-0.00714154303101398,-0.00404130938637094,"NADK"
"chr15",36471108,36471324,217,3,0.00935477352534621,0.00175185391116544,0.00427814050881857,0.00283659778353597,""
"chr6",149243132,149243288,157,2,0.00935642122528621,0.00231337861007055,-0.00602240552970474,-0.00530070882435102,"AL031056.1, TAB2"
"chr12",14892789,14892930,142,2,0.00937180272674254,0.00245922148077643,-0.00773171964698962,-0.00748504994014927,"C12orf60"
"chr1",11188980,11189704,725,6,0.00937467510512684,0.000563763146589258,-0.00586098936732504,-0.00369263589648786,"ANGPTL7, MTOR"
"chr8",33514351,33514883,533,5,0.00937809702812227,0.0111718074678204,0.00809742409198029,0.00412130685156513,""
"chr16",89256676,89257625,950,6,0.00939399238233765,0.002200182608452,0.00692390845373696,0.00345672166945316,""
"chr1",211975416,211976081,666,3,0.00940438765935282,0.00124166489234102,-0.00712782723888551,-0.00522941052492792,"INTS7"
"chr9",3469353,3469707,355,2,0.00941612980996468,0.00509988135562573,-0.0057876875886429,-0.00401489356375801,"RFX3"
"chr2",101960935,101961564,630,3,0.0094350752267789,0.00133590233334335,-0.00827369110950236,-0.00643028153122213,""
"chr4",125101305,125101728,424,2,0.0094350752267789,0.00497753408691662,-0.008016638349104,-0.00436001375213584,""
"chr10",132540728,132540818,91,2,0.00943768323528912,0.00254306006900399,-0.00731682596204238,-0.00724645491323469,"INPP5A"
"chr11",7674202,7674567,366,6,0.00946960944557868,0.000529986380936196,0.00613568563101148,0.00460213026592707,"CYB5R2"
"chr7",155533789,155534550,762,7,0.00948298653181749,0.000726484058940498,0.00549850824407454,0.00312403872847254,"CNPY1, AC009403.2"
"chr18",59264850,59265761,912,5,0.00948318759868743,0.00118226021766684,0.00707528321353018,0.0031820199245217,""
"chr15",69117494,69117536,43,2,0.00949211435321305,0.00178468865454222,-0.00656069295375233,-0.00603105675942561,""
"chr22",41367089,41367941,853,12,0.00949446195946471,9.02606676568035e-05,-0.00451577569418902,-0.00190594888542709,"TEF"
"chr4",186500851,186501189,339,7,0.00954971993178941,0.000270927395947767,-0.0061264699260317,-0.00480087731502926,"RNU6-1055P, F11-AS1, AC018709.1"
"chr12",57535105,57535983,879,3,0.00955138118353136,0.0013952014162429,-0.00675708884200591,-0.00519383215936598,"DCTN2"
"chr1",203463860,203464287,428,2,0.00956036906428646,0.0052111923127658,-0.00848910007128046,-0.0069359626995881,""
"chr9",97900387,97900657,271,5,0.00956689395322402,0.00105535976606985,-0.00649614731658343,-0.00405868407353322,""
"chr15",99486165,99486662,498,4,0.00956840308089148,0.00272319936024061,-0.0027171645745269,-0.00206549627682064,""
"chr11",116773887,116773991,105,2,0.0095755870583507,0.00344853706993526,-0.00938166783421373,-0.00580805103848288,"AP006216.1, ZPR1"
"chr2",231900464,231901044,581,5,0.00958365332985971,0.00231660052428358,0.0094628071628207,0.00427888569346251,""
"chr6",45988396,45988770,375,3,0.00958365332985971,0.00206066811617296,-0.0043607625560771,-0.00189080223356078,"CLIC5"
"chr13",27954132,27954337,206,3,0.00959677135160826,0.00344483538122602,0.00628189504924317,0.00455540724076236,"LINC00543"
"chr12",262750,263093,344,8,0.0095998598144355,0.0013166966056243,-0.00753696964344566,-0.00372714168370135,"SLC6A13"
"chr6",34142840,34143306,467,3,0.0095998598144355,0.00377174141287448,-0.00645180140119438,-0.00471205102177582,"GRM4"
"chr3",85560499,85560519,21,2,0.00960680352035534,0.00178239237325051,-0.00781386103281748,-0.00709797588307455,"CADM2"
"chr19",49866291,49866295,5,2,0.00963370153112085,0.00244901849079943,0.00548917078557751,0.00453699171452798,"PNKP"
"chr2",9941403,9941941,539,4,0.00965069578729924,0.000956199246138707,-0.00612856835405717,-0.00358572805915299,"AC010969.3"
"chr12",63981548,63981862,315,2,0.00966216599683751,0.00225529028477193,-0.00836492920502477,-0.00572482407899151,"SRGAP1"
"chr11",74717503,74718037,535,3,0.00967526210456563,0.00114662602693049,-0.00402709509685022,-0.00382093788892386,"CHRDL2"
"chr17",1484628,1485190,563,3,0.00967775470995175,0.00103476933805255,-0.00466017712531022,-0.00406075351935936,"MYO1C"
"chr2",241049464,241049962,499,3,0.00968156100144425,0.0015134476595234,0.00577284543285839,0.004399431636811,"SNED1, SNED1-AS1"
"chr2",64797975,64798597,623,2,0.00968156100144425,0.00187356636523771,-0.00739413582908089,-0.0063051892466607,""
"chr6",133889808,133890079,272,3,0.00969499107678812,0.00378458601587475,0.00580761947797847,0.00346524358302976,"TCF21, TARID"
"chr16",30445833,30446576,744,15,0.00971081024704125,0.00241558864683939,0.0053293949979701,0.00104005806255575,"SEPHS2"
"chr11",326987,327178,192,3,0.00971478880953893,0.000997782283149483,-0.00654497271232266,-0.00446421816183477,"AC136475.5, IFITM3"
"chr16",70754919,70755125,207,4,0.00972063418115107,0.000627020268203375,-0.00722679456727928,-0.00619602734073674,"VAC14-AS1, VAC14"
"chr17",48089390,48089392,3,2,0.00974346958734864,0.00192981231791729,-0.006985015826223,-0.00599223754528893,"CBX1"
"chr15",48603352,48603436,85,2,0.00974434274819928,0.00470733568691498,0.00706538014942424,0.00459354612932181,"FBN1"
"chr6",113968126,113968805,680,3,0.00974448000743248,0.00206431793289518,0.00534851889601444,0.00455976881790188,"HDAC2"
"chr1",100387391,100388139,749,2,0.00974754768419644,0.0016639869674267,-0.00538633724089735,-0.00534996863045998,"CDC14A"
"chr12",43551877,43552195,319,4,0.00975540828436568,0.000683561196905165,0.00631252820813017,0.00372127183903755,"ADAMTS20"
"chr1",94063262,94064211,950,4,0.0097613833302778,0.00101502602069553,-0.00702636980406337,-0.00437450048196418,"ABCA4"
"chr21",26000072,26000146,75,4,0.009763045522187,0.00107506093549484,0.00426690726118564,0.00225820490176706,"APP"
"chr12",117143190,117143288,99,3,0.0097821246911637,0.00176271605778934,-0.00619494296354867,-0.00394087467480722,"FBXO21"
"chr11",125777338,125777487,150,2,0.00978728971290329,0.00181834011701827,-0.00608195554578774,-0.00560449829008173,"PATE2"
"chr6",1618579,1618927,349,4,0.00979032091527275,0.00111853203436837,-0.00691565530834317,-0.00600487266983262,""
"chr9",76458639,76459226,588,10,0.00979424367851407,0.147897499636089,0.00725595025176948,0.00237149663691326,"GCNT1"
"chr3",177320958,177321226,269,2,0.00980387113663582,0.001865162983245,-0.00717950601660298,-0.00698300404858329,"LINC00501"
"chr8",22439595,22439907,313,2,0.00980598427894681,0.0244379887379566,-0.00739972632004197,-0.00333333932172601,""
"chr1",9495283,9495632,350,5,0.00983437961248,0.222488124125152,0.00729387966408152,0.00283738884892767,""
"chr11",130638250,130638562,313,3,0.00984185520523349,0.00138785524893442,-0.00676671545589779,-0.00643167422333609,""
"chr11",102007289,102007637,349,2,0.0098436473329194,0.00321173528397533,-0.00744418158099954,-0.00542125495256937,""
"chr12",98418917,98419339,423,2,0.00984709525261578,0.00202699473731008,-0.00735281594559543,-0.00666363158673958,""
"chr1",94658321,94658505,185,2,0.00985655943113629,0.00231897887339091,-0.00617499135798249,-0.00549413904654323,"SLC44A3-AS1"
"chr16",27212320,27212416,97,2,0.00985655943113629,0.00239396299131369,-0.00649750750410709,-0.0061745213268909,"KDM8"
"chr5",141135094,141135242,149,5,0.00987666841382803,0.000429012742621634,-0.00458673257993448,-0.00312709057355879,"PCDHB5, AC244517.2"
"chr4",38078853,38079178,326,2,0.00987718033524399,0.00169174932774378,-0.00753772989762573,-0.00728784049352986,"TBC1D1"
"chr2",174663269,174663615,347,2,0.00989074332451449,0.0186497584091085,-0.00348321741697556,-0.00229520475951786,"AC010894.2, WIPF1"
"chr11",134071310,134072133,824,2,0.00989870020877117,0.00124051429509795,-0.00649133241029837,-0.0058992774804587,"JAM3"
"chr17",76682053,76682754,702,2,0.00989870020877117,0.00183946160659208,-0.00801437166060816,-0.00777110634446107,"MXRA7"
"chr1",207812077,207812168,92,2,0.00990188999528569,0.00217152291906947,-0.00683573616482272,-0.00657586145715552,"MIR29B2CHG"
"chr1",93768324,93769664,1341,4,0.00990243918538494,0.000411047566628431,-0.00711753569430079,-0.00603714858336971,"BCAR3"
"chr1",52632627,52633185,559,4,0.00993575730120133,0.00310080422674463,0.00668446889272512,0.00294376172590051,"SHISAL2A"
"chr11",34342023,34342239,217,2,0.00993764906561894,0.00201707505035125,-0.00698097687971761,-0.00622334378929024,"ABTB2"
"chr1",25743189,25743952,764,5,0.00994043336406593,0.00123970121204168,-0.00543446210935398,-0.0037741768613099,"MAN1C1"
"chr12",93145129,93145185,57,2,0.0099551957601724,0.0020549405455002,-0.00752152589432784,-0.00572632339356976,"AC138123.1"
"chr17",877598,877835,238,6,0.00996968873069306,0.00178140790062956,-0.00392813171240498,-0.00144905976294316,"NXN"
"chr9",96619802,96620405,604,6,0.00998509013546996,0.00465885025881479,0.0042016809746354,0.00197944021650246,"CDC14B"
"chr9",89364234,89364821,588,3,0.00999745777379444,0.00169973099183141,-0.00370179098465454,-0.00216896385212433,"SEMA4D"
"chr22",24516233,24516372,140,2,0.010010614911279,0.00290695449907377,-0.00649190266213239,-0.00437299076240167,"UPB1"
"chr11",134360115,134360437,323,3,0.0100119652154051,0.0227610248010001,-0.010378570830677,-0.00588201024910837,"GLB1L2"
"chr1",164720393,164720762,370,2,0.0100120881418292,0.0192479145186351,-0.00848243120400922,-0.00488362920019975,"PBX1"
"chr10",18400106,18401019,914,11,0.0100353517653666,0.000185140788622902,-0.005285985926102,-0.00296946913335506,"CACNB2"
"chr12",93563962,93564348,387,2,0.0100540121508246,0.00509348157913823,-0.0036273953522577,-0.00300852226480149,"SOCS2-AS1"
"chr2",241273702,241274306,605,2,0.010058745753203,0.00516502393943974,-0.00138632723089043,-9.19548561890187e-05,"HDLBP"
"chr8",27514830,27515284,455,2,0.0100663271592017,0.00179254443823981,-0.00515753884498911,-0.00378111125835556,"EPHX2"
"chr16",86577443,86578407,965,7,0.0100691601579473,0.000495907646268292,-0.00620451683471083,-0.00460430139583815,"FOXL1"
"chr7",54339113,54339311,199,3,0.0100713963073457,0.00120014992948516,-0.00713709741391441,-0.00644699522222965,"LINC01445"
"chr1",3906198,3906301,104,2,0.0100733842955669,0.00187541663383614,-0.00457625629182774,-0.00425794236680721,"LINC01134"
"chr20",49604597,49604662,66,2,0.010077596157309,0.00184805213616641,-0.00570337828597569,-0.00524587021052976,""
"chr6",159981748,159982149,402,2,0.0100779238045059,0.00213653236979062,-0.00871740666227855,-0.00736546392383809,"IGF2R"
"chr8",65841515,65842235,721,10,0.0100971126627856,0.0664014620954812,0.000651284705047438,1.29548002892331e-05,"PDE7A"
"chr18",8794254,8794906,653,4,0.0101004804046744,0.0262261518880209,-0.0057394411874934,-0.00223534992529482,"MTCL1"
"chr8",55772047,55772345,299,4,0.0101118370144904,0.00822145816675414,-0.00242559919822071,-0.0014795873027753,"TMEM68"
"chr9",97602746,97603174,429,2,0.0101184985149212,0.00189393124357633,-0.0030055199938438,-0.00237959848849765,"TSTD2"
"chr11",118971416,118972222,807,8,0.0101218396953611,0.00614565382047202,0.00480083647942253,0.00221024719741732,"FOXR1"
"chr6",2436908,2437429,522,3,0.0101357108502796,0.00147936476224517,-0.00640713074893927,-0.00271722165429461,"GMDS-DT"
"chr8",103371185,103371570,386,8,0.0101365434208088,0.00156625012898424,0.00768255859724536,0.00240390437177789,"CTHRC1"
"chr10",75099166,75099683,518,7,0.0101667365492299,0.00427812547714638,-0.00523900913861677,-0.00310334839785485,"SAMD8, DUSP13"
"chr1",151197716,151197830,115,2,0.0101691310221386,0.00155806503578004,0.0054455359468573,0.00432182540380106,""
"chr1",54641048,54641748,701,4,0.0101710974036171,0.00532804967682698,-0.00568186326531237,-0.000708347669456873,""
"chr15",64013716,64014102,387,2,0.0101979457856865,0.00184455663821588,-0.00746296917671796,-0.00721469786686152,"DAPK2"
"chr10",132411714,132412033,320,3,0.0101981187576184,0.00117091764583096,-0.00611359140977893,-0.00561607386014586,"PWWP2B"
"chr15",65077463,65078010,548,3,0.010211261316618,0.00737554258912941,-0.00318129756990326,-0.000136143186870654,"KBTBD13"
"chr3",32818512,32819061,550,4,0.0102146830690198,0.0342382798429836,0.00813428701330002,0.00398832698261504,"TRIM71"
"chr6",44342361,44342903,543,7,0.0102154372658247,0.000588411960995844,0.00596750234689941,0.00450760010304877,"AL353588.1, SPATS1"
"chr16",4380286,4380291,6,2,0.0102165120847921,0.00181181251235233,-0.0071369011834228,-0.00711463892277629,"VASN, CORO7-PAM16, CORO7"
"chr1",32901202,32902287,1086,5,0.0102185596413827,0.189592387826459,0.00765528726084159,0.0025905764985347,"TMEM54"
"chr10",3807968,3808397,430,3,0.0102189204981688,0.00227054082767196,-0.00707525626970472,-0.00633908585061368,""
"chr12",40010864,40011156,293,3,0.0102189204981688,0.00365467415033549,-0.00685043368104552,-0.00447410534040302,"SLC2A13"
"chr20",2006406,2006637,232,2,0.0102292237069399,0.017301391541422,0.00561829592989318,0.00238229028485315,"PDYN-AS1"
"chr17",2692407,2692518,112,2,0.0102330397867969,0.00220289236843567,0.00304657179893134,0.00204398917901503,"CLUH"
"chr14",53571718,53572222,505,2,0.0102477434539199,0.00264950024509231,-0.00886503912539116,-0.00596269740699347,"AL365295.1"
"chr9",122227997,122228506,510,7,0.010253469208296,0.00173547910845723,0.00493857257994939,0.00166100721845053,"LHX6"
"chr22",36375011,36375586,576,4,0.0102537547370319,0.0778356330491558,-0.00593084771408535,-0.00323781480528642,"MYH9"
"chr10",129394840,129395008,169,3,0.0102576937445979,0.00181278796243294,0.00626814840855124,0.00523036938747368,""
"chr6",134517312,134517711,400,3,0.0102606101995408,0.00233210176770029,-0.00760948247302259,-0.00533128108680347,"CT69"
"chr8",57366969,57367112,144,2,0.0102606101995408,0.00194997459444884,-0.00780386657346342,-0.00678254941499848,""
"chr8",87043756,87043819,64,2,0.0102606101995408,0.00236128831266442,-0.00451600043906416,-0.00370559559526383,"CNBD1"
"chr15",28059829,28060266,438,2,0.0102606101995408,0.00444419010125972,-0.00912740707249503,-0.00538346258323215,"OCA2"
"chr4",168480252,168481046,795,8,0.0102633881979702,0.000278121287936033,-0.00413863148533675,-0.00308606050947318,"DDX60L"
"chr2",205763631,205764590,960,11,0.0102654511105826,0.000306967311454263,0.00762105844199849,0.00472029798945433,"NRP2, AC007362.1"
"chr11",16791775,16792134,360,4,0.0102676935364118,0.00117840841983695,-0.00594543625213086,-0.00534334851381086,"PLEKHA7"
"chr3",129119507,129119733,227,3,0.010297364009905,0.00268091280386028,-0.00652074228973834,-0.00398819319663979,"RAB43, ISY1-RAB43"
"chr16",21663884,21664134,251,4,0.0103199775007481,0.00178140790062956,0.0068842821788589,0.00385268165036492,"OTOA"
"chr7",27123476,27124310,835,4,0.0103222462364042,0.00399257548527142,0.00813074862827485,0.00509503916164355,"HOXA-AS2, HOXA3"
"chr1",118989234,118990032,799,12,0.0103231267272332,0.000276202915543254,-0.00759432996420321,-0.00482123024978136,"TBX15"
"chr16",1483806,1483879,74,2,0.0103231267272332,0.00389904826324877,0.00449902752144325,0.00379850779878006,""
"chr12",117258449,117258625,177,2,0.0103236393670823,0.00516101132055737,-0.00766989989240873,-0.00469699589817081,"NOS1"
"chr20",57260775,57261168,394,2,0.0103385904711375,0.00300544585152499,0.00869310109109284,0.00819841486127621,"BMP7"
"chr17",82751274,82751481,208,2,0.01035247614471,0.00790487446884383,0.00863804217579452,0.00466324951763944,""
"chr1",241423799,241424302,504,6,0.0103542083843104,0.0255801926760658,0.00410012574739734,0.0019910339780775,"AL359764.2"
"chr4",27223665,27223955,291,3,0.0103583129808812,0.00175185391116544,-0.00500416052908219,-0.00412058603392074,"LINC02261"
"chr5",10479108,10479618,511,3,0.0103597136687266,0.00159296182780157,-0.00571905999341383,-0.00239018809569085,"LINC01513"
"chr8",80565937,80566099,163,3,0.0103624674611699,0.0010573691951531,-0.00826212812806758,-0.00681180321306967,""
"chr15",82572550,82572756,207,2,0.0103695180603164,0.00422265281286111,-0.00390305196493954,-0.00351426998726602,"AC245033.1, CPEB1"
"chr5",1672736,1673395,660,5,0.0103862524610768,0.566910786712748,-0.00734083591277263,-0.00205163202207897,""
"chr2",5707059,5707282,224,3,0.0103898414831582,0.00379208986135031,0.00124940143755306,0.000871316089729256,"AC010729.2"
"chr11",100340718,100341163,446,2,0.0103913658459675,0.00159296182780157,-0.00808547221339834,-0.00715482143091062,"CNTN5"
"chr5",177495905,177496027,123,2,0.0103949977727091,0.0125366351205516,0.00349617893474886,0.00106538334073561,"AC145098.1, PDLIM7"
"chr2",10057416,10057604,189,2,0.0104119268537662,0.00201927768972512,-0.00751680440000481,-0.00737394837451666,"CYS1"
"chr1",48182767,48182920,154,2,0.0104172414404617,0.0951197856731699,-0.00509842228767287,-0.00256695470421434,"AL109659.1"
"chr2",147487840,147488468,629,3,0.0104200833002707,0.00552903803802599,-0.00521037806590211,-0.00351391505313665,""
"chr7",16754453,16754998,546,3,0.0104205818687635,0.002152226819008,0.00823927188715979,0.00599840936467917,"TSPAN13"
"chr7",148722881,148722966,86,2,0.0104245387686926,0.00431882989596459,-0.00536274135852117,-0.00416082596130478,"CUL1"
"chr11",62025710,62025813,104,2,0.0104305008151877,0.00214362996224344,-0.00604000924955814,-0.00581877852861796,""
"chr11",120564171,120564851,681,11,0.0104326196381812,0.000534581818332501,-0.0031399988993366,-0.00152738361724662,"GRIK4"
"chr14",68884307,68884594,288,2,0.0104428326819729,0.00301752606055623,-0.00385080131239664,-0.00381943243201372,"ACTN1"
"chr13",43088213,43088568,356,3,0.0104468586796931,0.026398207331713,-0.00456170124469896,-0.00300165705514849,"DNAJC15"
"chr16",54932559,54933874,1316,6,0.0104535264394028,0.000182086654844877,0.00977054341200739,0.00601503999818134,"IRX5"
"chr16",55508418,55509254,837,10,0.0104546324975977,0.00651658373012628,0.00704611709182965,0.0023137950846431,"LPCAT2"
"chr10",132371019,132371043,25,2,0.0104602877803666,0.00183143420081939,-0.00467942309304066,-0.00401224130119066,"LRRC27"
"chr5",172772098,172772664,567,15,0.0105060799685664,0.000172569481163282,0.00818765444731595,0.00510722349759586,"AC022217.3"
"chr8",64579381,64580170,790,9,0.0105181668885687,0.19000174142331,0.00526035540956129,0.000810306223873467,"AC090136.3"
"chr12",51953067,51953400,334,6,0.0105315172747588,0.000480270959557715,0.00652139610432778,0.0048422796025477,"ACVR1B"
"chr2",216014180,216014376,197,4,0.0105388279244518,0.0811900360071542,0.00495587184346522,0.00177586963870658,"MREG, PECR"
"chr21",33025346,33026541,1196,12,0.0105462852754364,0.0118914274328456,0.0062880124823226,0.000960440492553999,"OLIG2, AP000282.1"
"chr6",139536547,139536890,344,2,0.0105887880104793,0.00589781357307973,-0.00718046249077856,-0.00321381626066921,"AL592429.2"
"chr17",5035357,5035750,394,6,0.0105907228196588,0.0026526933448646,0.00475557598056968,0.00222992002109084,"SLC52A1"
"chr20",3673857,3674259,403,3,0.0105914760063939,0.00175350700939534,0.0073088254058231,0.00497511429885109,"ADAM33"
"chr15",90933597,90933980,384,4,0.0105922723575608,0.00487212133653904,-0.00697028058760656,-0.00265384726846038,"UNC45A, HDDC3"
"chr19",18459496,18459947,452,4,0.0105922723575608,0.00187819523381357,-0.00598762509342948,-0.00393729817911792,"ELL"
"chr12",108852727,108852736,10,3,0.0105981701890841,0.00115005437076825,-0.00631369968281288,-0.00584097595518805,"SSH1"
"chr10",44979678,44979844,167,3,0.01060126346924,0.00484207430468752,-0.00373314580881704,-0.0026570351460312,"RASSF4"
"chr4",139295109,139295123,15,2,0.0106125017232251,0.00380856666034008,0.0059040532859115,0.00550394414296003,"NDUFC1"
"chr5",50751278,50751498,221,2,0.0106125017232251,0.00204004274195384,-0.00543415949270811,-0.00436768436439956,"PARP8"
"chr9",93184609,93185114,506,7,0.0106209324570887,0.00061426376852158,0.0102501334484819,0.00797870128777954,"WNK2"
"chr3",52454021,52454213,193,4,0.0106209324570887,0.00299445919945568,-0.00462066620472532,-0.00379478573611045,"TNNC1"
"chr7",113085844,113086034,191,2,0.0106212624664869,0.00266808299558532,0.00785553645084098,0.00633886414457523,"GPR85"
"chr15",70807517,70808000,484,2,0.0106231239855401,0.00389689945535995,-0.00750244012262764,-0.00564173409185894,""
"chr10",124627192,124627416,225,3,0.0106342169250498,0.00239396299131369,-0.00828204250316758,-0.00574423951403127,"AC068896.1, FAM53B"
"chr6",36206891,36207241,351,2,0.0106342169250498,0.00306252404392848,-0.00324337861715752,-0.0027010242174175,"BRPF3"
"chr10",125154011,125155141,1131,3,0.0106769532742941,0.00156519241677576,-0.00372473086715028,-0.00298583419222242,"CTBP2"
"chr11",27234913,27235064,152,2,0.0106769532742941,0.00249832044320709,-0.00615592330888467,-0.0050095561269706,""
"chr17",29639278,29639722,445,2,0.010679757008661,0.00268225516892428,-0.00702453423995295,-0.00614660150474978,"ABHD15-AS1, AC104564.1, SSH2"
"chr3",107063564,107063742,179,2,0.0106828442974486,0.00206667877850457,-0.00792700066754884,-0.00514084488434701,"LINC00882"
"chr11",62646550,62646820,271,8,0.0106900990953584,0.027986130575006,-0.00240831198516793,-0.000655010976098119,"GANAB"
"chr1",231806409,231806649,241,2,0.0107198530672462,0.00666078806608442,-0.0062272174862581,-0.00341381725624107,"TSNAX-DISC1, DISC1, AL136171.2"
"chr8",48577024,48577427,404,2,0.0107198640961984,0.00176328079520616,-0.00593105275859685,-0.004542370199223,"AC022915.2"
"chr8",127845511,127845677,167,2,0.0108088065351361,0.00226351870656013,-0.00638012784442456,-0.00504049023559842,"PVT1"
"chr6",111484644,111485294,651,3,0.0108114806225413,0.00114519376995574,0.00513635769977309,0.00432971945228693,"TRAF3IP2-AS1"
"chr10",103145630,103146049,420,2,0.0108176283203672,0.00195064559658172,-0.00597508699258777,-0.00560777001876518,"NT5C2"
"chr4",3294009,3294556,548,3,0.0108231252061418,0.00119213145774587,0.00525059326349283,0.00426627270827633,"RGS12"
"chr2",241898875,241899339,465,4,0.0108325370320707,0.00281292977972023,-0.00853788148298856,-0.00474830918358825,"LINC01237, FAM240C"
"chr14",101563773,101563944,172,2,0.0108325588784206,0.0123740805535968,0.00340313009133048,0.00202665072438142,""
"chr3",189170545,189170708,164,4,0.0108328442290151,0.00284356154572888,-0.00611096716945983,-0.00411356325343439,"TPRG1"
"chr6",28757922,28758180,259,3,0.0108472714526505,0.0032041557947582,0.0094362838351329,0.00526272745350956,""
"chr9",20242732,20242986,255,2,0.0108624910507429,0.00592522243235395,-0.00690861092157414,-0.0050738370997342,""
"chr2",11398751,11399163,413,5,0.0108761834495903,0.000648121145532517,-0.0062571724364198,-0.00511172611314632,"LINC00570"
"chr2",236171624,236171892,269,4,0.0108761834495903,0.00487327530507989,0.00483183992157517,0.00317872612960476,"AC019068.1"
"chr2",169363553,169363878,326,4,0.0109362320989753,0.000632706696994648,0.00491468883390698,0.00418697173875704,""
"chr2",216259169,216259504,336,3,0.0109531341101242,0.0100478495936956,-0.00317523682184953,-0.00163107442795229,"MARCHF4"
"chr14",74551528,74552203,676,3,0.0109817675293367,0.00379947536845725,-0.00629555618987643,-0.00453177422378275,"AC013451.1, LTBP2"
"chr10",60905647,60905856,210,2,0.0110014612243792,0.00196669242575599,-0.00757685944613376,-0.00743651325629517,"RHOBTB1"
"chr11",64571719,64571725,7,2,0.0110312810516816,0.00178053692001949,-0.00630868791143645,-0.00543505635232907,"SLC22A11"
"chr7",29381350,29381853,504,2,0.0110320787587823,0.002787213015967,-0.00721544658470817,-0.00687963522326449,"AC004593.2, CHN2"
"chr6",40733074,40733541,468,3,0.0110396129883122,0.00941833555850478,-0.00739877400303503,-0.00468029948734514,""
"chr13",20189024,20189318,295,4,0.0110444713579104,0.0155164300008808,-0.00556375307164562,-0.00232804753542169,"GJB2"
"chr15",81133954,81134479,526,10,0.0110488854484889,0.00399257548527142,0.00578340802361299,0.000210191263696984,"CFAP161"
"chr14",60658286,60659202,917,6,0.01104970944923,0.000340621801040289,-0.007006017899024,-0.00570709967975944,""
"chr19",47275460,47275547,88,2,0.0110594336663672,0.00446637807616724,0.00589565676148928,0.00496872278940999,"INAFM1"
"chr18",3027691,3027996,306,2,0.0110707515361825,0.00272006069261869,-0.00416040624307787,-0.00410350864346084,""
"chr5",173244523,173244751,229,3,0.0110744424478924,0.00218752750943523,0.0082576048807772,0.00469532749362699,""
"chr2",54580046,54580149,104,2,0.0111142910403703,0.00189280961273851,-0.0077732373434004,-0.0074470462684566,"SPTBN1"
"chr2",235859185,235859905,721,2,0.0111142910403703,0.0012286070895381,-0.00834192177952546,-0.00787580796957997,"AGAP1"
"chr19",17234995,17235698,704,4,0.0111144238489418,0.0804970136918781,0.00570228649825285,0.00193637002427699,"NR2F6"
"chr1",55429201,55429280,80,2,0.0111376640529056,0.0020737148947666,-0.0073319789058233,-0.00714695079487029,"AL603840.1"
"chr12",24836101,24836384,284,2,0.0111403815159542,0.00303347568547495,-0.00725401907698557,-0.00423625734535336,"AC023796.2, BCAT1"
"chr14",77555015,77555293,279,4,0.0111520681147011,0.00327052184855955,-0.00693895655173286,-0.00300875247293091,"SPTLC2"
"chr6",32150427,32151264,838,15,0.0111567116690802,0.000566737609114098,0.00939351944108815,0.00422003670737051,"PRRT1, AL662884.4"
"chr17",52389996,52390434,439,2,0.0111733123798913,0.00983853788202244,-0.00764322927863078,-0.00406094199339892,""
"chr14",75886704,75887096,393,2,0.0111900913547648,0.00229162464585124,-0.00678501651883009,-0.00503196461385343,"TTLL5"
"chr1",240769200,240769264,65,2,0.011205582742283,0.00205093538757191,-0.00655573113722996,-0.00555253932495573,"AL365184.1"
"chr14",53190955,53191042,88,2,0.011205582742283,0.00206473899301691,-0.00542317062598915,-0.00514907457166002,"AL365295.1"
"chr1",164562792,164562859,68,2,0.0112083840488514,0.00251279123813877,-0.00723965894979307,-0.00711172617273594,"PBX1"
"chr14",54001391,54001626,236,2,0.0112164637089141,0.0133049450624399,-0.00459399541668663,-0.00294331598253734,""
"chr12",130818471,130819448,978,9,0.0112283227286259,0.000308268199981589,0.00936346037797522,0.0049642318422234,"STX2"
"chr18",26689610,26690127,518,5,0.0112283227286259,0.00294725270305161,-0.00582764028843907,-0.00255734240236442,"AQP4-AS1, AC012588.1, PCAT18"
"chr21",41715694,41716127,434,4,0.0112285534405031,0.00107018660999476,-0.00591605976073287,-0.003859129010486,"LINC00112, LINC00479"
"chr6",133895782,133896104,323,3,0.0112526679521055,0.0337377083340168,0.00293695393685837,0.00138229716142534,""
"chr11",79501537,79501592,56,2,0.011252894644858,0.00207184486314099,-0.0073622151198487,-0.00687993950765269,""
"chr7",50528583,50528839,257,2,0.0112603787292231,0.00254403526836252,-0.00552915445146525,-0.0034614699073419,"FIGNL1, DDC"
"chr18",57352206,57352868,663,7,0.0112658831719421,0.0147307708323284,0.00740436800864021,0.00259186446190246,"ST8SIA3"
"chr14",63267819,63267850,32,2,0.0112755119310175,0.0024014580208955,-0.00630203941962328,-0.00531504141096535,"RHOJ"
"chr17",80800923,80801835,913,3,0.0112761041050203,0.00781143111550823,-0.00524845412667616,-0.000498085505289826,"RPTOR, AC016245.1"
"chr3",139677645,139678337,693,12,0.0112844126956634,0.000303733962104896,0.00604451771433539,0.00388841890639427,"AC046134.2, NMNAT3"
"chr15",89400200,89400605,406,4,0.0112897390338948,0.00167413712967429,0.0050787482564541,0.00384625869847517,""
"chr6",30982211,30982505,295,2,0.0112899309320336,0.00442051794051824,-0.00942119090941717,-0.00742070019974619,""
"chr16",19114920,19115850,931,5,0.011290532389464,0.000658825110803202,0.0090923543206759,0.00446144621528369,"ITPRIPL2, AC099518.3"
"chr18",712250,713205,956,10,0.0112954728611182,0.000961362478510494,0.00638260082756353,0.00133634650742707,"ENOSF1"
"chr1",228555430,228555678,249,5,0.0113199811881219,0.00218642476214558,0.00575728857708242,0.00405706401660039,""
"chr19",35558221,35558832,612,5,0.0113227483897503,0.0125014129812951,0.0105619780390797,0.00321601142757337,"AD000090.1, ATP4A"
"chr3",149013978,149014235,258,2,0.0113437756490259,0.0655023570769057,-0.00767112589588198,-0.00385044365863399,"GYG1"
"chr1",223714971,223716523,1553,4,0.0113446022109002,0.000875287930507571,-0.00635224331432596,-0.00469271800588951,"CAPN2"
"chr4",168164693,168165102,410,2,0.0113499920712081,0.00683195072254056,-0.00484458163520924,-0.00319354750791866,"ANXA10"
"chr8",737384,738417,1034,5,0.011351624798767,0.00272178266653798,0.00475352821362114,0.00262032462058208,"DLGAP2, ERICH1"
"chr1",171257854,171258648,795,5,0.0113530753251884,0.00126205628223621,-0.00771656316924692,-0.00547445379496346,"FMO1"
"chr20",57342316,57342479,164,2,0.0113863659569108,0.0285292963602975,-0.00669923745121847,-0.00374754061967609,"SPO11"
"chr16",73047010,73047225,216,2,0.0114010578840616,0.0023276241485206,-0.00667466705606487,-0.00474220132788029,"ZFHX3"
"chr10",73575594,73576864,1271,5,0.0114189307969994,0.00143414606705716,-0.00804351372859645,-0.00440230727599457,"USP54"
"chr1",232306788,232306964,177,2,0.0114226458604653,0.00198893599285718,-0.008120239905007,-0.00637197453555345,""
"chr3",184154393,184155138,746,4,0.0114237131787583,0.00136802946957252,0.00866195540756388,0.00298405826484541,""
"chr6",55449358,55449680,323,2,0.011428735971178,0.00222163121624267,-0.00620074021033169,-0.00578714913580494,"HMGCLL1"
"chr5",73171966,73172632,667,5,0.0114288878001858,0.0060588000035495,-0.00441836184630691,-0.00291285265556366,""
"chr3",149386719,149387264,546,2,0.0114288878001858,0.00289717386591974,-0.00786264805018713,-0.00726374708657107,""
"chr5",109580394,109580456,63,2,0.0114320542291966,0.0028308262620447,-0.00715039833347982,-0.00462050789621507,""
"chr12",123260085,123260507,423,3,0.011471554152806,0.00187455262830478,-0.00607150955343447,-0.00367289495177473,"CDK2AP1"
"chr1",241558501,241558516,16,2,0.0114894274495089,0.00208246409151231,-0.00678500065139226,-0.00607099902877234,"KMO"
"chr2",200742189,200742442,254,2,0.0114902030331909,0.00334606041017485,-0.00770743669322245,-0.00680410671205169,"AOX3P-AOX2P, AOX2P"
"chr2",30225296,30226440,1145,3,0.0115257737074595,0.000552790542024303,-0.00626470742871615,-0.00388894134440843,""
"chr14",103189231,103189436,206,3,0.0115443236408388,0.0359167159825914,0.00886266715420595,0.0037810703189487,""
"chr10",88042420,88042802,383,3,0.0115455789140389,0.00295111637227844,-0.00573310977946063,-0.00285660333682146,""
"chr19",49805473,49805886,414,3,0.0115455789140389,0.0135905790794294,0.00634381933374102,0.00242347007081063,"AP2A1"
"chr14",54085914,54086432,519,2,0.0115518758979491,0.00190961712324388,-0.00613304941788079,-0.0051402378295161,""
"chr3",78338212,78338566,355,2,0.011555373002521,0.0552125821085124,-0.00842830511718382,-0.00456076630162716,""
"chr5",139667982,139668623,642,10,0.0115640254874991,0.00114062033829924,-0.00355912664040862,-0.00230264435757135,"CXXC5"
"chr6",6701691,6702088,398,2,0.0115951948547567,0.00310123819694253,-0.00812216431882292,-0.00559100624172098,"AL031123.1"
"chr17",1770268,1770398,131,2,0.0116212998006139,0.002787213015967,-0.00453972794193093,-0.00447231338536673,"SERPINF1"
"chr18",6510277,6510310,34,2,0.0116231761678719,0.00242089870356847,-0.00417974934142131,-0.00394673965352442,""
"chr17",81057291,81057912,622,8,0.0116264060475806,0.000451425412317154,-0.00616896692646543,-0.00458837810537139,"BAIAP2"
"chr3",111737866,111738053,188,2,0.0116281243612951,0.00209954403069049,-0.00885090547743099,-0.00832497778448013,"PLCXD2, PHLDB2"
"chr6",1621572,1622706,1135,3,0.0116324825446086,0.00101107161024682,-0.00661462560370463,-0.00622721820871813,""
"chr11",130069015,130070063,1049,9,0.0116328554777235,0.000748302283502098,-0.00210398816450346,-0.000582215523198378,"APLP2"
"chr10",14819833,14820454,622,2,0.0116389128186832,0.00238104211294371,-0.00446967353195222,-0.00372414256921082,"CDNF"
"chr12",120242077,120242466,390,2,0.011640374670377,0.00347181630284538,-0.00533290176525682,-0.00491599596906678,"PXN"
"chr13",94711117,94711557,441,3,0.0116416529813483,0.00749057854442026,0.00166035384459348,0.00105976193623147,"SOX21-AS1, SOX21"
"chr9",136109577,136109958,382,3,0.0116610436916345,0.0011033253686123,-0.00317439430615751,-0.00186480335832465,""
"chr14",75237745,75238136,392,2,0.0116794917899774,0.00282137872779162,0.00709594733696638,0.00604013886800434,""
"chr2",98937179,98937367,189,2,0.0116938025539311,0.00564523685188045,0.00587256132909161,0.00582605297719569,""
"chr16",23424426,23424879,454,3,0.0117011210682412,0.00189896086445582,-0.00701258883598165,-0.006425187620658,"COG7"
"chr3",45145820,45146225,406,3,0.0117014797573717,0.0683950047865368,0.00873305063773098,0.00324357295759733,"CDCP1"
"chr8",55525124,55525161,38,3,0.0117120412065827,0.00119693580648864,-0.00306878967162591,-0.00252907327065166,"XKR4"
"chr20",10910575,10910623,49,2,0.0117241021276538,0.00187356636523771,-0.00785667709147459,-0.00730736968446757,"AL050403.2"
"chr10",62815458,62815682,225,3,0.0117265507525602,0.00234463034102794,0.00255256398955969,0.00246611791090372,"EGR2"
"chr5",124745020,124745373,354,2,0.0117341033268336,0.00838576149910181,0.00358326972369375,0.00339877438800812,"ZNF608"
"chr6",139533803,139534259,457,2,0.0117341033268336,0.00199150776370647,-0.00728493984717461,-0.0070591393300915,"AL592429.2"
"chr12",94648789,94649451,663,2,0.0117341033268336,0.00136802946957252,-0.00729489529832171,-0.00551942503062063,"TMCC3"
"chr19",10624798,10624902,105,4,0.0117422008825708,0.00158532186690088,-0.00530764924215751,-0.00289331707141019,"SLC44A2"
"chr4",138665727,138665976,250,4,0.0117443323629655,0.0205621370480599,-0.00274675694076227,-0.00145094698516833,""
"chr17",74973182,74973472,291,3,0.0117487582937244,0.0078767093783225,0.00673719854941917,0.00334638278097969,"HID1-AS1"
"chr9",126328028,126328058,31,2,0.0117769020674866,0.00205113241114037,0.0071823776757067,0.00576788610297362,"MVB12B"
"chr19",49337995,49338778,784,5,0.0117824588808613,0.00617964428682711,0.0053270431791273,0.00318425442158094,"CD37, AC011450.1"
"chr6",10693283,10693648,366,3,0.0117884078494171,0.00192554702276479,0.00507907178271876,0.00432579937517026,"C6orf52"
"chr8",123590008,123590121,114,2,0.011793304772185,0.00392109524581286,-0.00752121768293362,-0.00522511820641345,""
"chr3",8769318,8769915,598,6,0.011793625418933,0.00113143763832175,0.00378143563460715,0.00228988564820644,"CAV3, OXTR"
"chr15",91915828,91916073,246,2,0.011793625418933,0.00357987138391802,-0.00749854944700953,-0.00362489913233362,"SLCO3A1"
"chr12",57752959,57753482,524,4,0.0117954308835008,0.0290413236957625,0.00768582898251118,0.00397530146704995,"CDK4"
"chr15",64009585,64009871,287,2,0.0118011894924369,0.00206192281124811,-0.00734250620311006,-0.00687264919848581,"DAPK2"
"chr6",70165698,70165967,270,2,0.0118207169678818,0.0909182050465272,-0.00723117574466989,-0.00357646473810414,"COL19A1"
"chr22",30290819,30292405,1587,5,0.0118251179923992,0.0342200224955751,-0.00598337415650279,-0.00305465337848469,"AC004997.1, TBC1D10A"
"chr15",70794753,70794789,37,2,0.0118385547608425,0.00222524991939336,-0.00290639520428464,-0.00283414680652613,""
"chr6",151280743,151280930,188,2,0.0118421795787279,0.00407488176230735,-0.00588130234801809,-0.00466534070813577,"AKAP12"
"chr9",16704406,16705349,944,5,0.0119003818652465,0.000539177619774512,-0.00534362687111719,-0.00461410435595858,"BNC2"
"chr15",48354990,48355592,603,2,0.0119003818652465,0.00248080842198417,-0.00760211919428132,-0.00557507989283911,""
"chr12",62631950,62632705,756,6,0.0119053155977553,0.00132142003561787,-0.00134368256906325,-0.000721046286583913,""
"chr12",120250257,120250754,498,3,0.0119095230819316,0.00862282489418746,-0.00690289910809513,-0.00349940550080254,"PXN"
"chr19",6108120,6108183,64,2,0.0119179020262811,0.00303400915941198,-0.00775273703659614,-0.00613476794676881,"RFX2"
"chr17",9802412,9802802,391,2,0.0119245334641375,0.00191536873461237,-0.00736826795617504,-0.00726652824518595,"AC027045.2, AC027045.1, GSG1L2"
"chr2",134083766,134083888,123,2,0.0119313405573288,0.00195358468862693,-0.00634922944616192,-0.00608343513367951,""
"chr6",2514844,2515103,260,3,0.01196643297562,0.00184855441988538,-0.00695259950874306,-0.00496402639231752,"GMDS-DT, AL359852.2"
"chr17",45425409,45425778,370,3,0.0119777994890786,0.00100545625395766,-0.00729785723364061,-0.00627537432559139,"ARHGAP27"
"chr19",45499270,45499583,314,4,0.0119933291937695,0.00252318169766473,0.00378388826820348,0.00142256062879811,"PPM1N"
"chr18",76787416,76787617,202,3,0.0119933291937695,0.00260008966346654,-0.00812875345776043,-0.00487632820055857,""
"chr16",87388436,87388480,45,2,0.0119974994695827,0.00218527097910728,0.00632153427704412,0.00592231943800809,"MAP1LC3B, FBXO31"
"chr2",197198929,197199057,129,3,0.0120056876450214,0.00394511045115433,-0.00612596272458179,-0.00457698601699192,"ANKRD44-AS1, ANKRD44"
"chr20",4951091,4951369,279,2,0.012012217004217,0.00428091549613585,-0.00615748841643374,-0.00561064246672132,"SLC23A2"
"chr14",22271438,22271693,256,3,0.0120320826342305,0.00145996412513983,-0.00428368805137323,-0.00354412762702517,"AC244502.1"
"chr6",166542397,166542543,147,2,0.0120552591901181,0.00257560732068828,-0.00642062113740083,-0.00572134086691418,"RPS6KA2"
"chr20",56629210,56629577,368,6,0.0120628477221837,0.00424983381700186,0.00395773968273616,0.00198994242263869,"TFAP2C"
"chr7",57305562,57305736,175,2,0.0120628477221837,0.00324092894226478,0.00577146774534035,0.00451294190175699,""
"chr14",68607738,68608301,564,2,0.0120671221659196,0.00280987211107582,-0.00589098571019181,-0.00468029535933101,"RAD51B, AL121820.3"
"chr3",169870448,169871387,940,4,0.0120759695913724,0.00131716920702943,-0.00424832321373345,-0.00356262465917338,""
"chr7",4136023,4136935,913,7,0.0120973466215356,0.000282223744675509,-0.00563358261168397,-0.00415986811591588,"SDK1"
"chr2",222301716,222302451,736,5,0.0121024090681122,0.000682087217754626,0.00767869190637476,0.00673277027752719,"CCDC140"
"chr15",70062308,70062486,179,3,0.0121047090091133,0.00174980230032606,0.00722340397257428,0.00616180762270926,"TLE3"
"chr5",2750644,2750927,284,2,0.0121150978372384,0.0046092589545116,0.00821751125155489,0.00434730464266703,"IRX2"
"chr10",1083729,1083921,193,4,0.0121242040632517,0.000666815814406567,-0.00387500605559466,-0.00281879307872616,"WDR37"
"chr16",17544988,17545208,221,2,0.0121242040632517,0.00321967665028327,-0.00598123394732162,-0.00221386260894166,""
"chr10",72691615,72692100,486,9,0.0121409600365096,0.0534353224204982,0.00441726849243046,0.00047845325833739,""
"chr16",23642368,23642390,23,3,0.0121523239063229,0.00168999118741495,0.00585001998595918,0.00492835637199733,"DCTN5"
"chr5",34756873,34757292,420,4,0.0121737956171727,0.00173921915202414,-0.00713136613697257,-0.00577909011694386,"RAI14"
"chr5",127664095,127664338,244,4,0.0121864372266029,0.209770075171688,-0.00472466985124358,-0.00124713252728488,""
"chr22",32723805,32723915,111,2,0.0121897523086601,0.00204004274195384,-0.00970535222401669,-0.00860115629628364,"SYN3"
"chr17",50835260,50835956,697,5,0.012198636753565,0.00356807458414768,-0.00681769289059512,-0.00414586995167184,"WFIKKN2"
"chr3",195223303,195223761,459,2,0.0122022862891593,0.0039623745055986,-0.00684668452927412,-0.00597033061341676,"XXYLT1"
"chr16",66886934,66887690,757,4,0.0122068100194188,0.0400729601800387,-0.00527784479856944,-0.00255412584186585,"PDP2"
"chr14",99258048,99258261,214,2,0.0122068100194188,0.184436793667274,-0.00400690564950344,-0.00216815356538342,"BCL11B"
"chr14",106873199,106873242,44,2,0.0122070815801067,0.00451835532751405,-0.00818767751175774,-0.00461943043331812,""
"chr3",53156400,53156747,348,4,0.0122155930180874,0.00163609222558228,0.00658552838960209,0.00432127911983868,"PRKCD"
"chr7",100482883,100482963,81,3,0.012229510759379,0.00314606531323334,0.00587846814826195,0.00308400315811538,"AC092849.2"
"chr6",6712765,6712987,223,2,0.0122445531006103,0.0201113464269056,-0.00932958057631812,-0.00505026321753919,"AL031123.4, AL031123.1"
"chr11",44445756,44445800,45,2,0.0122445531006103,0.00221306023195702,0.00533570542336102,0.00461432687068697,""
"chr20",25232969,25233245,277,2,0.0122487374116427,0.00378941439727408,-0.00732368209872436,-0.00488581449210379,""
"chr12",94208039,94208786,748,4,0.0122502345438452,0.000716145199674395,-0.0077490375133503,-0.00545999441686273,"PLXNC1"
"chr6",6003513,6005116,1604,12,0.0122758100022982,0.00144419155719221,0.0035486706813168,0.00144726844967675,"NRN1"
"chr4",8473070,8473460,391,4,0.0122804904821419,0.00162902593468052,-0.00673806376817112,-0.00567524714776659,"TRMT44"
"chr19",47729525,47729731,207,3,0.0122910776249934,0.00112888796187977,-0.0070617826875796,-0.00663927722507211,"AC010519.1, EHD2"
"chr12",48717538,48717798,261,5,0.0122994242643359,0.00242259508080612,0.00542496806963298,0.00335146808738953,""
"chr4",71189740,71190492,753,2,0.0123011178030733,0.00142363086266243,-0.00762489527710995,-0.00648816839051005,"SLC4A4"
"chr14",35369609,35370019,411,5,0.0123046447920002,0.00643405418877444,-0.00613720669930951,-0.00283850406129204,""
"chr8",141254934,141255147,214,3,0.0123062685161836,0.00206431793289518,-0.00747116155608925,-0.00360750449268171,"AC011676.2, SLC45A4"
"chr14",50823944,50824033,90,2,0.0123234462329261,0.00222462822241735,-0.00735061560861159,-0.00689345488202617,"NIN"
"chr10",30189483,30189515,33,2,0.0123252848622823,0.00197135518550629,-0.00668090243517111,-0.0066780268874302,""
"chr13",32475623,32476410,788,4,0.0123265622725535,0.00354642839471449,-0.00277641828921102,-0.00213489309862153,"N4BP2L2"
"chr17",41913934,41914438,505,4,0.0123313616017742,0.00103476933805255,-0.00636483116197554,-0.00432499172443244,"ACLY"
"chr9",129336032,129336286,255,2,0.0123326272980576,0.00458727227479454,-0.00637614910090047,-0.00577482290864755,"LINC01503"
"chr4",168559877,168560375,499,2,0.0123439793162752,0.00202699473731008,-0.00599374562677335,-0.00550274753007807,"PALLD"
"chr8",143988909,143989194,286,4,0.0123516139017156,0.00244245263846888,-0.00396270876586698,-0.00149885972510037,"PARP10"
"chr17",15233653,15233991,339,3,0.012373444110904,0.0798704674339858,-0.0031932065120747,-0.00119551191135673,"PMP22"
"chr3",29290731,29290843,113,2,0.0124074155809468,0.00389355807709618,-0.00684019079719108,-0.00477753600184676,"AC098650.1, RBMS3"
"chr19",7247222,7247602,381,2,0.0124136625760873,0.00219534729181133,-0.00779164262346015,-0.00711150613646463,"INSR"
"chr17",2396806,2397617,812,4,0.0124231560535909,0.00439449697707464,-0.00838445857256958,-0.003792253163727,"MNT"
"chr1",239405317,239405484,168,3,0.0124414321665118,0.00196028533156189,-0.00925146025983594,-0.00553559512440921,"CHRM3"
"chr2",226797988,226798435,448,3,0.0124475318036508,0.00277443026045165,0.00935867005344728,0.00728814039590486,"IRS1"
"chr2",1823960,1824327,368,5,0.0124519056158207,0.000595761313044509,-0.00610923640130968,-0.00434674966486614,"MYT1L"
"chr3",113441224,113441974,751,12,0.0124613114062302,0.00133973087315563,0.00699142840074679,0.00456682450941993,"CFAP44, AC112128.1"
"chr10",102764379,102765104,726,2,0.0124614680560321,0.00165476286457834,-0.00793132497628306,-0.00595503415832835,"WBP1L"
"chr18",35409002,35409007,6,2,0.0124614680560321,0.00219006710665353,-0.00652316305169328,-0.0064445578239103,""
"chr9",71758481,71758577,97,2,0.0124711666149713,0.00237915936327102,-0.00309800483346717,-4.79649105900833e-05,"CEMIP2"
"chr8",133851225,133851637,413,2,0.0124797835703372,0.00268841495036543,-0.00706123923672591,-0.00661648329096257,""
"chr16",27401175,27402465,1291,6,0.0125013509840282,0.00576242208974286,-0.00470438234611212,-0.00193613195081745,"IL21R"
"chr10",104353417,104353853,437,5,0.0125139010904508,0.00312921780582121,0.0035103182686961,0.00175247160103592,"CFAP58, CFAP58-DT"
"chr17",49132658,49133237,580,8,0.0125186740399745,0.00133927916574729,0.00446955918727829,0.0026081404822896,"B4GALNT2"
"chr3",193877067,193877436,370,2,0.0125192551364084,0.00536366629315356,-0.00414774990530141,-0.00182137609066037,""
"chr14",37369523,37369811,289,4,0.0125227154221333,0.00351548396817009,0.00386291479767027,0.00293382472735299,"MIPOL1"
"chr2",217289138,217290353,1216,4,0.012546324838453,0.000475830471747462,-0.00721221040276277,-0.00601424654483575,"DIRC3-AS1, DIRC3"
"chr11",65493369,65493958,590,2,0.0125630716073511,0.00282518144290271,-0.00696973576976065,-0.00594430847058433,""
"chr16",29863548,29864312,765,8,0.0125744032271829,0.00263870153255483,0.00540242938581372,0.00171448121056272,"CDIPTOSP"
"chr9",136996556,136996919,364,8,0.0125796270194123,0.000643615693739666,-0.00791243734470393,-0.00459143534802872,"CLIC3"
"chr1",111347958,111348258,301,3,0.0125796270194123,0.0294668540800763,0.00311942449681905,0.00171784731183125,"PIFO"
"chr1",219991304,219991787,484,3,0.0126057097607753,0.0162254820985028,-0.00687596611040598,-0.00345859306017886,"EPRS1"
"chr6",107772307,107772543,237,3,0.0126144493637691,0.026106388256434,-0.00216440272802854,-0.000846619876624057,"SCML4"
"chr15",89691213,89691837,625,3,0.0126160999427333,0.00555983211394607,0.00430505841132695,0.00248652931323322,"WDR93"
"chr10",113180646,113181076,431,2,0.0126429651850377,0.00208705605342704,-0.00689551295857226,-0.00581273627679032,""
"chr16",3182880,3183791,912,6,0.0126739167338758,0.000908923914206378,0.00564427419262469,0.00304913145817453,"AJ003147.1"
"chr13",44405019,44406378,1360,4,0.0126814915239986,0.0014483929779442,-0.00439178542548334,-0.00203498503665645,"TUSC8"
"chr19",49452609,49453158,550,4,0.0126911387340431,0.0495550514492913,0.00437274091371008,0.000707824140639839,"PIH1D1"
"chr5",138467413,138467680,268,4,0.0126912979560255,0.00163455703216222,0.00474757836393984,0.00331715099549044,"EGR1"
"chr4",134202452,134202481,30,2,0.0127121842436714,0.00154044907992904,-0.00538870868364423,-0.00426370306829921,"AC015631.1"
"chr1",63323733,63324783,1051,7,0.0127232746078684,0.000564528896027532,0.00874748394032001,0.00485343539857609,"FOXD3, FOXD3-AS1"
"chr1",113254201,113255499,1299,4,0.0127442616959874,0.000288958574851905,-0.00708573882374506,-0.00502989569096691,""
"chr10",71456561,71456761,201,2,0.0127585054368318,0.00293388673324555,0.00278712145218632,0.00180612160382174,"CDH23"
"chr11",119120339,119120355,17,3,0.012774051965038,0.00163928710535263,-0.00462363119517407,-0.00394372100883196,""
"chr6",1724217,1724690,474,2,0.0127753375953671,0.00218073551604529,-0.00582088523519256,-0.00513788132580338,"GMDS"
"chr11",69277309,69278110,802,3,0.0127769522683949,0.000759148056678405,-0.00736959544781125,-0.0061740560326238,""
"chr21",39534992,39535115,124,2,0.0127926949727714,0.00278920017500577,-0.00770973444147177,-0.00415254681862597,""
"chr21",38804582,38804673,92,2,0.0128127178155623,0.00299237644126682,-0.0055470974449795,-0.00498287235272349,""
"chr9",114142144,114142150,7,2,0.0128161200650786,0.00243924989124524,-0.00630806920554657,-0.00508002091621186,""
"chr10",129969765,129969885,121,3,0.0128228442248229,0.0449150819402611,0.00193769326603425,0.00088883423583152,"EBF3"
"chr7",130369248,130369579,332,2,0.0128232114375175,0.00233543267395681,-0.00556532034033443,-0.00389639027409155,""
"chr1",44986647,44987390,744,12,0.0128356215571761,0.0281960027389315,0.00634735339689193,0.00166701068558641,"EIF2B3"
"chr11",34940228,34940448,221,2,0.0128622504137965,0.00213653236979062,-0.00650003689194361,-0.00556657152276527,"PDHX"
"chr7",93574383,93575040,658,12,0.0128681292080589,0.0630064316723414,0.00556180139548001,0.000900065794583507,"CALCR"
"chr20",25585243,25585927,685,7,0.0128965888626942,0.226649825189265,0.00424098994712777,0.00154616171544213,"NINL"
"chr6",111683318,111684004,687,2,0.0128965888626942,0.00190629644499732,-0.00512800218387262,-0.00469098000025436,"FYN"
"chr19",2986837,2987339,503,3,0.0129001655698969,0.0012739322525994,0.007724380643037,0.0062364253006885,"TLE6"
"chr20",18389016,18389290,275,2,0.0129155162720269,0.00205760056805604,-0.00590985492010517,-0.00581128420163601,"DZANK1"
"chr16",73144343,73144602,260,4,0.0129206651537831,0.0107316095203806,-0.00758653366264133,-0.00485882137342129,"ZFHX3"
"chr10",15369710,15370028,319,3,0.0129294262511354,0.00139237172939371,0.00736204322361961,0.00598973107648335,"FAM171A1"
"chr15",28191760,28192013,254,4,0.0129311084849325,0.0123439403623511,0.00836652333675974,0.00424612463045993,"HERC2"
"chr4",184197036,184197161,126,2,0.0129403424791601,0.0019796562056865,-0.00817043968974106,-0.00813032709090513,"ENPP6"
"chr16",3727621,3728216,596,5,0.0129437116481508,0.00270793562809295,0.00364917876418576,0.00170185512447764,"CREBBP"
"chr16",2513035,2513460,426,4,0.0129437116481508,0.000471410129999495,0.00735579647326894,0.0060205963577747,"AC093525.2"
"chr1",25906841,25907524,684,12,0.0129534504618686,0.000837323901450555,0.00640924461236166,0.00336065699024593,"STMN1"
"chr14",36663086,36663569,484,5,0.0129897000373651,0.00312800797110752,0.00419243558271374,0.00209454089896207,"PAX9"
"chr8",53657979,53658460,482,5,0.0130007235583294,0.00518882548346259,-0.00306112017687171,-0.00221050100028151,""
"chr5",149732636,149732781,146,3,0.0130080048845587,0.00169597532525934,-0.00680136533498877,-0.00543513617651424,"PPARGC1B"
"chr19",3962152,3962196,45,2,0.0130108133804452,0.00619358786539633,0.0036390770084595,0.00343776337710423,"DAPK3"
"chr20",63099982,63100063,82,2,0.0130376090933183,0.00532989907699712,0.00699309857088752,0.00512875298977539,"HAR1B"
"chr11",13149958,13149984,27,2,0.0130406006395959,0.00357068532940935,-0.00547284851674387,-0.0042339222324303,""
"chr3",58628769,58628872,104,2,0.0130489769128541,0.00230772681328133,-0.00690417193011221,-0.00686442333029873,"FAM3D-AS1"
"chr11",119379182,119379698,517,3,0.0130681382732002,0.0152419398160999,-0.00608037464110172,-0.00268013420822651,"USP2-AS1, AP003396.3, USP2"
"chr2",112631278,112631333,56,2,0.0130928036315531,0.00231739859628837,-0.00870865768136206,-0.00762741088251059,""
"chr14",95559286,95559454,169,2,0.0130928036315531,0.00294725270305161,-0.00708247583985697,-0.00566559023102868,""
"chr15",37398986,37399411,426,2,0.0130933346239371,0.00233906196224312,-0.00523832820421462,-0.00448366982164468,"AC068875.1"
"chr22",42695157,42695200,44,3,0.0131153205456248,0.00748804315895052,0.00339686749120916,0.00229512982234667,"A4GALT"
"chr1",87805889,87806259,371,2,0.0131429527966916,0.00424549330513854,-0.006382434951894,-0.00490380337618435,"PKN2-AS1, AL445437.1"
"chr15",68316245,68316471,227,2,0.0131437540539808,0.00220076884336491,-0.0086719072033478,-0.00813510672482808,"ITGA11"
"chr9",94823910,94824172,263,3,0.0131508093519892,0.00241399820071811,-0.00504956318847115,-0.0030404610209659,"AOPEP"
"chr17",72986241,72986406,166,2,0.0131556056292069,0.00300034128117469,-0.00439653825457622,-0.00333715410302179,"SLC39A11"
"chr21",34843655,34843708,54,2,0.0131618746991284,0.00214590638077769,-0.00531159231888883,-0.00448393400983572,"AP000331.1, RUNX1"
"chr21",45830572,45831211,640,2,0.013174062142833,0.00241306853996581,-0.00491174688651843,-0.00433642542050744,"PCBP3, PCBP3-AS1"
"chr16",81266289,81267066,778,4,0.0131900878559024,0.000940720170589969,-0.00784869353103035,-0.00587281842402577,"BCO1"
"chr18",57930683,57930921,239,2,0.0131940280758156,0.00214249218554502,-0.00684572160619982,-0.00530103402423622,""
"chr19",46232184,46232408,225,2,0.0131954361683974,0.00265725835037575,-0.00589141461326421,-0.00558630323977832,""
"chr4",110630486,110631197,712,6,0.0131967343280556,0.00255628140949612,0.00589780622707196,0.0021803443607324,"PITX2"
"chr8",64576997,64577382,386,7,0.0132070874735879,0.00263830911195592,0.00423392321317565,0.00183818509365502,"AC090136.3"
"chr1",37795138,37795729,592,6,0.0132344393872302,0.00117512518035339,0.00732914178603673,0.0051697254471774,"MANEAL"
"chr4",16898576,16899435,860,5,0.0132359551052165,0.00523571757731748,-0.0041749432925271,-0.00152553199151889,"LDB2"
"chr3",101687376,101687756,381,4,0.0132474752113229,0.00109102475057623,0.00584966253380489,0.00506943864023682,"AC084198.2"
"chr17",49209292,49210215,924,10,0.0132475576251796,0.00108488393772316,-0.00570407047018952,-0.00289995328441041,"GNGT2"
"chr1",150148837,150149112,276,4,0.0132542789598639,0.00205912490376596,0.00581439204131139,0.00471728378509317,""
"chr2",231529991,231530350,360,4,0.0132545584953051,0.0050030235954885,0.00488609621002998,0.00186860244241265,"NMUR1"
"chr10",96130133,96130724,592,5,0.0132896265714056,0.0279629804394631,0.0012099088780171,0.000159451638690738,"ZNF518A, AC021037.1"
"chr18",35524361,35524365,5,2,0.0132896265714056,0.00201238028747178,-0.00608395344918728,-0.00592262791918068,""
"chr2",130916198,130916390,193,3,0.0132912775406248,0.00292607312486728,-0.00763493986258988,-0.00498948815263918,"ARHGEF4"
"chr5",31844834,31844883,50,2,0.0133063037630699,0.00219006710665353,-0.00425826009690377,-0.00343777877011288,"PDZD2"
"chr17",63762231,63762351,121,2,0.0133071244331392,0.00220151785393898,-0.0057048336976201,-0.00561032280305061,"CCDC47"
"chr14",82880265,82880602,338,2,0.0133087055199296,0.00614565382047202,-0.0073553890149161,-0.0049501955611845,""
"chr10",37976012,37976742,731,8,0.0133088007060564,0.00349252139674365,-0.0015236224725522,-0.000822882660727535,"ZNF25"
"chr9",91945915,91945965,51,2,0.0133144419620412,0.00201380892804732,-0.00699802838774038,-0.00680629768075196,"ROR2"
"chr17",27894564,27894862,299,2,0.0133211289020373,0.0259717772093482,-0.00657542947911741,-0.00301716799582085,"LYRM9"
"chr5",64794187,64794540,354,2,0.0133295497966234,0.00210855653757259,-0.00706271782703758,-0.0062447656853838,"CWC27"
"chr5",138139011,138139843,833,9,0.013356242237895,0.000612027076515525,0.00395128198431203,0.00182564505054644,"NME5, BRD8"
"chr6",132490569,132491514,946,3,0.013356242237895,0.000416860055845225,-0.00722731297703325,-0.00710792529400784,"STX7"
"chr5",113488475,113489068,594,9,0.0133602690079043,0.00128830009307858,0.00592273474854412,0.00246352401178352,"MCC"
"chr6",150971321,150971770,450,3,0.0133731084347079,0.0025698721925013,-0.00527501215658137,-0.00383219683149557,"MTHFD1L"
"chr10",104339811,104339889,79,2,0.0133810495121509,0.00316914698198108,-0.00678781961005273,-0.00622528694509938,""
"chr10",121459792,121460029,238,2,0.0133887700504123,0.002150005067869,-0.007712374925691,-0.00699470601206986,""
"chr7",131558028,131558328,301,6,0.0134052081108204,0.000897514893002257,-0.00174358830633756,-0.000813438602282493,"PODXL"
"chr22",33006892,33007557,666,6,0.0134067398814309,0.00369025358863611,-0.00403231844545233,-0.00254399468190183,"SYN3"
"chr6",28788715,28789700,986,5,0.0134236013955673,0.000867915741990342,0.00499213948848042,0.00335916473144162,""
"chr13",80337491,80337673,183,3,0.0134471297451135,0.00174743395660555,0.00813035590413888,0.00725662886049677,"SPRY2"
"chr1",206498438,206498725,288,3,0.0134478228332753,0.00816743525059067,0.00529719626369214,0.00230565186274482,""
"chr11",76654106,76654221,116,2,0.0134505075893247,0.0241493822145781,-0.00865983029140345,-0.00450556255268502,"AP001189.3"
"chr9",33103946,33104713,768,4,0.0134560437705876,0.00112153508594688,-0.00571737086936361,-0.0017797250854481,"B4GALT1"
"chr11",12889030,12889382,353,2,0.0134560437705876,0.00421802490153693,-0.00952681955841196,-0.0066575916258275,"TEAD1"
"chr8",71356597,71357163,567,6,0.0134633736467924,0.00105917291715059,-0.00664890245287764,-0.00373634340927971,"EYA1"
"chr4",93827466,93827709,244,4,0.0134772999171095,0.00311688999925008,0.00686463493336936,0.00473692529433407,""
"chr5",88952688,88953075,388,2,0.0134800775954559,0.00397171320606696,-0.00620810846822573,-0.00480245893503836,"MEF2C-AS1"
"chr6",31900675,31901032,358,2,0.0135093079313593,0.00476783105102698,0.0053531945739446,0.00396349508009284,"C2, ZBTB12"
"chr16",4239416,4239923,508,5,0.0135361307669113,0.000604676810688394,-0.0067462586755341,-0.00560301138166101,"SRL"
"chr9",94900393,94900860,468,3,0.0135733310194613,0.00153853908640439,-0.00649023822086553,-0.0040379722755601,"AOPEP, AL807757.2"
"chr10",112949214,112949378,165,2,0.0135759588244916,0.00539953860832086,-0.0100458538652907,-0.00629004706688186,""
"chr1",247294482,247294802,321,5,0.0135947328819164,0.00207894149572329,-0.0066201354242078,-0.00412289093989024,""
"chr11",31684632,31684729,98,2,0.0135966146277373,0.00296441082581177,-0.00748669252840368,-0.00511376489103919,"ELP4, AC131571.1"
"chr14",73659995,73660355,361,2,0.0135979685629433,0.00188645157564983,-0.00434439623040994,-0.00359034793550097,"DNAL1"
"chr5",54524279,54524782,504,2,0.0136042897764782,0.00212205090725328,-0.00659870187927601,-0.00474167050059591,"SNX18"
"chr14",81427415,81427927,513,4,0.0136181954931513,0.00369843976932295,-0.00736066441183996,-0.0054028499620882,"STON2"
"chr3",70971307,70971455,149,2,0.0136248513578811,0.00334606041017485,-0.00565176600519114,-0.00476838374728107,"FOXP1, AC097634.4"
"chr2",137963733,137964298,566,8,0.0136301289306045,0.00633668416832692,-0.00757847653399324,-0.00321780006462093,"HNMT"
"chr2",31580846,31581283,438,8,0.0136647426094909,0.00285591293319477,0.0059832832426918,0.00334427890403454,"SRD5A2"
"chr9",110936534,110936954,421,2,0.0136680979937953,0.00218642476214558,-0.00417181790734026,-0.00403717935233517,"LPAR1"
"chr5",82966649,82966827,179,2,0.013680590635033,0.00372140243754185,-0.00405845800682343,-0.000461024420056888,""
"chr11",126302787,126303690,904,10,0.0136814211811989,0.00107182122953201,0.00606216534318439,0.00228741593021973,"AP001318.2"
"chr11",67382368,67382628,261,3,0.0137102805906016,0.00361011815450264,0.00640048526623871,0.00265688960914713,"RAD9A"
"chr6",157982488,157983089,602,3,0.0137144516815559,0.00149152378243288,-0.00721071971796831,-0.00480415621646617,"SYNJ2"
"chr6",75493509,75493959,451,7,0.0137258988974555,0.000632850216010459,-0.00634557445925285,-0.00468091774241117,"FILIP1"
"chr21",42395950,42396246,297,6,0.013734989006178,0.00494926803274626,-0.00673269327329835,-0.00354201532755074,"TMPRSS3"
"chr17",32443321,32443943,623,4,0.013734989006178,0.00719510364722956,0.00732616149321694,0.00421424555616634,"AC005899.8"
"chr3",32428859,32428957,99,2,0.0137420413429007,0.00205913308283431,-0.0050357987137559,-0.00452097594016721,"CMTM7"
"chr9",84261777,84261982,206,2,0.0137690588467599,0.0125870137987662,-0.0061813532964219,-0.00300166264571326,""
"chr2",176116270,176117380,1111,12,0.0137737860118605,0.0456520001455766,0.00832949574613123,0.00337256682617711,"HOXD10"
"chr5",90558815,90559162,348,4,0.013787040244663,0.00534741886382058,0.0038720392263518,0.00201930047759397,"ADGRV1"
"chr22",41172216,41172631,416,2,0.0137935040258157,0.00260008966346654,-0.00571156285265751,-0.00544657435508939,"EP300, AL035658.1"
"chr2",109032404,109032825,422,3,0.0138246600328626,0.059077959033254,-0.00798747943551962,-0.00329276525316334,""
"chr12",93174037,93174234,198,2,0.013825777394304,0.00219006710665353,-0.00628440224094474,-0.00621622527995971,"LINC02412, AC138123.1"
"chr10",324037,324069,33,2,0.0138630907503032,0.00566635412611834,-0.00641915558599929,-0.0050406397578103,"DIP2C"
"chr10",117134017,117134669,653,4,0.01387486953823,0.00167460640745379,0.00587535890852321,0.00438244954229696,"VAX1"
"chr12",1663064,1663338,275,2,0.0138833169939179,0.00569992319612502,0.00948854041998556,0.00628668823416263,""
"chr1",94324861,94325719,859,3,0.0138969138099975,0.00501364645536951,-0.00497085183549962,-0.00377894866067999,"ARHGAP29-AS1"
"chr18",25233592,25234050,459,2,0.0139019695942831,0.00280917987724102,-0.00937769952311609,-0.00743361456951699,"ZNF521"
"chr22",46773830,46774079,250,3,0.0139166885462712,0.00197671396171654,-0.007274084447867,-0.00477776656286118,"TBC1D22A"
"chr13",36029273,36029465,193,2,0.013916764320512,0.0146335345649088,-0.00863379827365851,-0.00506609128718083,"DCLK1"
"chr2",106065375,106065753,379,7,0.0139168268375945,0.000531281922537759,0.00696851839336967,0.00395416811479068,"ECRG4"
"chr3",172516906,172516986,81,2,0.0139207585376772,0.00265725835037575,-0.00749085870549586,-0.00673477412707753,"TNFSF10"
"chr12",124543248,124543793,546,6,0.0139277614478331,0.000526651001578034,0.00903080364184398,0.00620256287191183,"NCOR2"
"chr9",86965881,86965924,44,2,0.0139391895009557,0.00599239761275857,-0.00439674558727416,-0.00383411655631419,"GAS1RR"
"chr5",77630725,77630927,203,2,0.0139651338859888,0.00627501314481988,0.0056513939463097,0.00361446308251571,"OTP"
"chr17",68539751,68539892,142,3,0.0139744501453462,0.00222399937736406,-0.00697248544172382,-0.00440422933666771,"PRKAR1A, FAM20A"
"chr6",11316178,11316399,222,2,0.0139854244279607,0.00214249218554502,-0.00786959430436121,-0.00659871907543332,"NEDD9"
"chr17",64159183,64159379,197,2,0.0139877202532039,0.00291529391887609,-0.00797915071296235,-0.00656852850613435,"TEX2"
"chr6",25138188,25138723,536,4,0.0139992309617373,0.00148318873821014,-0.00581756224072627,-0.00461962775339902,"CMAHP"
"chr2",1913519,1913756,238,2,0.014018894424806,0.00230707974357313,-0.00682663757124652,-0.00635144334022901,"MYT1L"
"chr3",195558509,195558922,414,2,0.0140475393373901,0.00207026922667004,-0.00313079020141126,-0.00295490147543638,""
"chr8",30432894,30432973,80,2,0.0140650430987476,0.00249643772700067,-0.00621730967055818,-0.00470071280796901,"RBPMS"
"chr15",93425019,93425041,23,2,0.0140891114433388,0.0435838679765822,-0.00188158716970683,-0.000983941814705511,"AC091078.1"
"chr12",49133972,49134126,155,2,0.014111329718309,0.0135400001058028,-0.00115897948319517,-0.000379926625928932,"AC011603.2"
"chr19",15808957,15809026,70,4,0.0141605087497015,0.020133932445527,-0.00529975951135712,-0.00204620672142778,"OR10H1"
"chr10",4279368,4279813,446,3,0.0141898735726071,0.00914656239658677,-0.00824141943558347,-0.00322373974323867,""
"chr16",85137448,85137689,242,4,0.0141904437092273,0.0016913304235811,-0.00327115871790297,-0.00301067187944956,"LINC02139"
"chr2",36489492,36489658,167,2,0.0142157088705979,0.00217766214014385,-0.00704808590612584,-0.00604758900116627,"CRIM1"
"chr12",46373900,46374233,334,5,0.0142254739574718,0.00231560720316108,-0.00722164231714697,-0.00503243484108172,""
"chr12",128800809,128800857,49,2,0.0142464920333416,0.00478856990479149,-0.00502861796969276,-0.00333106099868447,"SLC15A4"
"chr11",134639827,134640127,301,3,0.0142518286845748,0.00166574214187565,-0.00553956909538075,-0.00416031638803324,""
"chr3",58900031,58900353,323,2,0.0142547249237716,0.00312418981414716,-0.00707783088547046,-0.00548297328863246,"CFAP20DC-AS1, CFAP20DC"
"chr7",130291889,130292193,305,4,0.014261430895064,0.00391734645369183,-0.00375851301166898,-0.00225294482591193,""
"chr12",53626032,53626536,505,8,0.0142789312968885,0.00226898575754946,-0.000451305130538369,-0.000195432795596249,"ATF7"
"chr1",39328348,39328613,266,2,0.0143028026229979,0.00221924330163863,-0.00613217906161201,-0.00485097694195179,"MACF1"
"chr3",47579473,47579637,165,4,0.0143407456743693,0.0013427028615702,0.00714669841125382,0.00462222886256507,"CSPG5"
"chr3",188164353,188164538,186,2,0.0143546296781806,0.00214249218554502,-0.00778221262765053,-0.00641958845922841,"LPP"
"chr16",58499839,58500253,415,7,0.014404614146807,0.0022964230591812,0.00653797909191417,0.00417368703146751,"NDRG4"
"chr12",95163962,95164205,244,3,0.0144154839728742,0.00133590233334335,-0.00663202309767764,-0.00648169756461623,"FGD6"
"chr17",15310231,15310368,138,2,0.0144440164433906,0.0711596579909396,-0.00832282845022526,-0.00398557671033326,"AC005703.6, TEKT3"
"chr15",92639262,92639313,52,3,0.0144736244689932,0.00118226021766684,-0.00463909228316717,-0.0031957305627998,"FAM174B"
"chr8",17629789,17630386,598,2,0.014488281933242,0.00264819030065873,-0.00698838694113875,-0.00311244809746123,"PDGFRL"
"chr15",98660070,98660510,441,3,0.0145292231156389,0.00430947942186817,-0.0065077084915334,-0.00385139571721503,"IGF1R, AC118658.1"
"chr16",4013556,4013660,105,2,0.0145333686333301,0.00515764812107297,-0.00863407646006011,-0.00529365002070431,"ADCY9"
"chr16",65124335,65124545,211,4,0.014537757006919,0.00342110553188975,-0.00680190661699935,-0.00506411853721526,"CDH11"
"chr4",38728594,38728945,352,2,0.0145561675025283,0.00443449395713506,-0.00745687058920311,-0.00644560687670113,""
"chr8",42768575,42768643,69,4,0.014562758999868,0.00209948137489309,-0.00576037942751991,-0.00472014998141656,"CHRNA6"
"chr14",55103241,55103521,281,2,0.0145697454618265,0.00376217728489431,-0.00820712666854001,-0.00792265391902759,""
"chr18",49858917,49859211,295,3,0.0145770129049623,0.10510876026429,-0.0066837601226163,-0.0036374315635979,"MYO5B"
"chr14",61282968,61282998,31,2,0.0145937083710991,0.00570550375454682,-0.00628974178293922,-0.00500985892688407,"PRKCH"
"chr15",85580254,85582024,1771,8,0.0145956186291648,0.000745481590523668,-0.00787976321196769,-0.00379229266304371,"AKAP13"
"chr5",145935721,145936076,356,3,0.0146223430561249,0.00303400915941198,-0.00631948507887335,-0.00388199638365051,"GRXCR2"
"chr20",4192736,4192888,153,2,0.0146599763755346,0.00245520906049217,-0.0053047850268021,-0.00441756173108485,""
"chr1",226127182,226128156,975,4,0.0146631400144775,0.000606841243983704,-0.00824989051169784,-0.00459614622358227,"AL512343.1"
"chr6",10882694,10883143,450,6,0.014697940109692,0.000830998887082035,0.00509030546855757,0.00448120554112566,"AL024498.2, AL357497.1"
"chr11",77823389,77823451,63,2,0.0146981481857636,0.00222381213779728,-0.00601157398589652,-0.00594065218058051,"AAMDC"
"chr12",8842961,8843212,252,4,0.0147068662402181,0.00274803842048521,0.00302902798118713,0.00205025054899582,"A2ML1"
"chr2",216001424,216001742,319,2,0.0147124222216404,0.00211343174718249,-0.00887278099839434,-0.0082422780230694,"MREG, PECR"
"chr5",42565657,42565764,108,2,0.0147146842109761,0.00223819377223884,-0.00616867033509789,-0.00591440389089492,"GHR"
"chr19",6577657,6578063,407,2,0.0147499033978052,0.00244245263846888,-0.00761699081446245,-0.00697914527825754,""
"chr4",137533742,137533804,63,2,0.0147522233131971,0.00479300616319589,-0.00465163470332709,-0.00392367697951697,""
"chr10",128061865,128062365,501,4,0.0147629903100565,0.00254306006900399,-0.00438133178888081,-0.00299779248897845,"PTPRE"
"chr18",74251862,74252193,332,3,0.0147823297792288,0.0176690649635459,-0.0032856127613192,-0.00191377906843854,"CYB5A"
"chr5",168329517,168329568,52,2,0.01478526402671,0.00228675194365699,-0.00796427440528223,-0.00563638747037654,"WWC1"
"chr12",121209797,121210290,494,9,0.0147885712385028,0.00376425655192826,0.00491380920106664,0.00158735677816283,"P2RX4"
"chr3",152298805,152299451,647,8,0.0147888583297098,0.00319655460160334,-0.00259048733805231,-0.00173628894675494,"MBNL1"
"chr7",158374714,158375076,363,3,0.0147930470738871,0.00347181630284538,-0.00711951938074815,-0.00492969355298291,"PTPRN2"
"chr9",114592441,114592703,263,2,0.0148069672256792,0.00250050782544032,-0.00741809411540748,-0.00561693045757226,"ATP6V1G1"
"chr2",11542694,11542738,45,3,0.0148072297100832,0.00173673984337065,-0.00737584975710525,-0.00536159163176421,"GREB1"
"chr13",99265806,99265901,96,2,0.0148172622837431,0.00215759185235407,-0.00529665941765726,-0.00515884108495186,"UBAC2"
"chr17",57881211,57881439,229,2,0.0148378957690672,0.00227243766515841,-0.00601779361478023,-0.00552368812812315,"CUEDC1"
"chr1",33815314,33815335,22,2,0.014845458204921,0.00272178266653798,-0.00782817736305669,-0.00692188508732039,"CSMD2"
"chr7",81299510,81299999,490,2,0.0148564898526354,0.00302432766095312,-0.00713626325964096,-0.00593590924539473,""
"chr17",43908335,43908876,542,5,0.01485752837217,0.00657418911524173,0.00560848244568211,0.00279335362702482,"MPP2"
"chr4",140237657,140238269,613,2,0.0148833981880842,0.00345796310168121,-0.00641203187949123,-0.00532254333141615,""
"chr3",156291362,156291891,530,7,0.0149395215363091,0.00308906074473852,0.00394888046466212,0.00208915487881678,"KCNAB1, AC091607.2"
"chr2",60484229,60484506,278,2,0.0150086118700637,0.00266269404441946,-0.00748990472879342,-0.00675383804680795,"BCL11A"
"chr2",25216241,25216506,266,2,0.0150114237093899,0.00391813053104001,0.00868215069602421,0.00723500014958307,""
"chr3",174135324,174135410,87,2,0.0150114237093899,0.00421902024470105,-0.00763879175262728,-0.00457551399657817,"NLGN1"
"chr12",52045877,52046171,295,2,0.0150114237093899,0.00430465697655886,-0.0071240384046169,-0.00480043346716317,"NR4A1"
"chr2",240170547,240170864,318,2,0.0150128630392649,0.00208991080676391,-0.00721787350833494,-0.00598928032209859,""
"chr13",40115369,40116231,863,3,0.0150154587543077,0.00308389192280236,-0.00660778339242137,-0.00488361850509282,"LINC00598"
"chr11",125904187,125904552,366,6,0.0150175824029305,0.0012739322525994,0.00282688371030207,0.00160827076477946,"DDX25, AP000842.2"
"chr3",159929411,159929853,443,2,0.015018364351861,0.00268694947110675,-0.00656952080314397,-0.0062188039354009,"IL12A-AS1"
"chr20",31566882,31567136,255,2,0.0150275318332285,0.00324599220801028,-0.00570000455286044,-0.0039101378118293,"HM13"
"chr17",40560550,40561041,492,5,0.0150415270207856,0.00213480186264307,-0.00634413029819199,-0.0033862116614734,"CCR7"
"chr14",89700897,89701291,395,3,0.0150532600664734,0.00153839018672356,0.00710609511816473,0.00500720884154424,"AL137230.2"
"chr13",99958362,99959054,693,6,0.0150590510454422,0.000620472921102908,0.00720999777927598,0.00546517463690274,""
"chr19",10352676,10354035,1360,7,0.0150837217119917,0.0012187818364356,-0.0021625600239489,0.000409867321366452,"TYK2"
"chr16",89374470,89374809,340,3,0.0151098138555613,0.00272950866951797,0.00650578027264974,0.00436674386321199,"ANKRD11"
"chr5",73508226,73508644,419,3,0.0151128048958945,0.00265056234857146,-0.00743519352391688,-0.00404228471492287,""
"chr5",135303994,135304248,255,2,0.0151128048958945,0.00835913054213801,-0.00675715119165733,-0.00408989378046567,"C5orf66"
"chr6",127464187,127464703,517,2,0.0151205358664207,0.00272178266653798,-0.00687669334120718,-0.00583985351028136,"AL096711.2"
"chr3",132317223,132317538,316,3,0.0151280958518266,0.00465032792666913,-0.00788422907225045,-0.00474250839586259,"ACP3"
"chr15",96409482,96409821,340,4,0.0151835467176606,0.00125892691191854,0.00410447353434768,0.00225453410172423,""
"chr3",73603458,73604039,582,2,0.0151862182331483,0.00208705605342704,-0.00632805631778496,-0.00599813985435889,"PDZRN3"
"chr10",6222127,6222813,687,6,0.0151887088161992,0.00213188724959408,-0.00386735357537418,-0.00220151701866789,"PFKFB3"
"chr10",89301537,89302145,609,5,0.0151965990817655,0.00126928742316165,-0.00321728101870913,-0.00155237977687945,"IFIT2, LIPA"
"chr10",13382851,13383688,838,6,0.0152302321706914,0.00121886593060668,-0.00303395898126762,-0.0020192762467905,""
"chr6",99618797,99618822,26,2,0.0152544391646785,0.00380253333802026,0.00811314988852954,0.00607871863413433,""
"chr10",124693092,124693109,18,2,0.0152611895521957,0.00287910493341806,-0.00264922929710631,-0.00254944335539021,"AC068896.1, FAM53B"
"chr10",121610330,121610676,347,2,0.0152707053922754,0.0308433983702986,-0.00303886913699194,-0.00145609441141471,""
"chr2",42102354,42102667,314,4,0.0152922163464959,0.00211650020179248,-0.0079330979704652,-0.0054149201513651,""
"chr2",241578689,241578743,55,2,0.0152923548772756,0.00278510800522424,-0.00648705885859522,-0.00582861131985809,""
"chr6",166008504,166008853,350,3,0.0153035590108769,0.00237337971737164,0.00440894426822067,0.00292486730436798,""
"chr1",113949998,113950013,16,2,0.015317957616152,0.00241883030771996,-0.00259765664800905,-0.00212314195480277,"HIPK1"
"chr5",524012,524388,377,3,0.0153276051560742,0.00109393288208664,0.00343496067711599,0.00216912150289267,"AC106772.2, SLC9A3"
"chr2",211593195,211593348,154,2,0.0153326455596106,0.00241575272231288,-0.00520174401285928,-0.00391930951025922,"ERBB4"
"chr7",97959199,97959366,168,2,0.0153416935931154,0.00238093728578792,0.00514172696416563,0.00444407203385423,"AC079781.5"
"chr6",6006165,6006684,520,4,0.0153763175040532,0.0028513753161147,0.00399831523993686,0.00197083120482936,"NRN1"
"chr7",77327245,77327669,425,2,0.0153848099600525,0.00246381249159742,-0.00583350244565851,-0.00550750507003282,"CCDC146, GSAP"
"chr16",70439544,70440143,600,4,0.0153958570706007,0.00453573380794238,0.00239332220203756,0.00148006003124121,""
"chr12",50025054,50026250,1197,15,0.0153998164894056,0.000534262166227075,0.00229255858380718,-4.60482047003015e-06,"RACGAP1"
"chr14",58663439,58663922,484,2,0.0154044393223604,0.00244550640105082,-0.00757909240107173,-0.00597131262419717,"LINC01500"
"chr15",78148895,78149470,576,8,0.0154097682798913,0.000553569328117097,-0.00146412411698098,-0.000570353216346002,"IDH3A"
"chr6",111957577,111957788,212,2,0.0154225486390127,0.0108602890717569,-0.00288219169749164,-0.00113938060576952,""
"chr2",219707894,219708261,368,2,0.0154321072616797,0.0082691886733955,-0.00509589039111884,-0.00344661579064823,"LINC02832"
"chr7",129404715,129405194,480,3,0.0154348867985147,0.00806179947519673,-0.00562095143062953,-0.00292571115356863,"AHCYL2"
"chr2",218287426,218287880,455,3,0.0154356485996192,0.00401480970288781,-0.00751588217194561,-0.00435308725042619,"PNKD, TMBIM1"
"chr19",49639967,49640694,728,10,0.0154407235873892,0.00158168350496568,-0.00268788675648631,-0.000754138467973105,"RRAS"
"chr1",228422736,228423568,833,2,0.0154656627485038,0.00109335883874985,0.00208428063169476,0.000115089702087079,""
"chr1",8482952,8483176,225,2,0.0154775112823166,0.00412810493003543,-0.00685827791470211,-0.00189073027527321,"RERE"
"chr7",54839629,54839769,141,2,0.0154866868565783,0.00242268881888738,-0.00691331079450073,-0.00653669538717452,""
"chr20",58689958,58690935,978,4,0.0154936470056842,0.000610509417277247,-0.00544166519272916,-0.00427869213116351,"STX16-NPEPL1, NPEPL1"
"chr9",131009475,131009671,197,3,0.0154997593345146,0.00277104887242058,0.00375570356339494,0.00218311073601263,"LAMC3"
"chr15",64703735,64704551,817,6,0.015502250208477,0.00321839248977023,0.00443980638064354,0.0023321125688759,"AC100830.1"
"chr5",102782013,102782589,577,2,0.0155391999553431,0.00288678364979477,-0.00672376112570558,-0.00634907126459982,"PAM"
"chr11",2270770,2271143,374,5,0.0155553079137702,0.00165234442384005,0.00452679564649514,0.00236633411228151,"ASCL2"
"chr11",125925645,125925753,109,2,0.0156301678122296,0.00219140447102076,-0.00745181373824998,-0.00733686788050548,"DDX25, AP000842.2"
"chr11",69985466,69986265,800,5,0.0156330533389861,0.00280880103877522,0.00380809106271938,0.000281383594455975,"AP003555.2"
"chr1",159799295,159799473,179,2,0.0156590999191032,0.0156725142107121,-0.00588007920521009,-0.00310747007730754,""
"chr17",50215324,50215620,297,2,0.0156771491720598,0.00295312284232058,-0.00805229788266583,-0.00533950143566441,"AC015909.1, AC015909.4"
"chr6",4180937,4181100,164,2,0.0156816592373364,0.00260718438001926,-0.00784200013667516,-0.00656356953178017,""
"chr3",143314443,143314736,294,4,0.0156995796891603,0.00286136488061459,-0.00666776612655151,-0.00419556450897286,"SLC9A9"
"chr12",116059992,116060225,234,2,0.0157156162109348,0.00265725835037575,-0.00603221106864308,-0.00589482407320806,"MED13L"
"chr10",72626021,72626494,474,10,0.0157635147395245,0.000825428397630607,-0.00114508021390614,-0.000510435992783452,"MICU1"
"chr21",32372155,32372532,378,2,0.0157642543187768,0.0050373338795961,-0.00836827030671981,-0.00569903092334761,"URB1"
"chr1",245244843,245245516,674,3,0.0157759320794983,0.00300271770949402,-0.00733266125043339,-0.00274155026801219,"KIF26B"
"chr8",143944948,143946213,1266,10,0.0158090643759318,0.00180892345960943,-0.00531944975388183,-0.00237582290107045,"PLEC, MIR661"
"chr3",16883070,16883607,538,4,0.0158456556540837,0.00380856666034008,-0.00631051981340441,-0.00357576995228465,"PLCL2"
"chr8",26189876,26190549,674,6,0.0158615330890179,0.00066071454534377,-0.00503925163703018,-0.00307442773180533,""
"chr9",129320844,129321808,965,8,0.0158622357470289,0.00388031595487681,-0.00483616201235626,-0.00168058457806027,"C9orf106"
"chr14",31934809,31935436,628,4,0.0158635967874289,0.00813512759674262,-0.00702824339946193,-0.00352906807506314,""
"chr15",65534421,65534440,20,2,0.0158982675792673,0.00220597946636913,0.00623190846536533,0.00612159432018329,"HACD3"
"chr19",55281328,55281638,311,2,0.0159090946329266,0.00584959614043343,-0.0038449061801055,-0.00100393478997044,""
"chr11",334251,334561,311,5,0.015926950038786,0.000866195175188921,-0.00603733161161286,-0.00530779779670985,""
"chr17",68198480,68198580,101,4,0.0159609061760614,0.00321771297127776,0.00492662792606775,0.00335751321576697,""
"chr13",111006560,111006932,373,2,0.0159796118124413,0.00258372674617514,-0.00765316805591032,-0.00624929902286597,""
"chr3",43892077,43892122,46,2,0.0159968888395808,0.00322750520839655,-0.00490100420732729,-0.00431493627817294,""
"chr14",75941219,75941222,4,2,0.016004033862893,0.00260273099042055,-0.00392122366831915,-0.00383077782958487,"TTLL5, IFT43"
"chr2",1643363,1643425,63,2,0.0160060548302051,0.0028358659719552,-0.00660176468528865,-0.00640766726550583,"PXDN"
"chr7",81624594,81625393,800,2,0.0160086187323399,0.00149152378243288,-0.00507683432852122,-0.00482659626832086,"AC008163.1"
"chr9",6552115,6552612,498,2,0.016045010925789,0.00260258114039056,-0.0070785752255814,-0.0062789213714192,"GLDC"
"chr6",165506871,165507290,420,2,0.0160612678671147,0.00145996412513983,-0.00682008595597167,-0.00520759009146825,"PDE10A"
"chr8",144713744,144713966,223,2,0.0160658813424739,0.00186115180744978,0.00814145621438954,0.00669745492134791,"AF186192.3"
"chr10",45442390,45442554,165,3,0.0160862688189101,0.00173547910845723,-0.00329483291528245,0.000226781486527898,"ALOX5"
"chr6",16345160,16345403,244,2,0.0161002310910724,0.00313783991350538,-0.00613784824641564,-0.00518858919314646,"ATXN1"
"chr17",9072573,9073203,631,3,0.0161279417272447,0.00176337243579158,-0.00676800432086366,-0.00615393079342089,"NTN1"
"chr6",7633066,7633476,411,2,0.0161279417272447,0.00304483304486624,-0.00697094784126776,-0.00659489163413713,""
"chr10",5547777,5548307,531,2,0.0161279417272447,0.00266269404441946,-0.00679697454353602,-0.00607098947806128,""
"chr4",188738002,188738382,381,4,0.0161594459516216,0.00207805725511499,-0.00506023565351583,-0.00307068240354948,"AC093909.1"
"chr8",6543294,6543524,231,3,0.0161887638175336,0.00206667877850457,-0.00608077191935295,-0.0056184439940605,"MCPH1, ANGPT2"
"chr11",117796157,117796474,318,4,0.0161896356263866,0.0140533228901924,0.00539538516042785,0.00315497860466917,"DSCAML1"
"chr11",64868256,64868374,119,3,0.0161914207299463,0.00165110087099692,-0.00618639037677173,-0.0048774554492048,"EHD1"
"chr10",77416435,77417924,1490,3,0.0161967216850271,0.000338955691308731,-0.00617286002944315,-0.00545715104399227,"KCNMA1"
"chr6",75431086,75431574,489,2,0.0161970410143238,0.00213188724959408,-0.00786626323126428,-0.00675685428250773,"FILIP1"
"chr2",160377195,160377359,165,2,0.0162046445063514,0.00531711739672242,-0.00635100130082712,-0.00527124428360063,"RBMS1"
"chr12",130466216,130466407,192,2,0.0162090541060864,0.13408836402537,-0.00772423475368899,-0.00378397185881797,"RIMBP2, AC063926.2"
"chr2",6877597,6878022,426,4,0.0162145903990074,0.00206522627588223,-0.00719555143115346,-0.0058776371733268,"RSAD2"
"chr17",38452502,38452758,257,2,0.0162236120331966,0.00503761084976698,-0.00807192226802612,-0.00583947544089017,"ARHGAP23"
"chr1",938346,938435,90,2,0.0162276230937723,0.00574005558878964,-0.00500599803489229,-0.00350295111913931,"SAMD11"
"chr19",44698372,44698654,283,3,0.0162386621174417,0.00631506014432718,0.00630758110313336,0.00277522539198971,"AC243964.3"
"chr11",102268793,102269050,258,2,0.0162592137477031,0.00315560329936594,0.00304235521312261,0.00253464146884331,""
"chr17",79307184,79307190,7,2,0.0162592137477031,0.00272736192773211,-0.00602634233277997,-0.00574615119200154,"RBFOX3"
"chr16",76005,76452,448,4,0.0162650244127875,0.00265760811996175,-0.00585078366771189,-0.00431291689618262,"RHBDF1"
"chr12",4809835,4810425,591,5,0.0162722025309688,0.000871581022884039,0.00471195306074636,0.00205797234939357,"GALNT8, KCNA6, AC005833.2"
"chr14",49479563,49479604,42,2,0.0162960213208516,0.00355381662147942,-0.00539060448920617,-0.00442793256213897,""
"chr15",70879561,70879574,14,2,0.01633469086861,0.00230395518996171,-0.00634827059299371,-0.0062234332194027,"LRRC49"
"chr5",6378995,6379153,159,3,0.0163424113525268,0.00104883391670205,0.00555298367514156,0.00400162256104796,"AC093307.1"
"chr4",22500409,22500454,46,2,0.016344312358251,0.00225035640892025,-0.00707670872969819,-0.00506819219221356,"ADGRA3"
"chr18",12253750,12254025,276,4,0.0164070529319264,0.018580289884324,0.00435442905431461,0.00172063805075125,""
"chr12",110555637,110556078,442,2,0.0164077341256964,0.00226762071527813,-0.00572760784154552,-0.00547928183649284,"PPTC7"
"chr18",32772542,32773326,785,10,0.0164271234637836,0.000534581818332501,0.00783974310775251,0.00496978372079155,"AC012123.1, KLHL14"
"chr11",86567631,86567801,171,2,0.016486103496667,0.00695975996382219,-0.00831000379263917,-0.0057523102976639,"AP001831.1, ME3"
"chr16",1794926,1795112,187,6,0.0164996473704535,0.00140375752892668,-0.00360436178786749,-0.00267976877745296,"IGFALS"
"chr1",93200254,93200351,98,2,0.0165242137918606,0.00287647047060347,-0.00217244010694015,-0.0021137678323467,"CCDC18"
"chr15",26967764,26968215,452,3,0.0165401976650576,0.00191536873461237,0.00703839433229541,0.00557411418230122,"TVP23BP1"
"chr3",146222255,146222653,399,4,0.0165613102813877,0.00483753480033334,-0.00680942273554646,-0.00407426883218262,"PLSCR4"
"chr18",26227106,26227321,216,2,0.0165613102813877,0.00611624276200387,0.00510695979752119,0.00264647519453023,"TAF4B"
"chr8",104537351,104537471,121,2,0.0165628374551184,0.00300728701404079,-0.00658898370892454,-0.00457609476026182,"LRP12"
"chr22",41485244,41485317,74,2,0.0165628374551184,0.00267900892694077,-0.00762736850360496,-0.00457696610189028,"ACO2"
"chr19",48675529,48675732,204,2,0.0165646792259904,0.0502475916636949,0.00606781783538893,0.00306842526216088,"SEC1P"
"chr1",176015979,176016622,644,3,0.0165735257231367,0.175685322681655,-0.00205632774805177,-0.000496545211032238,"COP1"
"chr6",28207505,28208452,948,8,0.0165818164841025,0.00305047839019724,0.00716553605408922,0.00238057204979863,""
"chr5",127041340,127041581,242,2,0.0165937398681362,0.00294725270305161,-0.00825319903008686,-0.00615817115442809,""
"chr11",8721411,8722123,713,2,0.0166346900579864,0.00243840621427849,-0.00630531664705997,-0.00615900897952307,"DENND2B"
"chr13",112901830,112902389,560,5,0.0166447787850171,0.00355347058732744,-0.00664243581678745,-0.00340408066165386,"MCF2L"
"chr14",22561595,22562110,516,2,0.0166527214410471,0.00344120061564321,-0.00665159137416338,-0.0059716992637699,""
"chr15",98924585,98924836,252,3,0.0166581249087816,0.00175185391116544,-0.0073657129963271,-0.0063574078150982,"IGF1R"
"chr3",150972370,150972847,478,9,0.0166810087564313,0.0213697481832461,-0.00593141859145651,-0.0016311508369026,"CLRN1-AS1, AC020636.1, CLRN1"
"chr16",84037282,84037451,170,2,0.0166810087564313,0.00431469004298568,-0.00705383049193954,-0.00284312040346132,"SLC38A8"
"chr7",77794097,77794195,99,2,0.016687957873332,0.00269723798983767,-0.00363227820380474,-0.00351505164112181,"TMEM60"
"chr16",84350047,84350160,114,2,0.016687957873332,0.0022646532015541,-0.00554120273343885,-0.00423183301440697,""
"chr19",34262575,34262731,157,2,0.0166885947845857,0.00294696689042166,-0.0054499182576274,-0.00361162393971908,"GARRE1"
"chr15",41263600,41263925,326,2,0.0166967777983194,0.0549563978420727,-0.00786841298660578,-0.00378931796653777,"CHP1"
"chr19",35008940,35009064,125,3,0.0167296371191755,0.00294725752545604,-0.00551171287157076,-0.00429562409292701,"GRAMD1A"
"chr12",132904804,132904934,131,3,0.0167421481762004,0.00570415560300037,0.0073346716423329,0.00399049576126238,"CHFR"
"chr7",100633655,100634049,395,2,0.0167476044707438,0.0302857936603825,0.00484109764828404,0.00260396636087318,"TFR2"
"chr14",74571810,74572387,578,2,0.0167521024729707,0.00222947135436519,-0.00751305779595612,-0.0055290401218695,"LTBP2"
"chr10",133446061,133446356,296,2,0.016754531774239,0.00346842797241497,0.00538439066626214,0.00525330250836888,""
"chr15",44784202,44784208,7,2,0.0167659815333669,0.0022693152606038,0.00559386064995516,0.00546358297451194,""
"chr12",123445570,123445577,8,2,0.0167794480185122,0.003036408088184,-0.00474190355929819,-0.00459885353313239,""
"chr3",4825656,4826045,390,2,0.0167949981902075,0.00331739149815614,-0.00744469802999775,-0.00651537671678564,"ITPR1, AC018816.1"
"chr15",91706445,91706642,198,3,0.016824876402534,0.00169571469827605,-0.00758735113988468,-0.00377399210625114,""
"chr10",24207667,24208038,372,5,0.0168265425023494,0.00144177883109084,-0.00563944506710644,-0.00400970722690226,"KIAA1217"
"chr7",1505749,1505898,150,3,0.0168474499047788,0.0231945958651892,0.00559158738997614,0.0029606291472966,""
"chr1",20717538,20717834,297,5,0.0168607679061133,0.00966484070924066,0.00482949516531227,0.00185582852504504,"KIF17"
"chr2",132670849,132671263,415,7,0.0168781687422943,0.000532918639031484,0.00611345116521691,0.00485438142773273,"LYPD1"
"chr1",17527447,17527779,333,2,0.0169464562058308,0.0026668479798428,-0.00718188192847717,-0.00710057605351721,""
"chr11",78561221,78561697,477,3,0.0169769437823766,0.00249813873062075,-0.00603078170085989,-0.00512741323708532,"NARS2"
"chr17",71412963,71413138,176,2,0.0170221171308441,0.00250068244306797,-0.00679802232780686,-0.00640250243526812,""
"chr20",63775324,63775999,676,5,0.0170264372764846,0.0028754223260833,0.00581454299527681,0.00350936430235635,"ZBTB46"
"chr2",206823170,206823235,66,2,0.0170416226638207,0.00213998271589291,-0.0073695625038407,-0.00488893056565456,"AC008269.1"
"chr12",106684540,106684632,93,2,0.0170441728227159,0.000988728826778714,-0.00575814521933174,-0.00467702874133197,"RFX4, AC079385.1, AC079385.2"
"chr11",128290388,128290742,355,3,0.0170608927077648,0.00189535539676199,-0.00694437228548202,-0.00476137407852012,""
"chr11",121576567,121576836,270,4,0.0170656835861033,0.00614365027320735,-0.00627984922806262,-0.00319958642338313,"SORL1"
"chr3",184097276,184097301,26,2,0.0171306763718649,0.205164936246423,-0.00586899797805941,-0.0029244795259175,"HTR3E, HTR3E-AS1"
"chr1",59013507,59013968,462,2,0.0171318054469805,0.00216740094595034,-0.00823890494958397,-0.00699235265805527,"LINC01358"
"chr10",101032136,101033078,943,5,0.0171346457271752,0.00708177859877284,0.00490114252522453,0.000360096699161178,"SFXN3, PDZD7"
"chr4",101306583,101307232,650,2,0.0171635244432642,0.00244491205726616,-0.00499722780288091,-0.00458972906113188,"PPP3CA"
"chr3",82080937,82080941,5,2,0.0171800005019196,0.00277912396092654,-0.00571076277237017,-0.00524785755072006,"LINC02008"
"chr8",134457087,134457309,223,3,0.0172262966741525,0.00217388918514414,0.00606768643136272,0.00456521831725358,""
"chr22",43127010,43127316,307,2,0.0172327193993806,0.0538726510372309,-0.00592457274327378,-0.00287046234498762,"BIK"
"chr16",84827160,84827312,153,3,0.0172603530895158,0.00218771563806325,0.00542522475915345,0.00441245408765501,"CRISPLD2, AC025280.3"
"chr5",42840412,42840596,185,4,0.0172634949192849,0.001050972377708,-0.00700088868757481,-0.00546505358745141,"AC008945.2, SELENOP"
"chr5",58188381,58188421,41,2,0.0172737160521336,0.00357279935821584,-0.00887930026380711,-0.00667865150590828,""
"chr3",46405507,46405763,257,2,0.0172745214939456,0.00300034128117469,-0.00529818448762241,-0.00524312323318067,"CCR5AS"
"chr10",5453676,5454660,985,5,0.0172861699504182,0.00262799657844873,-0.00475474297030243,-0.00260774274293545,"NET1"
"chr6",122712391,122712677,287,2,0.0172861699504182,0.00486069103701933,-0.00610047720672641,-0.00478434199697956,"PKIB, AL512283.3"
"chr8",109586115,109586463,349,2,0.0172878987117746,0.00351078246500211,-0.00580045544846421,-0.00562850128698632,"SYBU"
"chr12",49707571,49708253,683,8,0.0172894382419242,0.000577166619417704,0.00280532463265648,-0.000201643920856202,"TMBIM6, FMNL3"
"chr11",95641598,95641702,105,2,0.017289666939037,0.00244491205726616,-0.00766656586749311,-0.00758731698907596,"AP000820.2"
"chr6",32886300,32886742,443,3,0.0172901592524613,0.00644961040875768,-0.00394648147008195,-0.00234419017834992,""
"chr8",25320125,25320515,391,2,0.0172954001923387,0.00292621144695325,-0.00740439069885306,-0.0062454413930522,"DOCK5"
"chr19",40398784,40399067,284,3,0.0172962679593127,0.00148396058126409,0.00933263612420713,0.00594657122352646,"PRX"
"chr1",15764433,15765104,672,4,0.0173015054960057,0.00081759634722638,-0.00594536357822216,-0.00379201648127878,"FBLIM1"
"chr6",166691113,166691438,326,5,0.0173060792705788,0.0099832923243234,-0.00653006033821568,-0.00415914177073671,"RPS6KA2"
"chr8",141291578,141292291,714,4,0.0173489542055478,0.00112943203922717,-0.00484260206430377,-0.00403668582235202,"AC011676.3, SLC45A4"
"chr2",238081444,238081649,206,4,0.0173524616507711,0.00204290957604591,0.00520151490878961,0.00223908304193329,"UBE2F-SCLY, SCLY"
"chr3",4885948,4885971,24,2,0.0173612910482248,0.00274803842048521,-0.00653777573940219,-0.00560495606245598,"AC018816.1"
"chr11",123472557,123472618,62,2,0.0173722293002713,0.00684271106997452,-0.00422278780079213,-0.00237774692466483,"GRAMD1B"
"chr15",75818580,75818771,192,2,0.0173938900344432,0.00956215485335321,-0.00496876477127873,-0.00150612836078594,""
"chr7",159026502,159026929,428,3,0.0174127693673365,0.00677396974671076,-0.00788694611736852,-0.005816782991169,"LINC00689"
"chr6",43644609,43645243,635,7,0.0174130432743046,0.000528480302894362,0.0058957425535529,0.00359152845842881,"RSPH9"
"chr8",60792773,60793148,376,2,0.0174489432987114,0.00368317939245909,0.00762564899336536,0.00659801775224818,"CHD7"
"chr14",73289543,73290005,463,3,0.0174523475027751,0.0803780434896134,-0.00578689643830301,-0.00374153661728713,"NUMB"
"chr14",91253829,91254092,264,7,0.0174578031982087,0.00195341205490245,0.00599402254349581,0.00330882283441903,"GPR68"
"chr3",58009994,58010425,432,3,0.0174821941430915,0.00206667877850457,-0.00629043783674491,-0.00568308443263344,"FLNB"
"chr14",23361765,23362461,697,2,0.0175046609419564,0.00239396299131369,0.00579864627489579,0.00572060167835899,"EFS"
"chr19",2095365,2095644,280,4,0.0175053339330583,0.00151869405624545,0.00803596645679126,0.00704836581923216,"MOB3A"
"chr20",26209692,26209718,27,3,0.0175227668627032,0.00227708978883614,0.00411398490379329,0.00339493833567965,"MIR663AHG"
"chr17",80930685,80931473,789,2,0.0175298341785387,0.0018219266720995,-0.00775155064342741,-0.00665769696040958,"RPTOR"
"chr10",131641469,131641721,253,2,0.0175325231444841,0.0282632718189538,-0.00637245494966719,-0.00311604514646244,""
"chr5",72884029,72884264,236,2,0.0175524094268984,0.00267993791042237,-0.00430947194693009,-0.00311493060571789,"TNPO1"
"chr3",46407005,46407704,700,12,0.0175697453136843,0.00180778972881913,-0.00667836591605724,-0.00338880514408391,"CCRL2, CCR5AS"
"chr4",10461225,10461726,502,4,0.01757093685823,0.00504847675613696,0.00599058091059763,0.00388607926200918,"AC005599.1"
"chr10",104328944,104329245,302,5,0.0175762157107112,0.00116869860489565,-0.00602262934823894,-0.00491643312880529,"ITPRIP"
"chr19",50659251,50659427,177,3,0.0175763257357477,0.0139368606473792,-0.000925654918105482,-0.0002114660349143,"C19orf81, SHANK1"
"chr19",45472436,45473230,795,6,0.0176083333637058,0.00236653727779869,0.00808805247820902,0.00354869868493178,"FOSB, ERCC1"
"chr10",4034959,4035103,145,2,0.0176339594659145,0.00273753618664077,-0.00767300996094949,-0.00718750716852905,"AC025822.1"
"chr9",133534659,133534935,277,6,0.0176474313010677,0.000506284770382562,-0.00411057723495147,-0.00320492660333865,"ADAMTSL2"
"chr8",118071450,118071707,258,2,0.0176576517715731,0.00294725270305161,-0.00489551378082418,-0.00411641600767084,"EXT1"
"chr15",95431716,95432225,510,3,0.017668348814692,0.00904435782441867,-0.00719636954826434,-0.00190992951417006,"LINC00924"
"chr3",126057311,126057946,636,4,0.0176847667488469,0.00210293683578993,-0.00623199751686937,-0.00302271829157669,"AC117422.1, SLC41A3"
"chr9",136053297,136053416,120,3,0.0176876418426773,0.0067057642120605,0.00649227584159496,0.00514079387852937,"NACC2"
"chr12",124297900,124297997,98,4,0.0176928340299442,0.001164853966958,-0.00442798943217245,-0.00412414508448985,"RFLNA"
"chr13",26759344,26759972,629,5,0.0177127891605382,0.0019025147788614,0.00580466806368089,0.00313358432429555,"GPR12"
"chr16",75252703,75253121,419,3,0.0177539180266433,0.026931678166816,-0.0082497426538763,-0.0054409393652601,"BCAR1"
"chr10",69269888,69270123,236,2,0.0177550447537553,0.00273781032384869,-0.00412011551983657,-0.00404593959130677,"HK1"
"chr5",77947231,77947297,67,2,0.0177711533155411,0.00464486013068661,-0.00536259681532068,-0.0039246534423049,""
"chr11",64102321,64102590,270,3,0.0177995843268128,0.0028358659719552,-0.00664593763776761,-0.0061451281229564,"AP000721.2, MACROD1"
"chr7",74453127,74453618,492,7,0.0178143042937147,0.000719048671872905,0.00297528355830668,0.00181117819805855,""
"chr8",96158438,96158898,461,3,0.0178156753940374,0.00668415066353873,0.00859324160975743,0.00584941342506508,"GDF6"
"chr10",109954029,109955140,1112,3,0.0178383897984035,0.00529797583497439,-0.00752750219279887,-0.00171767016578322,"ADD3-AS1"
"chr5",132964020,132964169,150,4,0.0178601834058316,0.0397888650645227,0.00563409596518495,0.00245137554724565,"AC010240.3"
"chr16",57609733,57610499,767,4,0.0178629121437364,0.00130781023915298,-0.00685260410233777,-0.00302306418049282,""
"chr2",62661358,62661431,74,2,0.0179020734053374,0.00316594030904539,-0.00656561237292983,-0.00577119295032519,"AC092155.1"
"chr11",16925374,16925948,575,3,0.0179078280922822,0.00127989639082647,-0.0012369617046107,-0.00105491629690422,"PLEKHA7"
"chr9",129258204,129258278,75,2,0.0179136930732122,0.00437752702410106,0.00737158918133019,0.00572629062391497,"AL158151.3, AL158151.1"
"chr20",49916586,49916659,74,3,0.0179181323761801,0.00491244934294156,0.0070094767664579,0.00393623661788666,""
"chr11",65576884,65577473,590,4,0.0179232950943662,0.00265725835037575,-0.00788854320853047,-0.00538013849628987,"EHBP1L1"
"chr17",1511466,1511477,12,2,0.0179740849812039,0.00278510800522424,-0.0063079191323985,-0.0057079376382801,"INPP5K"
"chr7",43764204,43764403,200,3,0.0179775252548878,0.00214547504188553,-0.00916128406670054,-0.00607977318896416,"BLVRA"
"chr1",30242193,30242507,315,3,0.0179957631203922,0.0418462864300036,-0.00897583489728747,-0.00399665471785785,""
"chr5",77645055,77645571,517,4,0.01803913153042,0.00444523966987979,0.00360985310240631,0.00241977446450037,""
"chr10",10872250,10872411,162,2,0.0180586944567405,0.00266269404441946,-0.00735587478655818,-0.00559907751120718,"CELF2"
"chr3",3202067,3202075,9,2,0.0180598428835985,0.00255148324647993,-0.0036998349467931,-0.00326983207497038,""
"chr8",17412838,17413325,488,6,0.0180855576353716,0.00232614902589795,0.00300782281672427,0.00180773743520563,"MTMR7"
"chr17",57994384,57995002,619,4,0.018086904394448,0.00169888762466905,-0.00597009423490246,-0.00373179958560001,"AC015813.2, AC015813.1"
"chr16",75097027,75097232,206,3,0.0180945113770972,0.0073759452952844,-0.00471476010278499,-0.00305228108448837,"ZNRF1"
"chr5",180831018,180831852,835,6,0.018096263541212,0.0256627473716054,-0.00125921217190896,-0.000617828088230169,"LINC00847, HEIH"
"chr5",125492166,125492646,481,2,0.0180984274377668,0.00220191902571945,-0.00606689299417192,-0.00564972925797023,"LINC02240, AC116362.1"
"chr8",101042002,101042336,335,2,0.0181285392944339,0.00720370559575647,-0.00758068954018011,-0.00469166512086051,"FLJ42969"
"chr3",45218782,45218838,57,2,0.0181287943306202,0.00245516130890064,-0.00606842923314906,-0.00603532448172813,""
"chr4",1405347,1405728,382,2,0.0181329948955786,0.00399257548527142,0.00712228806105508,0.00515602163489831,"NKX1-1"
"chr10",60199885,60200427,543,2,0.0181340491137952,0.00264950024509231,-0.00691953626705523,-0.0055643392972051,"ANK3"
"chr2",105856508,105856733,226,2,0.0181484870702565,0.00582108215569098,-0.00869761473597163,-0.00592857157926276,"NCK2, AC010978.1"
"chr3",119145618,119145842,225,4,0.0181726046933192,0.0229093694048519,-0.00677298763071315,-0.00280652357139344,"IGSF11"
"chr19",54473125,54473561,437,3,0.0181726046933192,0.00295240193556625,-0.00258048624880115,-0.00176065115953942,"CDC42EP5"
"chr5",55600764,55601444,681,4,0.0181762415508029,0.00269505637446788,-0.002564724697595,-0.00192032106503313,""
"chr10",124105983,124106271,289,2,0.0181845155588151,0.0059061273960759,-0.00577241730232037,-0.00387964505049602,""
"chr1",8348538,8349005,468,3,0.0181925059472184,0.0115619353881628,-0.00525571193478738,-0.00279006542095294,""
"chr5",119333000,119333015,16,2,0.0182034713688942,0.00344532678694451,-0.00708717705159034,-0.00509748950151792,"TNFAIP8"
"chr10",15719658,15720313,656,9,0.0182061054202036,0.00669833708702825,0.0054901108312098,0.00143628168864716,"ITGA8"
"chr11",78425267,78425596,330,2,0.0182333842930453,0.002591604754276,-0.00697102062678061,-0.00647691177034345,"AP003086.1, LINC02728"
"chr3",142817598,142817912,315,2,0.018260396827225,0.00437661019193525,-0.00454702459630515,-0.00369239230919515,"PCOLCE2"
"chr2",36361790,36362740,951,2,0.0182655746065593,0.000988728826778714,-0.00639016994721936,-0.00625014383036381,"CRIM1"
"chr15",74622141,74622150,10,2,0.0182820578405927,0.00331243607116365,0.00234362591750996,0.00182638674827823,"CLK3"
"chr5",135399672,135400336,665,11,0.0182842658726526,0.00049836161542074,0.00788942054740161,0.00455297121623724,"AC026691.1, MACROH2A1"
"chr17",1960475,1960617,143,2,0.0183307071398601,0.00254177057538838,-0.00668568903575584,-0.00580479910598701,"RTN4RL1"
"chr17",795159,795254,96,2,0.0183342292243464,0.0515202207901358,0.0033054007771992,0.0012041656719131,""
"chr3",194396289,194396532,244,3,0.0183354855763271,0.00148474856964438,-0.00600653767872571,-0.00497599444382109,"GP5"
"chr5",139633500,139633732,233,2,0.0183523498749871,0.00356807458414768,-0.00440861070703072,-0.00286701817470699,""
"chr7",139482681,139482801,121,2,0.0183941525531296,0.00308906074473852,0.00493885129924168,0.00413662567339138,"KLRG2"
"chr9",101372936,101372962,27,2,0.0184106267278482,0.00247293968763339,-0.00457512775489821,-0.0040235298159435,"BAAT"
"chr3",188796261,188796619,359,2,0.0184351950322414,0.00261723880516631,-0.00702781670104002,-0.00580400575636219,"LPP"
"chr16",57284968,57285405,438,5,0.0184463943048074,0.000606997780082951,0.00486270202136289,0.00225937158093328,""
"chr19",4851563,4852272,710,6,0.0184485312719411,0.00285683653691887,0.00837097544559721,0.00257394774898877,"PLIN3"
"chr14",76889085,76889271,187,2,0.0184745079326556,0.0209810624409334,-0.00637696183507777,-0.00323568955232389,""
"chr4",84496816,84497663,848,5,0.0184752434556807,0.00237758398682452,0.00924384889593587,0.00514913324335048,"NKX6-1"
"chr16",20348493,20349175,683,7,0.0184800847028591,0.0106370400198409,0.00853572528582585,0.0039381447940706,"UMOD"
"chr18",13539060,13539260,201,2,0.0184872514741712,0.00405489332450264,-0.00525401762345259,-0.00407609466455106,"LDLRAD4"
"chr4",150579779,150579883,105,2,0.0184883063420391,0.00613506789300025,0.00876305841863187,0.00724515549565912,"AC110813.1, LRBA"
"chr4",124717116,124717119,4,2,0.0184940127500505,0.0126566072479022,-0.00173796130801324,-0.00122362820334573,""
"chr1",205632908,205633078,171,3,0.0185007855290148,0.0167259428097335,0.00740338253221394,0.00163702915644837,""
"chr15",43517288,43517933,646,7,0.018508907809973,0.000781878217045239,-0.00345715830447041,-0.00257738649081893,"MAP1A"
"chr15",85329690,85330390,701,4,0.0185218488181624,0.00137989307562265,-0.00430496674902558,-0.00370848317876294,"ADAMTS7P4"
"chr4",181309004,181309192,189,2,0.0185805074075282,0.00282119992495624,-0.00763166548454638,-0.00717714283616819,""
"chr2",233868161,233868581,421,5,0.0185862288939085,0.0130481503986484,0.00653064843915854,0.00371200667409469,"MSL3P1"
"chr12",3230973,3231240,268,2,0.0185862288939085,0.00290995400045778,-0.00695021947089555,-0.00604104869944044,"TSPAN9"
"chr5",179559130,179559290,161,2,0.0186035215549121,0.00229765628414873,0.00564111251566846,0.00406724600079468,"RUFY1"
"chr1",246497223,246497576,354,2,0.0186108837168699,0.00688579626281426,-0.0069814301905463,-0.00396798418968,"SMYD3"
"chr8",30423145,30423414,270,2,0.0186607320977694,0.00280635344122078,-0.00818945569417515,-0.00590980844200416,"RBPMS"
"chr19",56812472,56812927,456,3,0.0186735118765445,0.00335083347595346,-0.00320175332629721,-0.00265797007724952,"AC006115.2, ZIM2, PEG3"
"chr6",131637004,131637201,198,4,0.0186838001000728,0.00233210176770029,-0.00655318964961723,-0.00454831169627373,"ENPP3"
"chr6",137804737,137804803,67,2,0.0187100820689158,0.00334133480696973,-0.00554778215442361,-0.00440351150582662,""
"chr1",65264103,65264798,696,8,0.0187173953578577,0.000629876503165688,0.00534364671807758,0.00254919532647685,"DNAJC6"
"chr5",55230708,55231492,785,3,0.0187202885512897,0.00409628653336754,0.0038321356594959,0.00322231285238382,"CCNO"
"chr6",14754868,14755128,261,4,0.01872095032684,0.00154044907992904,-0.00395278220677499,-0.00272986727164292,"AL138720.1"
"chr13",33214092,33214386,295,2,0.0187417224769717,0.0359451502883972,-0.00511834963917693,-0.00289681581130654,"STARD13-AS, STARD13"
"chr13",71864546,71864747,202,2,0.018756921513392,0.00563857950866286,0.00946066838435946,0.00515501570142863,"DACH1"
"chr6",158171238,158171388,151,2,0.0187762884663559,0.00444962988439308,-0.00768213379585244,-0.00458103299415081,"GTF2H5"
"chr2",237676411,237676952,542,2,0.0187906099794856,0.00274900741758267,-0.00439697869679278,-0.00108948652777181,"LRRFIP1"
"chr15",77028280,77028446,167,4,0.018802851657191,0.00231897887339091,0.00707968966995863,0.00535221200246148,"PSTPIP1"
"chr13",100508679,100509362,684,3,0.0188064809846545,0.00151869098431972,-0.00723462747406856,-0.00569259275302841,"PCCA"
"chr13",59099497,59099655,159,2,0.0188215219091471,0.00252526151377998,-0.00637934164014546,-0.00571845931913177,""
"chr11",9533176,9533321,146,2,0.0188285030121125,0.00274575995562901,-0.0053964971018314,-0.00396348196871325,""
"chr17",66834877,66835259,383,4,0.0188323471171376,0.017802022975114,0.00497692219156563,0.00258368989094925,"CACNG5"
"chr12",57138532,57139263,732,3,0.0188326930593879,0.00144617814979557,-0.00643630282460991,-0.0057378798841377,"LRP1"
"chr3",113098240,113098494,255,2,0.018834299503432,0.00564523685188045,-0.00796633312934644,-0.00617744196226693,"AC078785.1"
"chr5",178233236,178233508,273,4,0.0188557890159775,0.0148571515239127,0.00268676159485791,0.00148334194920735,""
"chr12",103442972,103443027,56,2,0.0189020055700183,0.0310746589383405,-0.0090712241828526,-0.00493251547018257,"C12orf42"
"chr13",110044473,110044634,162,2,0.0189020055700183,0.00244784895285584,-0.00668469171626438,-0.00604195281609523,"AL390755.1"
"chr20",21391565,21392169,605,4,0.0189164154453763,0.0139425035177935,0.00716399452742919,0.00231656958856815,""
"chr16",27779729,27779945,217,5,0.018917393698014,0.00113785697957149,0.00867689424338551,0.00692422553251266,"KATNIP"
"chr8",71363316,71363381,66,2,0.0189301055991471,0.051190832162526,-0.00841498605599122,-0.00463640997806988,"EYA1"
"chr4",106690666,106690713,48,2,0.018939366467641,0.00267900892694077,-0.00534749769123746,-0.00481359662871598,"AC092445.1"
"chr11",116871429,116871636,208,2,0.01895373675007,0.0068149193912864,-0.00829809107230659,-0.00539618282633386,"SIK3"
"chr1",182615206,182615868,663,4,0.0189678010858425,0.00102560858830562,0.00704320006694106,0.0060284987533962,"LINC01686"
"chr4",187478825,187479110,286,2,0.0189850625547785,0.00449061553164417,-0.00814079166525622,-0.00583079747025566,""
"chr8",66559959,66560258,300,2,0.0189966083518762,0.00243750934321442,-0.00751227944003703,-0.00622356840941824,""
"chr14",77041118,77041191,74,2,0.0190025256653428,0.000944801340031576,0.00391811051734748,0.00270234547095213,"LINC02288"
"chr2",66581062,66581719,658,4,0.0190112091195193,0.00139237172939371,0.00602509910307978,0.00410175892069906,"LINC01798"
"chr12",43284537,43285267,731,2,0.0190112091195193,0.00218330910238011,-0.0052039355850658,-0.00473758858842908,""
"chr10",103651317,103652128,812,3,0.0190231171771412,0.00114587539546342,-0.00795548099075096,-0.00676262336550609,"SH3PXD2A"
"chr9",18238549,18238709,161,2,0.0190231171771412,0.00631040766179521,-0.00864834096539206,-0.00498988472115555,"ADAMTSL1"
"chr6",73394678,73395342,665,8,0.0190267556995839,0.00120033538697208,0.00431625063320046,0.00277914624924861,"DDX43, OOEP"
"chr2",153479793,153479888,96,3,0.0190280813693115,0.00144757690078127,-0.00637050708448409,-0.00525317768174571,"AC012501.2"
"chr2",99066975,99067292,318,2,0.0190289248365748,0.00303116163844763,-0.00623891699594273,-0.00459847131611367,"TSGA10"
"chr15",66148084,66148117,34,2,0.0190323531649233,0.00266276991681987,-0.0052329983081461,-0.00501934167277352,"MEGF11"
"chr15",71342126,71342289,164,3,0.0190334726982818,0.00300271770949402,-0.00678372698549429,-0.00486148265072802,"THSD4, AC064799.2"
"chr2",167509759,167509853,95,2,0.0190467952118337,0.00260258114039056,-0.00653945546088506,-0.00417468957050249,"AC073050.1"
"chr11",61477279,61477396,118,2,0.0190479767168461,0.0326907511373389,-0.0063296282293328,-0.00336358012197363,"AP003108.2"
"chr17",45893783,45894105,323,4,0.0190533922639214,0.00326165287345618,0.00523500284143874,0.00320687144978822,"MAPT-AS1"
"chr13",20482558,20482591,34,2,0.0190540631017785,0.00403847953213993,-0.00728184996371538,-0.00469445566249226,"CRYL1"
"chr19",58356890,58357638,749,7,0.0190564062967363,0.00466392729421535,-0.00548019566276609,-0.00260545385514074,"AC012313.3, ZNF497"
"chr17",71927075,71927080,6,2,0.0191008375800162,0.00330807606110144,-0.00301335160807673,-0.00285089268426463,""
"chr13",20419927,20420495,569,4,0.0191337893373033,0.0026668479798428,-0.00793504626325552,-0.00622225732913019,"CRYL1"
"chr8",10095126,10095687,562,8,0.0191379157596355,0.000553569328117097,0.00541430610518513,0.00375208334256824,"MSRA"
"chr1",205679963,205680083,121,2,0.0191546893280747,0.00363127131267775,-0.00053683892331056,-0.000382221896724574,"SLC45A3"
"chr8",81842262,81842876,615,3,0.0191555480832684,0.00250050782544032,-0.000989306557518215,-0.000730579029288973,"LINC02235, SNX16"
"chr11",47565114,47565947,834,11,0.0191786516807048,0.00293388673324555,-0.00271071069261402,-0.00109792660074391,"NDUFS3, PTPMT1, CELF1"
"chr2",219388931,219389241,311,4,0.0191937765701661,0.00131502845311317,0.00599533918572237,0.00429840982548884,"AC053503.1, DNPEP"
"chr12",51814113,51814937,825,3,0.0192090203292265,0.00273440338307064,0.00754591315548823,0.00511760996366147,"TMDD1"
"chr18",74949064,74949066,3,2,0.0192250027392101,0.00219363485523804,-0.00423104619679592,-0.00417859261942656,"ZNF407"
"chr5",172189249,172189570,322,4,0.0192322209161662,0.00222399937736406,0.00651340159771449,0.00550273814550566,""
"chr8",22877965,22878481,517,2,0.0192428013121495,0.00254306006900399,-0.0035945274475851,-0.00329646728002226,"AC037441.1, PEBP4"
"chr3",72123874,72124156,283,4,0.0192596527177004,0.00141744211534264,-0.006503347424068,-0.00565084203510285,"LINC00877"
"chr9",117704069,117704559,491,5,0.0192828008015798,0.00107018660999476,-0.00675706107336499,-0.00482739797066082,"AL160272.2, TLR4"
"chr17",29091676,29092248,573,4,0.0192841470105308,0.00164840503633361,0.00579067721001564,0.00486079802041924,"MYO18A"
"chr15",62569756,62570335,580,3,0.0193230216164621,0.00136840135267596,-0.00481195373977253,-0.00465473514912871,"TLN2"
"chr1",53737875,53738579,705,4,0.019336822976198,0.00124796175572897,0.00716941305760814,0.00593274470053491,"GLIS1"
"chr17",82848259,82848559,301,4,0.0193376894651096,0.00137083370043229,-0.00678906790567423,-0.00609374549945825,"TBCD"
"chr17",50559285,50559987,703,8,0.0193848365023983,0.216340660452578,0.00672383762710123,0.00119614403860435,"CACNA1G-AS1"
"chr15",56821571,56821827,257,2,0.0193894775571078,0.00355627114641611,-0.00650975556136289,-0.00574031298919581,"AC090517.4, AC090517.5"
"chr15",24847803,24848374,572,5,0.0194202173458446,0.00471428096559234,0.0069359091373231,0.004089212726186,"AC090983.2, SNRPN, AC090983.1"
"chr15",69080486,69080920,435,4,0.0194266499335991,0.00395368678731818,-0.00586700020622698,-0.00363164508344182,"EWSAT1, AC027088.2"
"chr22",31630394,31630989,596,7,0.0194411582287006,0.0004386623225331,-0.00393407973199092,-0.00327926208325543,"PISD"
"chr14",31080232,31080485,254,2,0.019441369408618,0.00250816225536823,-0.00439737440786969,-0.00357759398342077,"AP4S1"
"chr12",3236655,3237018,364,3,0.0194644310014185,0.00159790072642858,-0.00658858533265622,-0.00573728394570529,"TSPAN9"
"chr1",179230804,179231177,374,3,0.0194950400978937,0.00251015808813363,-0.00724295631513805,-0.00506923477465523,""
"chr22",41666689,41667024,336,5,0.0195215250434232,0.00264815266025527,0.00774470153070893,0.00558393212407375,""
"chr16",70693638,70694098,461,2,0.0195215250434232,0.00328513500318225,-0.00811044598095744,-0.0013623555603263,"VAC14"
"chr3",124791826,124791962,137,2,0.0195502939992103,0.00323382138033661,-0.00676938764703029,-0.00598208961387787,"ITGB5, AC022336.3"
"chr12",10719619,10719725,107,2,0.0195591685131914,0.00274575995562901,-0.00655060515108361,-0.00623355444842344,"YBX3"
"chr15",93855858,93855875,18,2,0.0195591685131914,0.00252318169766473,-0.00190450000576187,-0.00129623451588185,"LINC02207, LINC01579"
"chr16",48810843,48811319,477,4,0.0195862166373484,0.00648267103455355,0.00846388947643829,0.00366279532673557,""
"chr10",48671330,48671869,540,4,0.0196083529610694,0.00238266370659231,-0.00779198909253674,-0.00600997189984381,"AC068898.1"
"chr13",36673941,36674286,346,4,0.0196381549445338,0.00140320960628902,0.00462102116760516,0.00161623015587586,"SERTM1"
"chr7",27095947,27096572,626,8,0.0196979327591001,0.00634459471921782,0.00444893201091993,0.00116058852617135,"HOTAIRM1, AC004079.3, HOXA1"
"chr10",49166771,49166998,228,2,0.0197545136527356,0.00414599554563845,-0.00272586761828272,-0.00168996721080051,"TMEM273"
"chr16",25127128,25127377,250,2,0.0197545136527356,0.0027261647565452,-0.00645227541225862,-0.0064275598549596,"LCMT1"
"chr1",36451004,36451143,140,3,0.0197704910550316,0.00120475514678529,0.00629726816176907,0.00498867976023991,""
"chr15",83904781,83904999,219,2,0.0198025519590642,0.0025473045898963,-0.00804885520451096,-0.00602397016638127,"ADAMTSL3"
"chr2",9842923,9843082,160,5,0.0198099920725478,0.000389803522912448,0.00679078162674175,0.00433472539589382,""
"chr2",12155491,12155841,351,2,0.0198099920725478,0.00260258114039056,-0.00799985462473051,-0.00726886678221965,"MIR3681HG"
"chr18",76349417,76349712,296,2,0.0198442216897314,0.0135913178564325,0.00694279844514157,0.00366164480581762,""
"chr8",133190110,133190992,883,5,0.0198580589157022,0.00584168506531538,-0.00540156814979951,-0.00399612725045513,""
"chr16",72785355,72785369,15,2,0.0198720548738836,0.00472378779460825,-0.00529359164796925,-0.0041344860254325,"AC004943.2, ZFHX3"
"chr15",91872571,91872658,88,2,0.0198954153440034,0.00225788519068647,-0.00498404902743963,-0.00386563479069149,"SLCO3A1"
"chr16",47037568,47037636,69,2,0.0198966286748712,0.00842121712578303,0.00523793827193416,0.00270223273813042,""
"chr10",102266821,102266848,28,2,0.0199039534588078,0.0615517404890069,-0.00252840567679217,-0.00140728712838701,"GBF1"
"chr5",90390487,90390718,232,2,0.0199087724949055,0.035218812787983,-0.00245817811389114,-0.000820430387065615,""
"chr7",45684859,45685178,320,2,0.0199166372089645,0.00693231667431128,-0.00810886415019917,-0.00528759468453811,"ADCY1"
"chr5",142326447,142326648,202,2,0.0199167459398412,0.00504157010112311,0.00591315435662632,0.00537849900295044,"SPRY4-AS1, SPRY4"
"chr12",65826974,65827030,57,3,0.0199425790894803,0.00283384057046527,0.00536162627502141,0.00413122151810846,"HMGA2, RPSAP52"
"chr3",124281946,124282111,166,2,0.0199425790894803,0.00316392045427612,-0.00841325682754005,-0.0057349498922256,"KALRN"
"chr2",37659891,37659985,95,2,0.01996440363819,0.00691457379719554,-0.0050799378149001,-0.00341740416196645,"CDC42EP3"
"chr9",21576559,21576739,181,2,0.0199647645340208,0.0043903534614096,-0.0053727872335516,-0.00495355276545958,""
"chr22",24763912,24764341,430,5,0.019973258288966,0.00127357429831281,-0.0055059067892223,-0.00321457597239562,"PIWIL3"
"chr15",70778743,70779155,413,3,0.0199803344078162,0.00229351429612229,-0.00436309980552566,-0.00256859694984311,"AC009269.3"
"chr14",96204925,96205519,595,3,0.019989368003707,0.0400729601800387,-0.0036504508755661,-0.00289010515548282,"BDKRB2, AL355102.2"
"chr3",139934390,139935086,697,7,0.0199998534152999,0.00582641183549199,0.00652345460859485,0.00310406406098483,""
"chr16",2275855,2276079,225,4,0.020052658835029,0.00966772064472673,0.00383814992142643,0.00176939057593313,"ABCA3"
"chr17",64083746,64083877,132,2,0.0201151990248189,0.00579114299986222,-0.00782413600800648,-0.0053476276566649,"ERN1"
"chr11",57434661,57434770,110,2,0.0201198307782018,0.0020752423053045,-0.00648044695516368,-0.00608385875784317,""
"chr3",13647641,13647839,199,2,0.0201473077327981,0.00224960390415573,-0.00839815896862866,-0.00829457871281344,""
"chr10",133276594,133277073,480,7,0.0201527899352319,0.000647160067821695,0.00445346415460418,0.00331385622717362,"ADAM8"
"chr13",50800647,50800753,107,2,0.0201527899352319,0.00269304043787337,-0.00566054772404412,-0.00558661265798539,"DLEU1, DLEU7"
"chr2",226478278,226478629,352,2,0.020160186327045,0.00391838955770545,-0.00691768948781157,-0.00552332441016416,""
"chr12",47825487,47825646,160,2,0.0201682366418391,0.00269375361512333,-0.00798594980622674,-0.00611323256347905,"HDAC7"
"chr18",58179060,58179271,212,2,0.0201926949543153,0.0226592206437882,-0.00541850166128671,-0.00322881414938333,"NEDD4L"
"chr1",89974879,89975085,207,2,0.0202264605868364,0.00269723798983767,-0.00645162725211067,-0.00642524506980195,""
"chr10",73083338,73083550,213,2,0.0202611767628801,0.00269310547715383,-0.00527474518977754,-0.00460689339284598,"P4HA1"
"chr6",109059787,109059869,83,2,0.0202911317096014,0.00333220322555352,-0.00625798521764338,-0.00572514764880821,"SESN1"
"chr9",3898591,3898614,24,2,0.0202937582246437,0.00174743395660555,-0.00694395566528742,-0.00613897199016481,"GLIS3"
"chr10",5094590,5094986,397,2,0.0203116816046476,0.00314455474728109,-0.00723395105562041,-0.00668533068429044,"AKR1C3"
"chr16",2341701,2342200,500,3,0.020340119325946,0.00164969544176629,0.00713103451795056,0.00540499399229109,"ABCA17P"
"chr2",235746416,235746537,122,2,0.020340119325946,0.00347181630284538,-0.00166483868479002,-0.00165870574485771,"AGAP1"
"chr13",42533594,42533671,78,2,0.0203436899029928,0.00305666122948938,-0.00631848674385975,-0.00605660482742045,""
"chr9",75083297,75083440,144,2,0.0203473127854111,0.00288678364979477,-0.00739768315234732,-0.00702945482504667,"NMRK1"
"chr19",3458196,3459272,1077,3,0.0203640359052035,0.000865230088827429,-0.0068659920330265,-0.00634120844598856,"NFIC"
"chr11",112963744,112963799,56,2,0.0203730455935986,0.0034754713022796,0.00595088360170111,0.00529213691153144,"NCAM1"
"chr21",43768238,43768313,76,2,0.0203842281848828,0.00171702452722549,-0.0076872245273436,-0.00736664486468126,""
"chr2",43344851,43344871,21,2,0.0203938464234536,0.0034151307302071,-0.00666447679579024,-0.00592317904782917,"THADA"
"chr11",84924744,84924862,119,2,0.0203983335687714,0.00308394757885373,-0.00662366221547452,-0.00594556055054599,"DLG2"
"chr5",180786189,180786302,114,2,0.0204160454536136,0.00412111420039148,-0.00548696090628522,-0.00502985605421632,"MGAT1"
"chr2",69144173,69144422,250,2,0.0204204071296342,0.009306397788359,-0.00649248996058034,-0.00335080288135887,"ANTXR1"
"chr2",236572437,236572984,548,2,0.0204246763589219,0.00219000435178596,-0.00676010719098181,-0.00573242544034271,"ACKR3"
"chr5",34487564,34487838,275,3,0.0204456293836953,0.00608255422433179,-0.0083720234924917,-0.00382755825688885,""
"chr1",3155399,3156079,681,6,0.020471590544378,0.0084662283633772,-0.00822303701520201,-0.00406526015981495,"PRDM16"
"chr3",25173569,25173831,263,2,0.0204756397913838,0.0201327608686033,-0.00363999945779356,-0.00292838818203104,"AC092422.1"
"chr2",167965269,167966196,928,3,0.020510052388404,0.00254968681072391,-0.00586729091432389,-0.00336748473172785,"STK39"
"chr11",14374574,14374917,344,2,0.0205117532647423,0.00549813385600798,-0.00583448972721994,-0.00196317378144007,""
"chr2",127408469,127408703,235,3,0.0205626080792091,0.00179511849407255,0.00827374382499635,0.00576925208515978,""
"chr14",21069177,21069368,192,2,0.0205677192227017,0.00499686402651485,0.00493852576220966,0.00444445204966986,"NDRG2"
"chr20",57247533,57247576,44,2,0.0205677192227017,0.00278018302121252,-0.00487957574990577,-0.00461534474407839,"BMP7"
"chr4",138243569,138243636,68,2,0.0205944421812798,0.0040901644345412,-0.00536588929354304,-0.00453731103844816,""
"chr12",54300889,54301425,537,10,0.0206022517731904,0.00063465814104742,-0.0053717358011631,-0.00213130323996421,"AC078778.1, COPZ1, NFE2"
"chr10",130441237,130441594,358,5,0.0206204179109781,0.00171168827794913,-0.00536587998503428,-0.00370289375203583,"LINC02646"
"chr20",2692958,2694051,1094,5,0.020631427003962,0.01063309356504,0.00782192080302362,0.003640719723752,"EBF4"
"chr14",104697417,104697729,313,2,0.0206388433824701,0.00439291594923016,-0.00480895056912727,-0.0043469835151285,"INF2"
"chr11",1460525,1461939,1415,5,0.02063990758694,0.00114652054356717,-0.00723330579085344,-0.00398995346823009,"BRSK2"
"chr22",45605296,45605652,357,4,0.0206517664660699,0.00198220690718129,-0.00616531220960546,-0.00296825879635183,"LINC01589"
"chr21",41711736,41711921,186,2,0.0206705856416413,0.00383939624391081,-0.00805930452673308,-0.00797127914310508,"LINC00479"
"chr1",231163287,231163650,364,3,0.0206708067141204,0.0058987751359545,0.006734334320271,0.00513441216277561,"TRIM67"
"chr16",85995837,85995948,112,2,0.0207089859595797,0.00263676763774937,-0.00762734361766837,-0.00760817019822967,"AC092723.3"
"chr19",52248251,52248351,101,2,0.0207174454925125,0.00471824830785195,-0.00341881214502611,-0.00273163668326542,""
"chr17",45440398,45440429,32,2,0.0207257379937933,0.00265056234857146,-0.00516658370862376,-0.00384293794332361,"PLEKHM1"
"chr10",95230786,95231166,381,5,0.0207410823491108,0.00133920967979832,0.00765604513914661,0.00635806982254059,"AL157834.2"
"chr3",42852280,42852687,408,3,0.0207705359864266,0.00207026922667004,-0.00526558926374558,-0.00401870373912258,"ACKR2, AC099329.2, AC092042.3, KRBOX1, AC099329.1"
"chr20",48016481,48016574,94,2,0.0207793079269498,0.00353594385594663,-0.00703439896184917,-0.00393115258869147,"AL139351.2"
"chr9",35814943,35815754,812,9,0.0207840487306882,0.00542910590280439,-0.00179475885146036,-0.000641581489831439,"TMEM8B, HINT2, AL133410.3"
"chr6",55869936,55870150,215,2,0.020791838369954,0.00407902244402339,-0.00751303690204759,-0.00559504257124803,"BMP5"
"chr4",38154928,38155902,975,4,0.0208089359992839,0.00286236502049632,-0.00677157371823313,-0.00356915276285492,""
"chr4",146637392,146639618,2227,8,0.0208304747302055,0.0050373338795961,0.00360290470396242,0.00143396695242141,"POU4F2"
"chr15",55372955,55373038,84,2,0.0208547914960286,0.00344264560648781,-0.00709800889030377,-0.00546206202794682,"CCPG1, DNAAF4-CCPG1, MIR628"
"chr19",8050376,8050478,103,3,0.0209286942796249,0.00205113241114037,0.00428678159620448,0.00389135390560038,""
"chr11",34650470,34650478,9,2,0.0209326273992704,0.00269299266912402,-0.00711566421725664,-0.00642519711005197,"EHF"
"chr1",21814276,21814366,91,2,0.0209428843928799,0.0100233771363275,0.00869363603762007,0.00475168524914015,"LDLRAD2"
"chr8",144336130,144336301,172,2,0.0209792900781371,0.00575212547831084,0.00396724728544659,0.00306594080202936,"SLC52A2, SCRT1"
"chr9",119369617,119370101,485,7,0.0209970832311933,0.00330025537560109,0.00553170377857328,0.00181787855056888,""
"chr5",126718446,126718459,14,2,0.0210238940746952,0.00293256508477963,0.0022288559077743,0.00201259644753542,""
"chr2",237510049,237510077,29,2,0.0210475407042705,0.0037253924515624,-0.00620229814263741,-0.00565420974719472,"MLPH"
"chr2",38374902,38374992,91,2,0.0210522452433594,0.00378641488650807,-0.00487783460083617,-0.00471988052480957,"ATL2"
"chr4",25863556,25863793,238,6,0.0210724838886371,0.000606446610061232,0.00690339683551099,0.00555127152400277,"SMIM20, SEL1L3"
"chr5",57900122,57900451,330,2,0.0211348394796051,0.00365293605459506,-0.00606915858681494,-0.00480775979032579,""
"chr9",35072640,35072980,341,6,0.0211711798925139,0.00405525951418262,-0.00106161260978962,-0.000704328962141201,"VCP"
"chr20",64048282,64048360,79,2,0.0211774151077749,0.00464278750869498,0.0085812368244902,0.00833789215677892,"SOX18"
"chr17",17182089,17182213,125,2,0.021185154211702,0.019424280632918,-0.00731065173416068,-0.00284210944877838,"MPRIP, AC055811.4, AC055811.1"
"chr12",11724806,11725083,278,2,0.0211907052629454,0.00390765165162829,-0.00824581284066785,-0.00688617610812885,"ETV6"
"chr7",29990127,29990522,396,8,0.0212091189099108,0.00361048165721885,0.00797441513968977,0.00402405529593322,"FKBP14-AS1, SCRN1"
"chr7",117323139,117323448,310,6,0.021223064784024,0.00539028250245433,0.00262603994622936,0.00114161958781817,"CFTR, WNT2"
"chr12",58530056,58530131,76,2,0.0212393595011019,0.00409628653336754,-0.00860124804450732,-0.00677886641065983,""
"chr10",100655540,100655799,260,4,0.0212523081460288,0.0014887349888872,0.004634173412154,0.00295246719681922,""
"chr2",241547355,241547454,100,2,0.0212814481014395,0.00567193166576203,-0.00393856537112847,-0.00363370082337928,"BOK-AS1"
"chr20",21192073,21192303,231,2,0.0212814481014395,0.00260926880057563,-0.00796290490407696,-0.00785629910213909,"KIZ, KIZ-AS1"
"chr10",89343480,89343621,142,3,0.0212892140366064,0.00360008182585931,-0.00518582085016446,-0.00299511861329828,"LIPA"
"chr10",126087932,126088054,123,2,0.0212919774349631,0.0028060091805475,-0.00603634475698035,-0.0055457997960679,"ADAM12"
"chr18",54225380,54225854,475,2,0.0213168718323527,0.00323778403135141,-0.0022561867940661,-0.00224582471164283,""
"chr21",29019867,29019968,102,4,0.0213236872621091,0.00173547910845723,0.00470427258286018,0.00209440061350756,""
"chr10",103494670,103494731,62,2,0.0213236872621091,0.00380856666034008,0.00574165791514642,0.00515472854804944,"NEURL1, NEURL1-AS1"
"chr2",241759333,241759633,301,5,0.0213976352938595,0.0257851517664678,-0.00451332488459342,-0.00214153786146606,"D2HGDH"
"chr13",101408229,101408439,211,2,0.0214210604832417,0.00339758643529149,-0.00734285874381738,-0.00552730123277604,"NALCN"
"chr1",54298960,54298981,22,2,0.0214493017581529,0.00330214574673577,-0.00650650993490592,-0.00588871946838564,"SSBP3"
"chr13",96091398,96091907,510,5,0.0215025831139144,0.00226418514703158,0.00311569169897152,0.00242623281300793,"HS6ST3"
"chr11",2885437,2886107,671,17,0.0215096491698589,0.00124300473510892,0.00361655919439549,-1.92660690340897e-05,"CDKN1C"
"chr2",169768064,169768217,154,3,0.0215377618867672,0.00662863813268135,0.00224340973591042,0.0017480068442577,"KLHL23, PTCHD3P2"
"chr12",132582886,132583353,468,3,0.0215621092327796,0.00240297607593064,-0.00909887445038282,-0.00609609063503289,"FBRSL1"
"chr22",37803752,37803873,122,2,0.0215621092327796,0.00470733568691498,0.00714747615616928,0.00532636548566685,""
"chr15",59999681,60000310,630,4,0.021565668012281,0.00191295780132462,0.00340018207260405,0.00260495005149983,""
"chr11",122306523,122307119,597,2,0.0215763570195169,0.00210133304370636,-0.00731115634380769,-0.00657810373692031,"AP000755.2, MIR100HG"
"chr10",11875377,11875842,466,3,0.0215987832473597,0.00456685006060047,-0.00798692766050831,-0.00512488113733786,"PROSER2-AS1"
"chr17",20896157,20896331,175,5,0.0216007485281846,0.00210953091489566,-0.00606631528963181,-0.00258590617887394,"CCDC144NL-AS1"
"chr4",160318888,160319128,241,3,0.0216021783810175,0.00243750934321442,-0.00512280769307008,-0.00375673094914285,""
"chr9",83537888,83538011,124,3,0.0216147832573011,0.00222737382555829,0.00263707421383538,0.00193290491517534,"FRMD3"
"chr16",23071981,23072915,935,4,0.021623161095407,0.00906875625819419,-0.00668942496392832,-0.00247742255064102,"USP31"
"chr9",121700617,121700747,131,2,0.0216534822445237,0.00657781826482329,0.00606464866173417,0.00557895071656451,"DAB2IP"
"chr2",235518160,235518459,300,3,0.0216634412558457,0.00254306006900399,-0.00431178203778362,-0.00388478234217692,"AGAP1"
"chr6",127117281,127117601,321,2,0.0216782235483852,0.00303645182486156,0.00277581669865602,0.00269546133918535,"AL356534.1"
"chr9",122075532,122075854,323,3,0.0216992587489314,0.00381378767904449,-0.00751077379654483,-0.00491563324880319,"TTLL11"
"chr5",179680963,179681585,623,5,0.0217028101398085,0.00825088959324007,-0.00569866970302313,-0.00227141086087094,"CANX, HMGB3P22, CBY3"
"chr6",139996619,139996784,166,2,0.0217044816216417,0.00298296497101616,-0.0070953010140242,-0.0046993045247767,"AL357146.1"
"chr7",34066944,34067068,125,2,0.0217371329835703,0.00268620505691122,-0.00594382834137977,-0.00580584868064265,"BMPER"
"chr1",217275472,217276046,575,3,0.0217444600141998,0.00231897887339091,-0.00683120247014362,-0.00513840889680642,""
"chr11",417189,417643,455,5,0.0217985178006749,0.00412111420039148,0.00746544551576129,0.00440217576094143,"SIGIRR"
"chr9",136711748,136712404,657,7,0.021802357244029,0.00149360598335717,0.00475033594748764,0.00212744218377848,""
"chr16",89343788,89344824,1037,5,0.0218059014636321,0.00355503873555856,-0.00542104602472579,-0.00358886704223479,"ANKRD11"
"chr8",39990053,39990161,109,2,0.0218220969273575,0.00492358619811724,-0.00581586440741272,-0.00510633704080318,"IDO2, AC007991.3"
"chr10",3141386,3141633,248,4,0.0218532636202246,0.00159285729818594,-0.00555022224079222,-0.00378861356963706,"AL451164.2, PITRM1-AS1, PITRM1"
"chr12",52601269,52601466,198,4,0.0218561071929216,0.000649907725624527,0.00815034085824706,0.00691790807598654,"KRT72"
"chr3",63101559,63101590,32,3,0.021887646064409,0.00237060573149723,-0.00575108586859735,-0.00435950665664535,"LINC00698"
"chr12",43965155,43965228,74,2,0.0219176469440095,0.00265725835037575,-0.00722095492890519,-0.00714188174914008,"TMEM117"
"chr10",14774881,14775328,448,6,0.0219177408879018,0.172659707296207,-0.00589862507598719,-0.0011589410809056,"FAM107B"
"chr12",14934860,14935050,191,3,0.0219177408879018,0.0113736842354137,-0.00613700005491305,-0.00369335062332574,"ERP27"
"chr10",104293907,104294163,257,2,0.02192896127316,0.00391631171465326,-0.0071895403301209,-0.00427519317187312,"GSTO2"
"chr10",117139664,117139896,233,3,0.0219431247464464,0.00887213346068408,0.00354326433166376,0.00194995460019333,""
"chr3",125056011,125056268,258,4,0.0219482323920528,0.00410351473874545,-0.00053550925495224,-0.000306828219143776,""
"chr22",30249171,30249336,166,3,0.0219522452752812,0.0032041557947582,-0.0050283635483029,-0.00465276027280745,""
"chr11",46276338,46276455,118,2,0.0219522452752812,0.00300409487031856,-0.00619617317567184,-0.00594014959500971,""
"chr10",100347789,100348000,212,5,0.0219697859611338,0.003569953887543,0.00494722457764508,0.00261346770055282,"SCD"
"chr7",27115929,27116443,515,4,0.0219997948055056,0.0037581767460373,0.00716827932082168,0.00530696757662665,"HOXA-AS2, HOXA3"
"chr9",92947246,92947540,295,5,0.0220134385240124,0.00147936476224517,-0.0028119466972703,-0.00187394024628569,"FGD3"
"chr5",114363072,114363497,426,4,0.0220182352540843,0.00480152360097031,0.00367776721280585,0.0024726373754809,"KCNN2"
"chr19",8458645,8458650,6,2,0.0220320760283889,0.00286461583808178,-0.00595500547268647,-0.00553501882396158,"HNRNPM"
"chr19",39136526,39136823,298,2,0.0220438555120292,0.00769760012788042,-0.00514686474571492,-0.00357053372906385,"PAK4"
"chr6",84774909,84775145,237,3,0.0221377715004517,0.00722744049417459,0.0108866060685349,0.00550944866140745,""
"chr6",43276207,43276566,360,3,0.0221431301927104,0.00205636473610417,0.00945790229806059,0.00687538803869665,"TTBK1"
"chr16",29961172,29961431,260,2,0.0221440001233038,0.0289128138837751,0.00733018277782513,0.00401252893101106,"TMEM219"
"chr10",4941818,4941941,124,2,0.022146032408925,0.0147630736334064,-0.00717513275075859,-0.00343610193467309,""
"chr20",53513525,53513800,276,3,0.0221470032562188,0.00209123864542761,-0.00326318028326847,-0.00246096192258147,""
"chr9",122125539,122125982,444,3,0.0221489580249003,0.00351467818809742,-0.00433693975155261,-0.00383808441589265,""
"chr8",35862000,35862251,252,2,0.0221530766287194,0.00300271770949402,-0.00646411461622317,-0.00639902635179979,"AC124290.1"
"chr14",96195904,96196097,194,3,0.0221808648053687,0.0232515107436885,-0.00552681502184337,-0.00367277328670044,""
"chr14",25041887,25042152,266,3,0.0222252176098327,0.00346084992652919,-0.0079939029868613,-0.00368847730057956,"STXBP6"
"chr14",78754134,78754314,181,2,0.0222252176098327,0.00333000867372747,-0.00187145871451359,-0.00162581941560512,"NRXN3"
"chr11",694702,695000,299,5,0.0222388022252665,0.002150005067869,-0.00179515977060296,-0.00128876968383646,"EPS8L2, DEAF1"
"chr3",9703685,9704375,691,8,0.0222487531129124,0.00669833708702825,0.00737815340282377,0.00142268140527982,"CPNE9, AC022382.2"
"chr15",85689507,85690005,499,5,0.0222650450841843,0.00323773444720056,-0.00493998519533387,-0.00324983496194551,"AKAP13"
"chr4",13988626,13988826,201,2,0.0222844499428172,0.00307829627682879,-0.00853693353014078,-0.00750196446823662,"LINC01182"
"chr14",104275502,104275835,334,3,0.0223066443855415,0.0042202514200689,0.00684979075792553,0.00622626776406033,"LINC02691"
"chr11",61273414,61273976,563,4,0.0223094478633708,0.00130817305173836,-0.00729543433442096,-0.00648273356376766,"VWCE"
"chr19",9537648,9537673,26,2,0.0223102306882222,0.00405525951418262,0.00579258617723411,0.00478629835763826,"ZNF426"
"chr10",43606048,43606397,350,6,0.0223341757340694,0.00937984869884729,0.0051897520600963,0.00246958166119464,"CAP1P2"
"chr6",30626409,30627085,677,13,0.0223967175743744,0.000458336658485523,0.00242841719995751,0.000113255262491602,"ATAT1"
"chr16",74741980,74742478,499,3,0.0224029850025562,0.0120666423353564,-0.00462263058239063,-0.00293125204584189,"FA2H"
"chr10",34739970,34740109,140,3,0.0224572529681914,0.00212205090725328,-0.00816511204336355,-0.00571249520491251,"PARD3"
"chr5",32585115,32585635,521,10,0.0224687004866055,0.0315002282786203,0.00271886490846352,0.000281370003865421,"SUB1"
"chr5",81233144,81233521,378,8,0.0224772856849778,0.000226800139656561,-0.00696403399116038,-0.00646733463196213,"CKMT2, CKMT2-AS1"
"chr14",61229609,61230227,619,2,0.0224772856849778,0.00272178266653798,-0.0062919610741844,-0.00527657826839392,"PRKCH"
"chr12",53985112,53985709,598,5,0.0224883170356336,0.00243503057362668,0.00448257473743827,0.00252518202716666,"HOXC10, HOXC-AS3"
"chr4",2817666,2818043,378,6,0.0225092100165604,0.00269704790492687,0.00519357118025306,0.00273629881910648,"SH3BP2"
"chr1",162137012,162137042,31,2,0.0225092100165604,0.00294725270305161,-0.00620888529658074,-0.00610792014450674,"NOS1AP"
"chr2",23532095,23532473,379,2,0.0225092100165604,0.00498085759507851,-0.00716565982463743,-0.00625186475608241,"KLHL29"
"chr6",89840593,89840778,186,3,0.0225175372377081,0.00224074995414127,-0.00627311171476191,-0.00470384500898121,"CASP8AP2"
"chr3",9361662,9361840,179,2,0.0225454968018042,0.00350216764597617,-0.00289649978426072,-0.00225487948063606,"SRGAP3, AC026191.1, THUMPD3-AS1"
"chr3",31978676,31978816,141,2,0.0225456330395918,0.00369338379304811,-0.00579701691599141,-0.00421833439469862,"OSBPL10"
"chr1",247453221,247453384,164,2,0.0225746914905348,0.00327774007136278,-0.00737317399416989,-0.00574126974716973,"OR2B11"
"chr12",121958727,121958920,194,4,0.022588016277469,0.00124915902184344,0.00565036390037056,0.00244573213258717,"CFAP251"
"chr15",41116878,41117092,215,3,0.0225955190326138,0.00257921065817028,0.00627774315658839,0.00415172276077132,""
"chr7",33883476,33884016,541,3,0.0225963886016728,0.0212691586429166,-0.00678342282934946,-0.00290792147028958,""
"chr13",33186078,33186556,479,4,0.0225976667416274,0.00187296495368681,-0.00354813526583864,-0.00293062981734024,"STARD13-AS, STARD13"
"chr12",29563825,29563858,34,2,0.0226041919930988,0.00348634534493286,-0.00770629198253337,-0.00574540122448992,"TMTC1"
"chr10",633231,634412,1182,4,0.0226087630346171,0.000648265071647086,-0.00779896612344842,-0.00547536300524672,"DIP2C"
"chr10",79399226,79399615,390,2,0.0226098008825154,0.0043221364410355,-0.00466385993388083,-0.00461242656375917,"AL133481.1, ZCCHC24"
"chr15",30947103,30947191,89,2,0.0226154520890415,0.00275951351916296,-0.00486986430545519,-0.00402221407313088,"MTMR10"
"chr3",100992794,100993501,708,4,0.0226719339667479,0.0010374340171423,-0.00485012660448765,-0.0040824850042198,"ABI3BP"
"chr22",41397051,41397449,399,3,0.0226925057249759,0.00455255424158935,-0.00298856272602303,-0.00227237353313476,"TEF"
"chr12",112907118,112907793,676,2,0.0227311497283827,0.00181160317509411,-0.0097909310877891,-0.00789731554766707,"OAS1, AC004551.1"
"chr12",106582418,106583065,648,13,0.0227320899399677,0.00923205418342941,0.00373173503031703,0.000882697498852839,"RFX4, AC079385.1"
"chr8",56157129,56157658,530,3,0.0227328328608751,0.00178644265752247,0.00368039009699969,0.00130028218566626,""
"chr11",19419429,19419845,417,2,0.0227361057622437,0.0033625028580489,-0.00744902137451362,-0.00534349598281773,"NAV2"
"chr2",102335825,102335959,135,2,0.0227479547313772,0.00237060573149723,-0.00686199012475738,-0.00659159335810909,"IL1RL1, IL18R1"
"chr3",4901962,4902371,410,2,0.0227829428530036,0.00323323137322171,-0.00425610416666972,-0.00423041922238576,"BHLHE40-AS1"
"chr5",150759189,150759643,455,7,0.0227953023502249,0.00452936869350091,0.00606899571341638,0.00203699648277092,""
"chr5",2747808,2748255,448,3,0.0228017219597306,0.0023535333587831,0.00662219117786388,0.00523878677385166,"IRX2"
"chr2",5697797,5697860,64,2,0.0228058517116463,0.00739621567474239,0.00537139206621195,0.00440006690708711,"SOX11, AC010729.2"
"chr11",45900633,45901106,474,2,0.0228135596886434,0.00467285422607222,0.00379473346496754,0.0033310118530907,"MAPK8IP1"
"chr3",129794433,129794584,152,3,0.0228454087354577,0.00338699368287146,-0.00453389272392962,-0.00356667790077994,"TMCC1"
"chr14",100833689,100833923,235,3,0.02287445654671,0.0370250499970986,-0.00701487414553301,-0.0028357401535243,"MEG3"
"chr7",5558016,5558218,203,2,0.0229190554603798,0.108210446114045,-0.00763671207692575,-0.00352227841379283,"ACTB"
"chr2",68121091,68121664,574,3,0.0229201865142031,0.00174743395660555,-0.00625170458015091,-0.00528922802726437,""
"chr2",223054775,223055673,899,2,0.0229216122588834,0.00299944050194445,-0.00820469008944624,-0.0061518756816112,"KCNE4"
"chr11",26721856,26721878,23,2,0.0229474608197788,0.00308706215178846,-0.00667280650464001,-0.00632430814274532,"SLC5A12"
"chr10",71774170,71774581,412,3,0.0229690006284626,0.00282137872779162,-0.00444196415045857,-0.00399627559477363,"CDH23"
"chr15",40405581,40406191,611,9,0.0229841092332384,0.00172494232129075,-0.00141098265216677,-0.000429659769733967,"IVD"
"chr19",33303650,33303840,191,3,0.022987677611144,0.00224789232807094,0.00595108434765453,0.00496887125496758,"CEBPA-DT"
"chr11",96284373,96285180,808,3,0.0229908130072351,0.0057891316121599,-0.00298975667184368,-0.00141283339079502,"MAML2"
"chr3",170766790,170767051,262,2,0.0230009009456689,0.00362545336922324,-0.00734773373981985,-0.00416945501994414,"AC026316.4, SLC7A14-AS1"
"chr1",118985261,118985801,541,4,0.0230090165491925,0.00269043437847519,-0.00859851855545659,-0.00618263766601453,"TBX15"
"chr10",126571058,126571135,78,2,0.0230173601866458,0.00273690555135988,-0.00643233875212815,-0.00577417113186359,"C10orf90"
"chr16",709545,709973,429,3,0.0230698047806811,0.00314606531323334,0.00650776189959868,0.00438407063932003,""
"chr12",131217651,131218004,354,3,0.0230822586330522,0.00192981231791729,-0.00511898505342986,-0.00319982254096724,"LINC01257"
"chr14",93429832,93430214,383,4,0.0230934835206442,0.00650954575108797,0.00579551072807628,0.00275444092762759,"UNC79"
"chr11",7484704,7485424,721,4,0.023122165462903,0.00190781654514224,-0.00653692405202783,-0.0056082012396853,"OLFML1, AC107884.1"
"chr17",73228844,73228910,67,2,0.0231550129141894,0.00392311859314817,-0.00549035548661128,-0.00452205323506917,"FAM104A"
"chr9",75028394,75028724,331,7,0.0231833912108771,0.379418148378542,-0.0031816283459065,-0.000501154739055149,"CARNMT1"
"chr6",30076081,30076482,402,6,0.0232043541672972,0.129959626224004,-0.00619532670699644,-0.00189292034086183,""
"chr7",150566602,150567223,622,2,0.0232158452436217,0.00206667877850457,-0.00705774232843429,-0.00493038398314835,""
"chr13",41306642,41307101,460,2,0.0232260927682586,0.00361529408784924,-0.0056364305935712,-0.00552597667288866,""
"chr18",58864657,58864727,71,2,0.0232283246974335,0.00335142849956223,0.00599836112830879,0.00573749064890835,"ZNF532"
"chr7",22356791,22357381,591,9,0.0232624245621147,0.00268694947110675,0.00421594431315979,0.00212505858232355,"RAPGEF5"
"chr19",10095949,10096772,824,4,0.0232754934912493,0.00328222436939339,0.00732704529241185,0.00359369346477986,"ANGPTL6"
"chr16",66919922,66920370,449,4,0.0232977928255928,0.00673269967219302,0.00613541641862062,0.00405356362591784,""
"chr9",94140067,94140690,624,5,0.023325014338159,0.0104303080234837,-0.00731378614258057,-0.00388351996157702,"AL360020.1"
"chr5",96962877,96963440,564,4,0.0233743832449828,0.00192414308627463,-0.00540883805980909,-0.00434325337437433,"LNPEP"
"chr17",27245268,27245646,379,2,0.0233840188987646,0.00492477836214764,-0.00801975113593782,-0.00574858610956013,""
"chr4",133147437,133147622,186,2,0.0233881721578429,0.285238011291224,0.00264100371618336,0.00134297847111378,"AC105383.1"
"chr9",72952567,72953157,591,4,0.0234092852023022,0.00684425179730546,-0.00540613594121589,-0.00329653815423929,"ALDH1A1"
"chr18",12420863,12421073,211,2,0.0234112659448373,0.00298732501422434,0.00583633704537143,0.00465416190342577,"PRELID3A"
"chr9",113966563,113966656,94,2,0.0234357868068471,0.002787213015967,-0.00529760186902328,-0.00482624698952225,"ZNF618"
"chr18",22172331,22172703,373,5,0.02343611252298,0.00555983211394607,0.0072676500601925,0.00373394753949745,"GATA6"
"chr19",8586150,8586202,53,3,0.0234472438944428,0.00171800211324861,0.0043901182021023,0.00379407801805892,"ADAMTS10"
"chr7",94368219,94368512,294,2,0.0234478660778355,0.00296745200792901,-0.00898539028023078,-0.00680069860784533,"AC002074.1"
"chr21",36156365,36156674,310,4,0.0234789673579484,0.00382870726886286,-0.00152412879927389,-0.000906282358139518,"CBR3-AS1"
"chr12",121687236,121687370,135,2,0.0235055576817524,0.0226436613341142,0.00447535149049528,0.00228838665515237,"AC084018.3"
"chr8",11681277,11681896,620,4,0.0235124476712926,0.00235388761629103,0.00860369216682309,0.00539168069484468,"GATA4"
"chr15",40283155,40283529,375,5,0.0235181392972979,0.00589781357307973,0.00409108300890702,0.00193260680265705,"PLCB2"
"chr16",14549773,14549970,198,2,0.0235344509205959,0.0028360962898734,-0.00702741583545374,-0.00684413655610847,"PARN"
"chr9",13979470,13979769,300,2,0.0235702699390702,0.00632151204324504,-0.00822833498905625,-0.00429520496267242,""
"chr14",89616931,89617236,306,2,0.0235865184232019,0.00835280972676857,-0.00762268888264109,-0.0050963617821971,"FOXN3, AL137230.2"
"chr11",17531555,17531893,339,2,0.0236156009352457,0.00405525951418262,-0.00672869677170686,-0.00540016615580022,"USH1C"
"chr12",6620434,6620552,119,2,0.0236175739726101,0.00828840082591251,0.00822098378559882,0.0058536942458602,"LPAR5"
"chr13",20728938,20729309,372,2,0.0236405872938399,0.00672180311547226,-0.00799096228963435,-0.00517614809681601,"EEF1AKMT1"
"chr12",113464457,113464516,60,2,0.0236555855809081,0.0057089223685441,0.00751588906652032,0.0070989425459968,"LHX5"
"chr14",22847130,22847843,714,3,0.0236575157573081,0.0030770220427963,-0.00452497806266047,-0.00273642141898677,"MMP14"
"chr7",94416413,94416465,53,2,0.0236978005552953,0.00362578408193762,-0.00521276987366905,-0.00298829695124305,"COL1A2"
"chr10",117241416,117241555,140,3,0.0236982195470261,0.0157710074114057,0.00665116449008414,0.002330594103783,"SLC18A2, AL731557.1"
"chr2",65430211,65430747,537,4,0.0237016387538653,0.00156851518999143,0.00502293679659858,0.00398881796242926,"SPRED2"
"chr17",35890642,35890956,315,2,0.0237138063204482,0.00344038515927727,-0.00526814564093314,-0.00436897482780142,""
"chr2",236776915,236777205,291,2,0.0237139780976212,0.00366557623277253,-0.00699376577064204,-0.00550503141757709,""
"chr8",79890694,79890972,279,3,0.0237371189962944,0.00238953881894111,-0.00649934155511307,-0.00580319362867425,""
"chr9",18438650,18439125,476,8,0.023762498377112,0.00161015090224909,-0.00466141408496188,-0.00264483288818486,"ADAMTSL1"
"chr18",31101726,31102171,446,3,0.0237779836702223,0.0198966915192308,0.00103208797443676,0.000632735598786418,"DSCAS, DSC2"
"chr1",37764401,37764572,172,3,0.0237795127224211,0.00326152869610945,0.00564979304672679,0.00301146590565186,"EPHA10"
"chr6",14655885,14656150,266,2,0.0238219091346074,0.00430900584923761,-0.00681984192840721,-0.00587599565855328,""
"chr4",107283576,107283944,369,4,0.0238235135078432,0.0012739322525994,-0.00576971674703855,-0.00507880345961957,"AC104663.1, DKK2"
"chr16",74775065,74775644,580,4,0.0238353174694915,0.00247589428120923,0.00608119772972873,0.00193715103777944,""
"chr6",33311786,33311889,104,3,0.023862278874126,0.00161150979699619,-0.00558269741129291,-0.00469875351969445,"TAPBP"
"chr19",17333590,17333730,141,3,0.0238771086118481,0.00272950866951797,0.00566095488998757,0.0040308908767834,"ANO8"
"chr1",47031093,47031608,516,2,0.023888117541232,0.00245222479640758,-0.00700474300688624,-0.00629559909698251,"CYP4X1"
"chr17",59642321,59643182,862,2,0.0239056932273422,0.00133777466528424,-0.0071695873478036,-0.00576476048601115,"CLTC"
"chr1",115837695,115838393,699,6,0.0239187899699293,0.183983742125262,0.00850794366079643,0.00237356112925795,"NHLH2"
"chr11",66569240,66569644,405,3,0.023963663478012,0.00225245401644343,0.0050587037902942,0.00287588119559426,""
"chr11",26188358,26188538,181,2,0.023963663478012,0.097182478106396,-0.00656883903703628,-0.00323367759214068,""
"chr16",28866338,28866560,223,2,0.0239929764974299,0.0065686131676641,0.00492030868317426,0.00283524480629102,"AC009093.11, SH2B1"
"chr15",71692345,71692751,407,2,0.0239942877217913,0.00345038917105442,-0.0061249559696089,-0.00579213210220672,"THSD4"
"chr20",57532185,57532191,7,2,0.024000029410582,0.00231396395545618,-0.00616929402846481,-0.0059832159717997,""
"chr7",38831473,38831592,120,2,0.0240113090815799,0.00283397977608514,-0.00573341812326481,-0.00549570500141268,"VPS41"
"chr2",568198,568406,209,3,0.0240392687160017,0.0020737148947666,-0.00898943240759481,-0.00801161470053632,"AC093326.1"
"chr6",12001336,12001414,79,3,0.0240557013547403,0.00363990747328519,-0.00720438975385037,-0.00371956477379186,""
"chr11",1571326,1571445,120,3,0.0240769418470514,0.00218642476214558,0.00532668643155531,0.00344586296195301,"KRTAP5-AS1, DUSP8"
"chr18",2985954,2986174,221,2,0.0240812853049047,0.00622482089625549,-0.0052694102724497,-0.00334901038498367,"LPIN2"
"chr9",26892474,26892921,448,9,0.0240969442759943,0.00389270919472557,-0.000853390549889056,-0.000418115691212858,"CAAP1"
"chr9",34263023,34263429,407,2,0.0240997108721383,0.00267827898439438,-0.00533333484963985,-0.00314453667443547,"KIF24"
"chr3",149449455,149450014,560,2,0.0241000644204768,0.00269749100220888,-0.00726814634959433,-0.00601991359067215,""
"chr10",75776803,75777114,312,2,0.0241032514036979,0.00316914698198108,-0.00700993110963963,-0.00653028270126505,"LRMDA"
"chr19",14085770,14085991,222,5,0.0241483561317292,0.00372046717554799,-0.0056932600631037,-0.00413469089558579,"C19orf67"
"chr9",1459983,1460439,457,2,0.0241609021184846,0.00357159105812964,-0.00602101460210149,-0.00476364540994371,""
"chr12",25251869,25252151,283,2,0.0241617881486476,0.00509933969725104,0.00466286789108073,0.00442334216039532,""
"chr3",26622060,26622135,76,3,0.0241758421506819,0.00261807908495093,0.00631772605517655,0.00442143928071107,"AC099754.1"
"chr20",6054048,6054242,195,2,0.0242125621137159,0.00283084779360027,-0.00582980680470143,-0.00565499150002314,"LRRN4"
"chr2",216741079,216741388,310,2,0.0242602514818115,0.0029069434596239,-0.00636735061924903,-0.00539266246533983,"AC007563.2"
"chr5",172904730,172904794,65,2,0.0242602514818115,0.00295245752071727,-0.0069620835984635,-0.00665515502955549,"ERGIC1"
"chr1",203316375,203316634,260,2,0.0242700270938795,0.00592233202883093,-0.00226751421880934,-0.000891450629110385,""
"chr2",46812336,46812982,647,4,0.0243015263388671,0.0040954782700293,-0.00613168838244518,-0.00481032582176126,"LINC01118"
"chr11",122157295,122157338,44,2,0.0243185109628932,0.002787213015967,-0.0070721193993106,-0.00627078130306033,"MIR100HG"
"chr3",101827540,101828015,476,11,0.0243344161599553,0.000590272969576557,-0.00670700306077285,-0.00259656969260124,"NXPE3, NFKBIZ"
"chr11",65642289,65642655,367,5,0.024389204685631,0.00182720904087681,0.00841087770555326,0.0043616066109347,"SIPA1"
"chr20",59495915,59496098,184,3,0.0244354887713016,0.129139100730625,0.00175144680148563,0.000499169446576929,""
"chr1",9128629,9128888,260,3,0.0244358697660487,0.00290695449907377,0.00643691307242944,0.00547322599864304,"GPR157"
"chr1",168261648,168261768,121,2,0.0244376493019239,0.00287997957052713,-0.00751384467719034,-0.00661760688866739,""
"chr7",2309970,2310056,87,2,0.0244471956361075,0.00379388678033267,0.00397668786058766,0.00315920592353886,"SNX8"
"chr8",13159126,13159307,182,2,0.0244515321904731,0.00285683653691887,-0.00597458529259172,-0.00548434161338672,"AC106845.1, DLC1"
"chr7",27184724,27185254,531,8,0.0244570261200463,0.00646167508432822,0.00627721988571792,0.00268893039661937,"HOXA11-AS, HOXA11"
"chr2",12456441,12456717,277,2,0.0244725095990464,0.00281007675822625,-0.00876556652669676,-0.00833996380418852,"MIR3681HG"
"chr7",152366822,152366994,173,2,0.0245412469577366,0.00293388673324555,-0.00406534240375175,-0.00328579397513884,"AC104692.2, KMT2C"
"chr11",67352934,67352959,26,2,0.024557759276763,0.00297682239473207,-0.00183432813100992,-0.00146378476643251,"RAD9A, POLD4, AP003419.1"
"chr2",76311856,76312008,153,2,0.0245662960135904,0.00347422639435125,-0.00596505441611486,-0.00461437574894412,"AC073091.1"
"chr13",21033288,21033427,140,2,0.0245684625827827,0.00722696815082848,-0.00907521050047981,-0.00616905348057327,"LATS2"
"chr1",89957036,89957626,591,3,0.0245847209984118,0.00170069476969191,-0.00635419234457973,-0.00565907429097125,""
"chr19",10936432,10936497,66,5,0.0246112759501591,0.00254306006900399,0.00687094331768629,0.00439393036462179,""
"chr14",101947667,101947675,9,2,0.0246188478278114,0.00220289236843567,0.00621921425814956,0.00503363042383014,""
"chr2",74385095,74385685,591,5,0.0246592941496218,0.00135173153240117,0.00397221260752826,0.00328795769496926,"DCTN1-AS1, DCTN1"
"chr20",1337090,1337602,513,4,0.024659814206472,0.00272296439412008,-0.00550789747557603,-0.00340658543229557,"SDCBP2-AS1, AL136531.2"
"chr8",120084636,120084924,289,2,0.0246939567514877,0.00595928368588808,-0.00314177730710455,-0.00245308111144422,"COL14A1"
"chr1",6026088,6026592,505,7,0.0247457081182296,0.00130781023915298,-0.00605776687568309,-0.0046236104877085,"KCNAB2"
"chr12",46830866,46831171,306,3,0.0248052777723531,0.0035611587210547,0.00437908949302141,0.00369251900226399,"AC008014.1, SLC38A4"
"chr19",51001567,51001745,179,2,0.0248082318527528,0.00362296450791348,-0.00719473987839758,-0.0056612027910802,"AC011483.1, KLK8, AC011473.4"
"chr20",41619277,41619387,111,3,0.0248375244188251,0.00473193850581453,0.00292529747771389,0.00236987746632657,""
"chr7",955030,955106,77,3,0.0248479354967021,0.00311437752743821,0.00631500910371387,0.00389730154403591,"ADAP1, COX19"
"chr10",119595071,119595093,23,2,0.0248544574730864,0.00331739149815614,0.00442403745318063,0.00407673495151973,"TIAL1"
"chr18",54958134,54958213,80,3,0.0249007817365228,0.00473240964905174,-0.00702379210146848,-0.00421485210144381,"CCDC68"
"chr1",59367817,59368199,383,2,0.0249021924926947,0.00308706215178846,-0.00840186096899771,-0.00671233377105757,"FGGY"
"chr6",41784938,41785493,556,3,0.0249125651496897,0.0050135936599379,-0.00484882106776952,-0.00322709727950164,"AL365205.1, PRICKLE4, FRS3"
"chr2",47069791,47070038,248,2,0.0249321259096076,0.00393035235938527,-0.00674805417221718,-0.00609731943931437,"TTC7A, AC073283.1, STPG4, AC073283.3"
"chr1",209548785,209548791,7,2,0.0249488585279642,0.0051099195050837,-0.00389363534345722,-0.00378322443012319,"AL023754.1"
"chr10",17076625,17076804,180,2,0.0249580329737795,0.024168830909,-0.00641932048362282,-0.00370813263635686,"CUBN"
"chr16",88558399,88558884,486,3,0.0249688822696159,0.00329052587302432,0.00692246610054353,0.00548071451732405,""
"chr19",35544929,35544973,45,2,0.0249718014905722,0.00313191679038528,0.00791103666128705,0.00726102909901857,"GAPDHS, TMEM147-AS1"
"chr6",135274906,135274971,66,2,0.0250041171620576,0.00285977557287209,-0.00555773400429293,-0.00469730824796855,""
"chr9",87497171,87497261,91,4,0.0250164886747351,0.00172493434060688,0.00596052670035618,0.00363185789340557,"DAPK1"
"chr6",150142281,150142401,121,3,0.0250195835263348,0.0417873568075576,0.0046354278468512,0.00208720990421811,""
"chr9",27108917,27109494,578,7,0.0250335253641351,0.000809382684964651,-0.00647755442473971,-0.00470984937184931,"TEK"
"chr9",123343459,123343560,102,2,0.0250370974264373,0.00300034128117469,-0.00662198077882091,-0.00611369102367948,""
"chr4",163343368,163343857,490,6,0.0250379272010309,0.00220191902571945,0.00419496658184101,0.00203568431173942,"NPY1R"
"chr9",97741350,97741783,434,7,0.0250459891482093,0.00116238990597866,0.00666790147688971,0.00266141129758583,"PTCSC2"
"chr11",32331182,32331246,65,2,0.0250587756207874,0.00331237724740098,-0.00710643012965457,-0.00695075801859373,"THEM7P"
"chr11",69469063,69469220,158,2,0.0250631367232031,0.00422532293443627,-0.00655205037445757,-0.00461750253099885,"AP000439.3"
"chr13",23465952,23466674,723,7,0.0250837810548104,0.000837443367367638,-0.00270523577378336,-0.00187668001327433,"LINC00327"
"chr10",61767254,61767334,81,2,0.0251026446857693,0.00342687505646285,-0.00651282345666142,-0.00477334971002955,""
"chr20",10741299,10741366,68,2,0.0251045698170423,0.00321501689344429,-0.0083492975850932,-0.00763785349430107,"AL050403.2, LINC01752"
"chr3",14958503,14959775,1273,3,0.025156041723231,0.000757830792632493,-0.00591804316718818,-0.00380322590771404,"NR2C2"
"chr15",45445529,45445690,162,2,0.0251622833549525,0.00231580286175586,-0.00816999106681653,-0.00816826418461508,"C15orf48"
"chr8",127159778,127159880,103,2,0.0251993582563743,0.00315039735337582,-0.00416490326625937,-0.00373076037100644,"PCAT1, CASC19"
"chr5",143571128,143571254,127,2,0.025202336786039,0.00310653459709374,-0.00647829950193569,-0.00503265509026577,"AC016598.2"
"chr10",88386322,88386422,101,2,0.0252057145435631,0.00316825136956149,-0.00586264092010777,-0.00560722518663865,"RNLS"
"chr19",19618239,19618586,348,3,0.025279053216698,0.00591198501245448,0.00780340634943939,0.00258555321223706,"PBX4"
"chr12",52814135,52814238,104,2,0.0252830455087073,0.00159637671832527,-0.00619855098303487,-0.00550707393965027,""
"chr15",69088593,69088601,9,2,0.025287283531282,0.0028562885958385,-0.00448420427926159,-0.00428108883128028,"EWSAT1, AC027088.2"
"chr11",78196286,78196610,325,2,0.0252921669931248,0.00668772234967109,0.00792247311631726,0.00663512972303213,"USP35"
"chr19",46481609,46482252,644,2,0.0252958074180943,0.00211216846878278,-0.00714753274126023,-0.00613269082996572,"PPP5D1"
"chr3",179195071,179195143,73,2,0.0253392639026495,0.00291571326736814,-0.00465082108074505,-0.00405350358724322,"PIK3CA"
"chr22",36252786,36252927,142,2,0.025344381509229,0.284546759245431,-0.00765966296468497,-0.00382790526352417,""
"chr2",241844912,241845564,653,4,0.0253527219712123,0.00449884553261945,0.00509014546325132,0.00237099359321143,"AC131097.3"
"chr10",2772997,2773355,359,3,0.0253683430599305,0.00195358468862693,0.00717382133053471,0.00586833096419942,""
"chr1",247548243,247548293,51,2,0.0253795753786969,0.0105574385015325,-0.00811206530995033,-0.00575439679397992,"GCSAML"
"chr7",28848020,28848079,60,2,0.0253882790806109,0.00370210745324611,-0.006937106921232,-0.00529957917574348,""
"chr11",66709789,66709889,101,2,0.0253882790806109,0.00384878481367805,-0.00485128975592067,-0.0045286923950327,"SPTBN2"
"chr10",30186899,30187140,242,4,0.025408962140332,0.0064504634274745,-0.00851322426755119,-0.00397482172211256,""
"chr12",133079454,133079675,222,3,0.0254203225476426,0.0058193070677314,0.00686114262715088,0.00467129277434016,""
"chr12",6988012,6988246,235,4,0.0254338355782741,0.00356807458414768,-0.00785605460741914,-0.00420454379392811,"EMG1, LPCAT3"
"chr5",56585778,56586031,254,2,0.0254340695100786,0.00355121972854869,-0.00506723397696165,-0.00482557517498568,"C5orf67"
"chr5",73281053,73281530,478,3,0.0254482795281977,0.00185430180732763,-0.00994031652113726,-0.00779441614237299,"AC116345.1"
"chr9",16986022,16986091,70,2,0.0254515863447697,0.00290175791018543,-0.00736928419094765,-0.00559025014212458,"AL162725.2, AL358117.1"
"chr10",14041594,14041693,100,2,0.0255115538763106,0.00368056959531271,-0.00553481534620664,-0.00533793826773454,"FRMD4A"
"chr2",234950997,234951148,152,2,0.0255116147099721,0.00485495042033439,-0.00819792655611556,-0.00632620439500207,""
"chr1",183711900,183712290,391,2,0.0255121177145821,0.00362545336922324,-0.00843386809986663,-0.00673817950746015,"RGL1"
"chr5",111223601,111223982,382,6,0.0255157937985582,0.00175185391116544,0.0056808613012419,0.00254506133709381,"CAMK4"
"chr20",57594506,57594877,372,3,0.0255330211175352,0.118483364982081,-0.00565360938505326,-0.00240842981121245,""
"chr2",218567289,218567448,160,4,0.0255464499424706,0.0024297243567741,0.0054609416478645,0.0043092883947224,"USP37"
"chr5",93571847,93572345,499,4,0.0255814026947904,0.00167522308178468,-0.00749888978167938,-0.00584928965239934,"NR2F1-AS1"
"chr6",32952790,32953744,955,11,0.0255867785437269,0.0106382791790248,-0.00581676031074225,-0.00236159673321967,"AL645941.2, HLA-DMA"
"chr5",143243881,143244227,347,2,0.025601209765067,0.00300426131185058,-0.00636743348092103,-0.00550749296708497,""
"chr11",62707263,62707606,344,6,0.025615866920312,0.000759148056678405,0.00684121156157535,0.00495745556679573,"BSCL2, HNRNPUL2-BSCL2"
"chr12",54052235,54054306,2072,25,0.0256400051358597,5.25503568775177e-05,0.0075718573369295,0.00303826369010337,"HOXC4"
"chr11",110921705,110921730,26,2,0.0256617209681814,0.00365482403781603,-0.00410830123699437,-0.00356563793993809,""
"chr5",132826749,132827066,318,4,0.025663186058178,0.00479290145024928,-0.00633936605820828,-0.0028115513844424,"SHROOM1"
"chr2",239300807,239301083,277,2,0.0256839511620376,0.00332906835737219,-0.00703923632058628,-0.00690649146493952,"HDAC4"
"chr1",23553990,23554245,256,2,0.0257135161348332,0.00518686873125595,0.00692385333242125,0.00479540242984682,""
"chr17",4730727,4730777,51,3,0.0257217324429504,0.00118979249629601,0.0048409042065144,0.00428521290490525,""
"chr4",104555483,104555527,45,2,0.0258219267524342,0.00406090731149606,-0.00422037015622695,-0.00372769730088005,"CXXC4-AS1"
"chr16",66950361,66950649,289,2,0.0258230190764226,0.0157366385265359,-0.00636638966399463,-0.00349999109862976,"AC009084.1"
"chr15",84631274,84631628,355,7,0.0258361616033306,0.00155859080300273,-0.00107281926644842,-0.000614932468698083,"SCAND2P, AC048382.5"
"chr19",38502669,38503179,511,4,0.025849762888606,0.00177123428872949,0.00670213393118042,0.00520601187796195,"RYR1"
"chr6",32167938,32168275,338,6,0.025913937131042,0.00621572588685269,0.00397685571082215,0.00196428220255935,"PPT2-EGFL8, EGFL8, AGPAT1"
"chr3",160026004,160026277,274,3,0.025913937131042,0.0108842772479732,-0.00547934402453188,-0.00104221922824795,"LINC01100, IL12A-AS1"
"chr1",247361178,247361290,113,2,0.0259374319073166,0.00529402089705101,-0.00606646808032642,-0.00428582474113834,""
"chr17",74029677,74029758,82,2,0.0259737016920175,0.00301670301665146,-0.00763163451301032,-0.00612895550558965,""
"chr5",31981638,31981750,113,2,0.0259914476870913,0.00195358468862693,-0.00685702703681764,-0.00648056883073541,"PDZD2"
"chr14",71355489,71355735,247,2,0.0260430474490957,0.00639182930361831,-0.00651993852449254,-0.00487817473028828,"SIPA1L1"
"chr7",100167473,100168214,742,4,0.0261038981782985,0.00278398462159975,0.00574539411855122,0.00345350666241303,"GAL3ST4"
"chr17",82649004,82649171,168,4,0.026130275516506,0.00551371279842848,0.00560288442797555,0.00285844438795109,"AC124283.5"
"chr16",56332857,56332993,137,3,0.0261451188917337,0.00277253408669491,-0.00718624065944599,-0.00581759785084169,"GNAO1"
"chr21",42235146,42235354,209,2,0.0261546879019787,0.00347422639435125,0.00592862937157484,0.0053651084154602,"ABCG1"
"chr4",140304925,140305106,182,2,0.0261681578326102,0.0733729310078114,-0.0069029196198568,-0.00369976723083664,"SCOC, SCOC-AS1"
"chr6",19691941,19692189,249,4,0.0261706146913363,0.00433774233237925,0.00732024507618295,0.0033611328224919,"LNC-LBCS"
"chr4",107840,108110,271,3,0.0261706146913363,0.00272178266653798,0.00667857597136852,0.00410262438512797,""
"chr9",133274492,133274616,125,3,0.0261706146913363,0.00327899425309901,-0.00852646010792913,-0.00526505483310589,"ABO"
"chr8",28398992,28399265,274,2,0.0261941931159488,0.00453854722681103,-0.00471278222228104,-0.00124040663398232,"ZNF395, FBXO16"
"chr1",19650629,19650951,323,2,0.0262117787928317,0.00440926048962013,-0.00710418575853613,-0.00582601003846444,"NBL1, MICOS10-NBL1"
"chr1",231629330,231629439,110,2,0.0262138195367603,0.00303438740682779,-0.00504232512896848,-0.00500237930916792,"TSNAX-DISC1, DISC1"
"chr17",28721957,28722119,163,2,0.0262319396260674,0.0148419352696795,0.00544246325716596,0.00476677807002568,"RPL23A, AC010761.1"
"chr6",57258010,57258274,265,2,0.0262584894580746,0.0043800239984962,-0.00843733020621878,-0.00661265482702965,""
"chr2",47569994,47570814,821,7,0.0262716340446862,0.0937503786567685,0.00211840110148433,0.000811777636877627,"MSH2, KCNK12"
"chr11",130787228,130787426,199,2,0.0263052352401601,0.00422921777799086,-0.00430843193530268,-0.00325977661189291,""
"chr2",241552307,241552529,223,2,0.0263214264723821,0.00286236502049632,-0.00653665155829233,-0.00639750693051996,"BOK, BOK-AS1"
"chr10",119680333,119680827,495,2,0.0263378697863111,0.00526385783274767,-0.0078139273545541,-0.00622830881859266,""
"chr4",76215178,76215395,218,2,0.026344157231268,0.00355760321879363,-0.00354229660330729,-0.00301221238778312,"FAM47E, SCARB2"
"chr15",92801747,92801872,126,2,0.0263488921932024,0.0034754713022796,-0.00670615057234465,-0.00448464327576817,"FAM174B"
"chr12",6195391,6195829,439,6,0.0263612703492741,0.001907723943958,-0.00476671443471253,-0.00259315383417923,""
"chr3",123447714,123448035,322,2,0.0263766376503886,0.0995393339134432,0.00667364485439741,0.00334380653447666,"ADCY5"
"chr8",29185798,29185898,101,2,0.0263826816138483,0.062563340965345,-0.00172835773026013,-0.000908684100246645,"KIF13B"
"chr1",86155901,86156999,1099,8,0.0263870255018629,0.000866864933346813,0.0053143879820492,0.00349728931408784,"COL24A1"
"chr1",161421915,161422017,103,2,0.0264382461705258,0.00390077578815268,0.00521592730322427,0.00424518728609297,"AL592295.4, AL592295.3"
"chr16",48536304,48536542,239,2,0.0264581088937105,0.00415792090448111,-0.00759724275248096,-0.00678014256159076,""
"chr21",44088456,44088583,128,3,0.0264778446703046,0.00400419884283702,-0.00424840931442742,-0.00150153242147559,"TRAPPC10"
"chr2",160396998,160397108,111,2,0.0264927653736041,0.00541476601061386,-0.00602421839172001,-0.00484981649469702,"RBMS1"
"chr8",31641431,31641536,106,2,0.0265201770905185,0.00313191679038528,-0.00455210109376664,-0.00078670450770054,"NRG1"
"chr3",129603430,129603694,265,2,0.0265211377578177,0.00317370296479515,-0.0062409731105551,-0.00597460631031332,"PLXND1"
"chr4",185015324,185015421,98,2,0.026560379381125,0.00265647632866408,0.00537234653024676,0.00449926063006197,""
"chr17",47276979,47277005,27,2,0.0266150062762147,0.00305238261452636,-0.00635351096050071,-0.00542860639279819,"ITGB3, AC068234.1"
"chr3",107846227,107846559,333,2,0.0266428826076534,0.00311613669922535,-0.00567359548627521,-0.00556679430737856,"LINC00636, LINC00635"
"chr9",132581867,132582647,781,9,0.0266500800188128,0.00238170216644885,0.00336534836474504,0.00091661940135086,"BARHL1"
"chr12",7555880,7555901,22,2,0.0266754771972658,0.00296759675721873,-0.00682381830170013,-0.00549868647564123,""
"chr15",52111832,52112266,435,3,0.0266877846509537,0.0134115221965438,0.00667736421074615,0.00426826115025436,"BCL2L10"
"chr21",16534086,16534419,334,3,0.026711373788961,0.00209806537756397,0.00568925338014849,0.005064306584336,"MIR99AHG"
"chr22",41841333,41841501,169,2,0.02671856885938,0.00417115838236127,-0.00640746603284473,-0.00521627129198466,"SREBF2"
"chr22",21014002,21014130,129,2,0.026732036406503,0.00178053692001949,0.00765140237950604,0.00583459680723852,"P2RX6, TUBA3FP, AC002472.3"
"chr16",15740123,15740241,119,2,0.0267379483157776,0.0033001827217368,-0.00679600561859295,-0.00592933164456994,"MYH11"
"chr12",117188972,117189456,485,6,0.0267407660600572,0.00197386853859351,0.00522994557346418,0.00423876521365491,"FBXO21"
"chr1",10507413,10507629,217,3,0.0267523839052664,0.0938717912406852,0.0057024704103383,0.00164823624729222,"PEX14"
"chr16",80932866,80932963,98,2,0.0267852743586473,0.00246785859485172,0.00749507532719556,0.00715877020171071,"AC009070.1"
"chr1",21652205,21652429,225,4,0.0268556215318807,0.00370921494219284,0.00505868840493173,0.00276288972608632,"RAP1GAP"
"chr15",78069189,78069555,367,2,0.0268731820754328,0.00326513427596505,-0.00539314339249178,-0.00491451254597108,"TBC1D2B"
"chr8",125428798,125429151,354,3,0.0268753900786133,0.00372831139723519,0.00523202360233357,0.00309747171699546,""
"chr17",46157869,46158154,286,2,0.0268910776399335,0.00291571326736814,-0.00638829508097727,-0.00483730419754398,"KANSL1"
"chr1",228191941,228191997,57,2,0.0269044725762422,0.00352893530669003,0.00411109769644512,0.00375899525072791,""
"chr6",125814719,125814816,98,2,0.0269131444361711,0.00996904765341766,-0.00864034817560251,-0.00485291259506349,"NCOA7, NCOA7-AS1"
"chr16",70576531,70576705,175,2,0.0269428847000967,0.00426270560987345,-0.00393748259098773,-0.00326790399633454,"SF3B3"
"chr7",38000062,38000294,233,2,0.0269549635112157,0.00558296896230983,-0.00672396784287532,-0.00606811636037585,"SFRP4"
"chr16",22314882,22315214,333,3,0.0270374190673606,0.00206645919985975,0.00444993575721614,0.00238955133816941,"POLR3E"
"chr6",2432175,2432320,146,2,0.0270374190673606,0.0210835226577875,-0.00588745049935808,-0.00353406762415402,"GMDS-DT"
"chr2",24772380,24772582,203,2,0.0270888134258963,0.00307606895080466,-0.00607260806041225,-0.00488535996354238,""
"chr1",9847978,9848246,269,4,0.0271062637750605,0.00449485871300768,-0.0042502699962238,-0.0030612723492255,""
"chr1",39558960,39559560,601,3,0.0271350531986078,0.0048068090759462,0.00421489935257381,0.00333194061777474,"PPIEL"
"chr10",179124,179175,52,3,0.0272043692122987,0.00305310878164979,-0.00483728172299116,-0.00307253635174764,"ZMYND11"
"chr12",121129063,121129296,234,2,0.0272113804438941,0.00327899425309901,-0.00616637082685101,-0.00474298092578539,""
"chr9",92405873,92406126,254,3,0.0272200901263586,0.00601791252470835,-0.00694562935114892,-0.00378072348587205,"CENPP"
"chr22",38732557,38732720,164,3,0.0272210201087233,0.00214590638077769,-0.00581988051370845,-0.00522488757864825,"GTPBP1"
"chr19",45077369,45077428,60,2,0.0272895242030643,0.00572588265685939,-0.00615771952815839,-0.00365259392159283,"GEMIN7-AS1"
"chr2",79512737,79513059,323,6,0.0272976136455437,0.00183946160659208,0.000990678982999743,0.000423660110938589,"CTNNA2, CTNNA2-AS1"
"chr4",41134305,41134836,532,2,0.0273184496966224,0.00282999852048363,-0.00685020014856542,-0.00440400742394918,"APBB2"
"chr2",174846135,174846961,827,2,0.0273290432185979,0.002591604754276,-0.00763988915340304,-0.00679844357226049,"CHN1"
"chr16",68284059,68284349,291,4,0.0273412143482778,0.00334756122418518,-0.00427388338286633,-0.00263530379318002,"SLC7A6, RNU6-1262P"
"chr3",197926739,197926795,57,2,0.0273442827508217,0.00308848393393001,-0.00704839060514776,-0.00698860458259235,"IQCG"
"chr16",56915828,56916049,222,2,0.0274023798983084,0.00352893530669003,-0.00749380563413963,-0.00652800892535724,"SLC12A3"
"chr10",124419660,124419850,191,3,0.0274404798618754,0.0823278839683798,0.00362917086925044,0.00164316453396191,""
"chr3",169660887,169661047,161,5,0.0274638605168136,0.00182213407907182,0.00529987646028364,0.00430038106362117,"MECOM"
"chr17",81004767,81004950,184,2,0.0275657915820163,0.00354141638162792,0.00653832611665025,0.0058532668599913,"CHMP6, AC127496.7"
"chr7",36231517,36231662,146,2,0.0275713159085913,0.00540095554467941,-0.00480319400691665,-0.00283401153504654,"EEPD1"
"chr22",23278999,23279262,264,3,0.0275783222292834,0.011353424280067,-0.00831319385221584,-0.00534117603733136,"BCR"
"chr10",79446620,79446769,150,3,0.0275840125381026,0.00674620814245637,0.00458003430731803,0.00196001065788026,""
"chr2",101831593,101831772,180,2,0.0275952908216691,0.00576242208974286,-0.00758910367366136,-0.005117704640575,"MAP4K4"
"chr3",120203126,120203205,80,2,0.0275968536803747,0.0495142918164615,-0.00398458500434988,-0.00128142913156824,"GPR156"
"chr11",67055382,67056213,832,5,0.0276288404113806,0.00105408501211214,-0.00641895684501236,-0.00483542614524657,""
"chr9",34089245,34089622,378,3,0.0276312836901659,0.00232486197603429,-0.00709481637885404,-0.00660606344929441,"AL354989.1, DCAF12"
"chr1",203320660,203321158,499,2,0.0276312836901659,0.00310653459709374,-0.00745795737134148,-0.00665055741326831,""
"chr8",118069582,118069700,119,2,0.0276934997077925,0.0116199430802219,-0.00755838629602726,-0.00361919970537845,"EXT1"
"chr21",33418893,33419694,802,3,0.02773001264659,0.00150451211997222,-0.00546494958251806,-0.00437001651315568,"IFNGR2"
"chr8",48397061,48397072,12,2,0.0277594766706957,0.00283084779360027,-0.00417583966672106,-0.00390284366576425,""
"chr17",81002275,81002536,262,2,0.027770666817135,0.0372072726913177,0.00647714277647013,0.00309798284349271,"CHMP6"
"chr4",88006534,88007099,566,3,0.0277934032407559,0.00259961441695846,0.00433391979783323,0.00227499180727589,"AC131944.1"
"chr12",6272425,6272447,23,2,0.0278078810452319,0.00566290013047077,-0.00477574312623434,-0.00306606291695417,""
"chr6",159602970,159603112,143,2,0.0278403766103187,0.0118419051246736,-0.00482684288713799,-0.00281510574786852,"AL078604.4"
"chr13",99513861,99514085,225,6,0.0278549370757392,0.00897089583169988,-0.00445943614459014,-0.00120596092858398,"TM9SF2"
"chr8",143715759,143716518,760,11,0.0279060206900279,0.00656057109061257,-0.00517341767053747,0.000162103488465113,"MAPK15"
"chr6",12957190,12957686,497,5,0.0279309975256192,0.00219167875173179,-0.00450202493127151,-0.00223615019154422,"PHACTR1"
"chr4",87510754,87510873,120,2,0.027932749076703,0.00366447609119927,-0.00241585481637212,-0.00186261460613349,"SPARCL1"
"chr10",7572188,7572607,420,2,0.0279390815985885,0.00292621144695325,-0.00637367420427368,-0.00595887503047276,"ITIH5"
"chr8",38730189,38730805,617,2,0.0279396419044509,0.00359493842126656,-0.00709204447191912,-0.00699508444285555,"TACC1"
"chr8",25479425,25479998,574,5,0.0279517424603729,0.00106071653065712,-0.00654208918648114,-0.00562084124729708,"CDCA2"
"chr8",23290802,23290870,69,2,0.0279627522046733,0.0196550085104014,-0.00223025642933459,-0.00156818543508215,"R3HCC1"
"chr20",56467337,56467380,44,2,0.0279667045840614,0.0483559989899107,-0.0037494058715287,-0.00183093199216071,""
"chr6",16439136,16439336,201,2,0.0279746623732663,0.00333127029934091,-0.00651340605957261,-0.00443290997675114,"ATXN1"
"chr12",65603426,65603949,524,3,0.0279758649880737,0.00503702000381776,-0.00699219371190684,-0.00429816318209233,"LINC02454, AC025419.1"
"chr6",33851292,33852196,905,4,0.0280056072979948,0.00100935562561177,-0.00644039765348038,-0.00453938687549977,""
"chr1",3290807,3291024,218,4,0.0280148568855437,0.00259419537024218,-0.00600128965053551,-0.00315552892130002,"PRDM16"
"chr9",16625558,16625587,30,3,0.0280148568855437,0.00725948950308515,-0.00358729992883966,-0.00262930217073419,"BNC2"
"chr18",2847303,2847532,230,3,0.0280148568855437,0.0076498916331921,0.00438691439162647,0.0024017793803287,"EMILIN2"
"chr19",34481150,34481453,304,2,0.028041715938078,0.0262652643621278,0.0125991700520882,0.00626698551590054,""
"chr9",97519080,97519336,257,3,0.0280506024592657,0.00205811692011295,-0.00672368759363022,-0.00602538614243976,"TMOD1"
"chr2",218892742,218893299,558,5,0.028068332371975,0.00127835140525622,0.00487053481374592,0.00310879608282852,"WNT10A"
"chr11",124839681,124840029,349,4,0.0280893713178909,0.00631735184963522,-0.00330770409145295,-0.00245552959362633,""
"chr12",123273345,123273515,171,3,0.0280954957740599,0.00858121054618101,0.00630926300593537,0.00361345152904218,""
"chr1",47449197,47449336,140,2,0.0281075727853486,0.00517010942076968,-0.00734761914998911,-0.00544408430637589,""
"chr11",76655696,76656321,626,3,0.0281124743682585,0.00314663224172628,-0.0054373224692092,-0.00438298889612733,"AP001189.3"
"chr4",13538612,13538806,195,2,0.0281372351698802,0.0240138246555573,0.00449999025915841,0.00164563184714381,""
"chr1",65360035,65360275,241,2,0.0281603517133243,0.0105718069385441,-0.00675963226654826,-0.00474875304834169,"DNAJC6"
"chr5",946201,946441,241,3,0.0282038822285556,0.00511691238026653,-0.00354158320322132,-0.00243222765578846,"AC122719.1"
"chr12",5965091,5965146,56,2,0.028209791210322,0.00359298088614797,-0.00714438044925002,-0.00563904579606798,"VWF"
"chr1",174799447,174799837,391,5,0.0282165930896267,0.00123408964038825,-0.00248375898942631,-0.00201214565224111,"RABGAP1L"
"chr9",36191355,36191601,247,3,0.0282361654305621,0.0028060091805475,-0.000764159034357078,-0.000502234437631529,"CLTA"
"chr4",4487647,4488162,516,2,0.0282367068643754,0.00254403526836252,-0.0057530594061171,-0.00489313520191537,"STX18"
"chr4",151227058,151227773,716,3,0.0282810712512779,0.00614565382047202,-0.00645422987681326,-0.00472575744285722,"SH3D19"
"chr16",8869785,8870003,219,3,0.0283022250899914,0.00363876250204382,0.00535418460753383,0.00345710599230149,"AC022167.4"
"chr12",81079032,81079455,424,3,0.0283296433408238,0.003842149210388,-0.0074123223019776,-0.00613603695884369,"ACSS3"
"chr8",64373274,64373340,67,3,0.0283341231735055,0.00697948074325952,0.00557716971153966,0.00257421427511849,"MIR124-2HG"
"chr6",10382851,10383871,1021,8,0.0283515144011451,0.00592244406332536,0.00691787284233025,0.00354794676225735,""
"chr5",132555982,132556566,585,4,0.0283904045300798,0.0016639869674267,0.00433140596662301,0.00213820225121149,"AC116366.2, RAD50, IL5"
"chr3",72262730,72262895,166,3,0.0284839102698898,0.00182720904087681,-0.00668067268876611,-0.00635404972153649,"LINC00877"
"chr11",114251730,114251923,194,2,0.0285006033950674,0.00488645519141449,-0.00688745872253439,-0.00409152708284543,"ZBTB16, AP002518.2"
"chr6",12014217,12014253,37,2,0.0285195248952444,0.00678801211035732,-0.00717864519832046,-0.00495647245824545,"HIVEP1"
"chr5",917776,917785,10,2,0.0285763789602545,0.00284006270506483,-0.006752585833079,-0.00474224736649169,"TRIP13"
"chr5",32852666,32852825,160,2,0.0285870324614053,0.00475892191207875,-0.00575642944147795,-0.00541572931231578,""
"chr17",49607307,49607591,285,2,0.0286016554339954,0.00347422639435125,-0.00666851553543845,-0.00625029748935912,"SPOP"
"chr10",76034833,76035000,168,4,0.0286060094502451,0.00211691421217837,-0.0059368732365531,-0.00548325701148804,"LRMDA"
"chr9",14910218,14910317,100,2,0.0286181552985089,0.00346842797241497,-0.0034632802627856,-0.00227640593953299,"FREM1"
"chr7",99272985,99273212,228,4,0.0286959664940258,0.00551886210497348,0.00162050215884302,0.00134757637008871,"MYH16, AC004834.1"
"chr12",66678989,66679282,294,7,0.0287011841200203,0.000635916523742646,0.00553049118283613,0.00436999694224034,"GRIP1"
"chr2",68427441,68427528,88,2,0.0287154515492329,0.00274900741758267,-0.00496377210337024,-0.00484744777461716,""
"chr19",13009741,13010173,433,2,0.0287154515492329,0.00370754081128402,-0.00697683032966052,-0.00687919315904487,"NFIX"
"chr19",34218491,34218555,65,2,0.0287584887041314,0.00396494834261855,-0.00665582780716195,-0.00540011276495657,"LSM14A"
"chr15",58410345,58410613,269,2,0.0287676779453212,0.00319427102533169,-0.00635495504528221,-0.00620089096116269,"LIPC, ALDH1A2"
"chr12",52977375,52977611,237,3,0.0287677488072117,0.0032041557947582,0.0052172476112775,0.00417798138326458,""
"chr14",73712273,73712398,126,2,0.0288167102320696,0.00459588084979106,0.00484118736662902,0.00438489462242721,"PNMA1"
"chr5",136023730,136024064,335,2,0.0288491257794277,0.00355760321879363,-0.00507964209227285,-0.00420359299665444,""
"chr15",60443024,60443094,71,2,0.0288491257794277,0.00307829627682879,-0.00592078833673006,-0.00414334433717886,"ICE2"
"chr18",21803683,21803996,314,2,0.0288491257794277,0.00392660918429924,-0.00549447674288554,-0.00452425946267793,"MIB1"
"chr10",133326066,133326212,147,2,0.0288492643911848,0.00311204561131151,0.00614807081201693,0.00493842662792181,"ZNF511-PRAP1, CALY"
"chr19",45940399,45940543,145,2,0.0288537810456127,0.003630712021404,-0.00389168800864562,-0.00381178223837775,"NOVA2"
"chr8",18809595,18809840,246,3,0.0288643626873293,0.0123103099664393,-0.00337391494928851,-0.00224943977689664,"PSD3"
"chr8",66178346,66178823,478,9,0.0288867293236286,0.000712129235171049,0.00576386170102469,0.00363005473743367,"CRH"
"chr18",322565,322748,184,2,0.0289172484762307,0.00448539312233322,-0.00561279287890314,-0.00530193640103965,"COLEC12"
"chr19",45308363,45308721,359,3,0.0289744575202273,0.10919077769819,0.00356120416815141,0.00189590254890665,"CKM"
"chr3",10132143,10132154,12,2,0.0290317739019189,0.00308706215178846,-0.00346078670836321,-0.00307531481229808,""
"chr7",97016677,97016980,304,3,0.0290970548326934,0.00358126412789789,0.00246539576362126,0.00151191822966171,""
"chr10",80183107,80183261,155,2,0.0291080603511356,0.00455021244584203,-0.00412794996262206,-0.00338354374755213,"ANXA11"
"chr10",62278571,62278724,154,2,0.0291127098571304,0.00305405989502426,-0.00541347139530141,-0.00512280121849301,""
"chr17",79206130,79206485,356,2,0.0291129953183776,0.00426928572409948,-0.00692799013849009,-0.00548220586025073,"RBFOX3"
"chr19",33274114,33274727,614,2,0.0291512403670256,0.0028358659719552,-0.00666284783007938,-0.0052225106544853,""
"chr20",61599684,61599842,159,4,0.0291932304414214,0.0104488404584306,0.00549344284879211,0.00312048680678557,"CDH4"
"chr19",11496457,11496469,13,2,0.0292450270719534,0.00389338821411997,0.00302103133186561,0.0020613475286903,"AC008481.3, ZNF653"
"chr3",53882955,53882973,19,2,0.0292712405938634,0.0795625995299123,0.00538677766018082,0.00275539001585864,""
"chr5",16623224,16623497,274,3,0.0293280670794485,0.00376318992799704,-0.00147904405079399,-0.000563294331815848,"AC024588.1"
"chr11",10899263,10900105,843,4,0.0293347196726277,0.00299571688309938,-0.00536989319689215,-0.00487327688312597,"ZBED5-AS1, AC069360.1"
"chr14",49853914,49854090,177,3,0.0293679130159399,0.0285268920060186,0.00441057050509985,0.0019632875716835,"RN7SL3"
"chr1",203744099,203744656,558,2,0.0293976663478595,0.00312921780582121,-0.00765013638676752,-0.00725575557757916,""
"chr1",242527291,242527431,141,2,0.0294142404578628,0.0542781205680501,-0.00497399692798827,-0.00252995466918924,""
"chr3",126753263,126753523,261,3,0.0294218093878918,0.00993301661084845,-0.00630809608681921,-0.00373217850429858,"CHCHD6"
"chr1",38817850,38818223,374,3,0.0294347982345801,0.0136912879314603,0.0096920542061744,0.00369369025477797,""
"chr4",108070721,108070915,195,2,0.0294726708597739,0.00344264560648781,-0.00552951430668471,-0.00528719940905017,"LEF1"
"chr5",50970265,50970560,296,5,0.0294855763019963,0.00123845411340025,-0.00609673053130505,-0.00461541872381581,""
"chr19",46747190,46747350,161,3,0.0295650628600147,0.00221306023195702,0.00550696180275224,0.00465284628421389,"FKRP"
"chr6",11632418,11632971,554,2,0.0295754876144486,0.00294360777458984,-0.00668259501487386,-0.00488608548366889,""
"chr6",149890932,149890982,51,2,0.0295892534261818,0.00653915229643698,-0.0072709542238294,-0.00545518704300853,"RAET1E-AS1, RAET1E-AS1, AL355312.5, RAET1E"
"chr3",186787415,186787924,510,6,0.0296690570237977,0.00130781023915298,0.00457903366933624,0.00260897825827651,"EIF4A2, SNORA63, SNORA4"
"chr19",50496788,50497060,273,2,0.0296873037762622,0.00267900892694077,0.0057584131001465,0.00552078093715805,""
"chr7",100450505,100450678,174,2,0.0297063163397368,0.00314474703636614,0.00321104487708839,0.00314269077373355,""
"chr6",150069758,150069827,70,3,0.0297133078594572,0.00199053963773125,0.0046118535189839,0.00349808049380594,""
"chr21",26801459,26801660,202,2,0.0297205983774307,0.00321967665028327,-0.00514366009874502,-0.00420541400466199,""
"chr10",121324945,121325093,149,2,0.0297768666307546,0.00487327530507989,-0.00720487673804415,-0.00528815882021564,""
"chr6",39792831,39793057,227,5,0.029828341472992,0.000759148056678405,-0.00493525297839424,-0.00407910920597004,"DAAM2"
"chr17",79921797,79921885,89,2,0.0298467053885104,0.00643623214322709,-0.00587985969333193,-0.00577538772654299,"LINC01978, LINC01979"
"chr2",115064462,115064607,146,3,0.029854078780969,0.00539953860832086,-0.00595986881508231,-0.00360203273192027,"DPP10"
"chr13",79679276,79679470,195,2,0.029890912314264,0.00349355984263284,-0.00579301157687645,-0.00523181706393114,""
"chr6",43246658,43247112,455,4,0.0299501537968329,0.00145381454502484,0.00766693851034236,0.00578330652153806,"TTBK1"
"chr1",155008267,155008328,62,2,0.0299501537968329,0.00314496931673605,-0.0064202809265083,-0.00586301390968067,"ZBTB7B"
"chr15",39579607,39579722,116,3,0.0299650411305802,0.00294725270305161,-0.00413050080234808,-0.00326038768927933,""
"chr8",144463696,144464057,362,2,0.0299668054715596,0.0215894562516392,0.00432369006678348,0.00276357060785096,"AC084125.1, CYHR1"
"chr17",43412006,43412104,99,3,0.029971847615925,0.002750643471972,-0.00552235991659934,-0.0042426370820421,""
"chr9",137295166,137295350,185,2,0.0299923242003068,0.00333220322555352,0.0082275476874719,0.00453977469354607,"BX255925.4, BX255925.1"
"chr4",112297281,112297497,217,3,0.0299969753792373,0.00232567968342322,-0.00755780878516571,-0.00395047846253138,"ALPK1"
"chr4",98929650,98930060,411,7,0.0300790312069841,0.0030014958994433,0.00546950286864335,0.00429099364650821,"AC019131.1, EIF4E"
"chr11",6629921,6630032,112,2,0.030089784336556,0.229749354923943,0.00103302666815891,0.00055633502574259,"DCHS1"
"chr15",48400325,48400624,300,3,0.0301071998450681,0.00370981031202128,-0.0065066316758301,-0.00442884106499037,""
"chr5",31639839,31640109,271,2,0.030131990022827,0.00274575995562901,0.00577387767103989,0.00548754685349827,"PDZD2"
"chr3",73622044,73622226,183,2,0.0301347024213196,0.00641051444468899,-0.00567191324028491,-0.00562575162507778,"PDZRN3-AS1, PDZRN3"
"chr20",59021058,59021273,216,4,0.0301469673314238,0.00169463338022807,-0.00657395186414201,-0.00565778895612198,"TUBB1"
"chr16",6019665,6019730,66,2,0.0301591935513903,0.0797531349261428,0.00301510591516691,0.00184833375039214,"RBFOX1"
"chr2",36528660,36528960,301,2,0.0301727941886018,0.00309846824945081,-0.00633781127868076,-0.00629316346796819,"CRIM1"
"chr12",44877005,44877284,280,9,0.030176342833943,0.0203094301350809,0.00484483224638828,0.00135545469002579,"NELL2"
"chr2",58131660,58131839,180,3,0.0301923234982893,0.00220289236843567,-0.00529133704762556,-0.00456311314983847,"VRK2"
"chr9",72521079,72521196,118,3,0.0301949016281208,0.0598426140192671,-0.00559836057947611,-0.0019883795458859,""
"chr4",70133523,70133973,451,5,0.0302816585520959,0.00420237286604693,0.00665312057387777,0.00349641210847472,"PRR27"
"chr1",233636060,233636356,297,2,0.0303385663173479,0.00330214574673577,-0.00522765624460174,-0.0046921980315729,"KCNK1"
"chr1",14943385,14943739,355,2,0.0303602054221139,0.004121441884592,-0.00700088887898272,-0.00441800787189936,"KAZN"
"chr2",224278533,224278649,117,2,0.0303778245659649,0.00934719018286864,-0.00458547952733486,-0.00293727201487947,""
"chr17",74735546,74735614,69,2,0.0304191157202162,0.00418783923663029,0.00487028006592932,0.00330172660545886,"RAB37"
"chr20",37763052,37763239,188,2,0.0304278256834285,0.0042202514200689,-0.0053304165296062,-0.00530691781379821,"CTNNBL1"
"chr18",12012184,12012207,24,2,0.0304358991579531,0.00314596665312791,-0.00514830085669356,-0.004864857274178,"IMPA2"
"chr4",94561188,94561443,256,2,0.0304437419514115,0.00399248657058855,-0.00722354496640404,-0.00599660460113014,"PDLIM5"
"chr10",30057732,30057860,129,2,0.0304437419514115,0.00368934574139697,-0.00790597347869649,-0.00518935864856552,"JCAD"
"chr17",78747229,78747419,191,2,0.0304565565411554,0.00828544698288108,-0.00517827520978552,-0.00312239136227547,"CYTH1"
"chr4",105551833,105552383,551,6,0.0305087921135062,0.000807104343006357,-0.00556424651404229,-0.0043534553771177,"AC004066.1"
"chr16",1093566,1093887,322,3,0.0305266899484432,0.00204316186994213,0.00576335814609261,0.00450156071318588,"C1QTNF8"
"chr3",141841101,141841362,262,2,0.0305276650290465,0.00390586010980078,-0.00491051511135782,-0.00427312454059854,""
"chr20",56005526,56005621,96,5,0.0305405693924833,0.0261394793525724,0.00227069305976687,0.000984330952958528,""
"chr12",100671904,100672052,149,2,0.03059464704677,0.0210465052582307,-0.00454681738620074,-0.00220326297414728,""
"chr3",132550643,132550749,107,2,0.0305998763788219,0.0186185934902887,-0.0074055889433946,-0.00313117954877118,""
"chr11",61153313,61153464,152,2,0.0306051409521475,0.0207501891553949,-0.0071702273236624,-0.00347836863130908,"VPS37C"
"chr8",63039804,63039811,8,2,0.0306306539110221,0.00233097156193495,0.00773996738848609,0.0074875590987205,""
"chr6",136823358,136823419,62,3,0.0306316762819001,0.00219797005225636,0.00478999184843499,0.00197410180916215,"PEX7"
"chr16",72860025,72860046,22,2,0.0306432199261406,0.00342152043258063,-0.00436983676985203,-0.00364293171817422,"ZFHX3"
"chr2",236264321,236264478,158,5,0.0306475514336872,0.00181750988579763,-0.00834916636980973,-0.00499897195584279,"AC019068.1, ASB18"
"chr14",104085144,104085697,554,9,0.0306650399775048,0.00453773532822842,0.00599311709709453,0.00320109461625189,"ASPG"
"chr10",131396823,131396845,23,2,0.0306812661651838,0.00344264560648781,-0.0045823040250842,-0.00422757505912668,""
"chr22",36454847,36455066,220,4,0.0307105336049194,0.0753171219456282,0.0063897679273253,0.00244828814817584,"AL022313.2"
"chr5",42951609,42952011,403,2,0.030728262778032,0.00430555414515911,0.00447530161239609,0.00414327851858953,""
"chr1",15022227,15022605,379,2,0.0307518678917547,0.00575985259706206,-0.00769832416867671,-0.00439734168139506,"KAZN"
"chr5",177445316,177445672,357,3,0.0307556395997675,0.0278406365285403,-0.00559864325798681,-0.00339423371994493,"PRR7-AS1"
"chr11",62426707,62426730,24,2,0.0307690185631247,0.00412144067799247,-0.00507208737948607,-0.00481865139151052,"AP003064.2"
"chr5",78501747,78501772,26,2,0.0308200221934081,0.00380856666034008,-0.00671002040972851,-0.00628770187540587,"LHFPL2"
"chr13",26983074,26983366,293,3,0.0308333173604561,0.00511468520322473,-0.00819198505771259,-0.00433495642111693,"AL160035.1"
"chr17",18018494,18018625,132,2,0.0308882972995828,0.00745591654126831,-0.00209805135752729,-0.000744959018065912,"ATPAF2"
"chr20",58066196,58066322,127,3,0.0309018841839546,0.0025469433489347,-0.00747046121570505,-0.00638271224992986,""
"chr4",85778552,85778809,258,2,0.0309130156513818,0.00272248490570817,-0.00693642670121416,-0.00604405721554532,"ARHGAP24"
"chr14",99605679,99605736,58,2,0.0309216247080417,0.00643575438629345,0.00504851566976347,0.00340546622612097,"AL160313.1"
"chr3",11496146,11496238,93,2,0.030926759205866,0.00776397860129342,-0.00735505936877261,-0.00574577486769746,"ATG7"
"chr10",97408629,97408894,266,3,0.0309714590020528,0.00237337971737164,-0.00704318421583857,-0.00489847027953959,"AL355490.2, RRP12"
"chr4",56530053,56530724,672,10,0.0310056547640664,0.00188350713795915,0.00433684154189039,0.00134878582982472,"THEGL"
"chr7",36724414,36724600,187,4,0.0310095914503598,0.00144800625560236,-0.00621961495967288,-0.00574470207484679,"AOAH"
"chr1",113982775,113982806,32,2,0.0310411003263426,0.00329869191475019,-0.00839260884624559,-0.00783491841513381,"OLFML3"
"chr17",7215625,7215730,106,2,0.0310916301785653,0.00420963558530777,0.00587354253341649,0.00475664743243341,"DLG4"
"chr6",70302688,70303103,416,3,0.0310987670922485,0.00438733793587289,-0.00522043129459842,-0.00448767942375083,"COL9A1"
"chr15",95326689,95327246,558,9,0.0311234741441039,0.00317469529202395,0.00669847391071201,0.00378034981467411,"LINC00924, LINC01197"
"chr12",52086617,52086623,7,2,0.0311234741441039,0.00416803208780027,-0.0059714502563591,-0.00465715337012348,"SMIM41, OR7E47P"
"chr8",99872813,99872828,16,2,0.0311265285502225,0.00333063018588294,-0.00744730002836198,-0.00696301244973645,"VPS13B"
"chr4",86453084,86453481,398,3,0.0311386248714539,0.133683461899239,-0.00540525556467899,-0.00195490245164125,"MAPK10"
"chr1",2418114,2418620,507,3,0.0311531141785604,0.0026420678433713,0.00513933013195929,0.00439486192364066,""
"chr8",56992625,56992766,142,2,0.031198738015452,0.00917340108828592,-0.00302566171761502,-0.00178280673810333,"BPNT2"
"chr7",104804240,104804260,21,2,0.0312509891108639,0.00342334868240241,-0.00688457702141081,-0.00622528889472633,"LHFPL3"
"chr16",68364416,68364630,215,2,0.0312526701846597,0.00648267103455355,-0.00684761759280011,-0.00502641907383238,"SMPD3"
"chr6",83432019,83432463,445,2,0.0312597831296159,0.217120543006564,-0.00291743044979718,-0.00135488854260846,""
"chr1",167713279,167713685,407,6,0.0312933584052507,0.00113785697957149,0.00631562447780852,0.00494723578503601,""
"chr5",93598321,93598773,453,2,0.0313527758528112,0.00639417037914022,-0.00696399385049461,-0.00592210816764582,""
"chr20",37315177,37315358,182,2,0.0313694273597225,0.00694908031174884,-0.00778234044732856,-0.00671410609002248,"MANBAL"
"chr14",100691508,100691613,106,3,0.0313763738285211,0.00739848715111606,0.0054666071056227,0.00412304247520727,""
"chr17",3754999,3755468,470,4,0.0314315307406546,0.00983612937324829,0.00694679285136565,0.00286099056276029,"ITGAE"
"chr18",72542197,72542316,120,2,0.031466904649283,0.0103630810752383,0.00690561841916007,0.0038912334999746,"CBLN2"
"chr2",40452379,40452442,64,2,0.0314800546788043,0.00499983722434533,0.0114308885169215,0.0072197003310996,"SLC8A1"
"chr2",27442051,27442439,389,8,0.0314905777000043,0.0019286888673215,0.00527466010589105,0.0032549628684895,"NRBP1, KRTCAP3"
"chr9",93306384,93306757,374,3,0.0315042425410572,0.00148213748208064,-0.00759251441847241,-0.00706109579211212,"WNK2"
"chr6",27503512,27503571,60,2,0.0315460516805383,0.00449916200283198,0.00598291668074941,0.00507959176907481,"AL021918.3"
"chr5",134174386,134174419,34,2,0.0315721066965021,0.0032041557947582,-0.00548821937777239,-0.00513510960791403,"SKP1, AC104109.3"
"chr2",119429227,119429865,639,2,0.0315737857827865,0.00292945887887296,-0.00458133194445417,-0.00379376012525682,""
"chr2",152581007,152581326,320,2,0.0316237552080635,0.00398607011279814,-0.00855776942961946,-0.00642810104820484,"FMNL2"
"chr2",174546863,174547133,271,2,0.0317142636660327,0.00482095493144159,-0.00538354564150312,-0.00315059002356012,""
"chr14",101825058,101825329,272,2,0.0317417629351896,0.00470988945473691,-0.00999822668422298,-0.00585393093320118,"PPP2R5C"
"chr4",174523190,174523331,142,3,0.0317510157258661,0.00442516952038603,0.0064059842114348,0.00515227040681484,"AC096751.2"
"chr17",13410906,13411113,208,2,0.0317615695705029,0.00369338379304811,-0.00623666702793896,-0.00529952283492377,""
"chr1",245788301,245788406,106,2,0.0317735427538646,0.00328862493200263,-0.006929213022474,-0.00586662531588283,"SMYD3"
"chr12",123437246,123437310,65,2,0.0317879355180179,0.0207901150656837,0.0040288250800722,0.00361639669881511,""
"chr14",64554682,64554876,195,2,0.0317977700020317,0.00495575285078441,-0.00531368119956622,-0.00313865378869016,"PPP1R36, AL049869.1"
"chr1",35574054,35574284,231,3,0.0317979174569968,0.00758327895841187,0.0034105988782803,0.00258646918551643,"TFAP2E, TFAP2E-AS1"
"chr2",42233969,42234350,382,2,0.0318026780944464,0.00346084992652919,-0.00574867760938419,-0.00549312564970402,"EML4"
"chr5",10576343,10576611,269,2,0.0318378389514677,0.00346790119019311,-0.00409307084626448,-0.00163398871923843,"ANKRD33B"
"chr20",50730087,50730208,122,2,0.0318863423499353,0.00321771297127776,0.00410048851058938,0.0025853711896563,""
"chr7",4830350,4830531,182,3,0.0319040062802397,0.00287190704387124,0.00746319518724076,0.00501965511715312,"RADIL"
"chr10",5560086,5560117,32,2,0.0319081868928678,0.00441077152010252,-0.00515591172248872,-0.0036179796159957,""
"chr2",18720765,18721573,809,2,0.0319190217040808,0.177112342210686,-0.00698022737276864,-0.00353963645765993,""
"chr6",85449254,85449385,132,3,0.0319311571384977,0.0219201774997691,-0.004115402481269,-0.00296665158856228,""
"chr4",687297,687365,69,3,0.0319448763576713,0.00237060573149723,-0.00698381352857203,-0.00533971644138182,"SLC49A3"
"chr8",71845552,71845860,309,5,0.0319645807098875,0.00243445869370494,0.00652325217030804,0.00498158045711401,"MSC-AS1"
"chr3",71711482,71711702,221,2,0.0319645807098875,0.0270509031858712,-0.0039098992424228,-0.00205872931930171,"AC097634.4, EIF4E3"
"chr15",83112789,83112855,67,2,0.0319645807098875,0.00561065758282346,-0.00808954704333585,-0.00497009711643854,"TM6SF1, HDGFL3"
"chr9",107733428,107733723,296,2,0.0319681263825461,0.00287647047060347,-0.00664974843953256,-0.0061279029174694,""
"chr13",113001224,113001866,643,12,0.0320280801275422,0.00042442991478878,0.00467725990403646,0.00354147155347408,"MCF2L"
"chr1",91742917,91743069,153,2,0.0320362203558208,0.00326188821958212,-0.00680157731007459,-0.00655194231646574,"TGFBR3"
"chr19",56863939,56864488,550,2,0.0320393080491428,0.0033625028580489,-0.0060858386196066,-0.00598316619071832,""
"chr11",41413891,41414121,231,2,0.032137375333028,0.00325999536927508,-0.00678523082996265,-0.00646884659851329,"AC090138.1, LRRC4C"
"chr6",151349313,151349489,177,2,0.0321612622809596,0.00425841495711076,-0.00224017013584061,-0.0019595205821136,"AKAP12"
"chr11",65095679,65095760,82,3,0.0321657234764351,0.00602170541211526,0.00295016242674517,0.0017739411678047,"VPS51"
"chr10",45374267,45374368,102,2,0.0321657234764351,0.00210919790320584,0.00548940035738012,0.00373488076153483,"ALOX5"
"chr1",174990579,174990612,34,2,0.0321720473733545,0.00347641295674298,-0.00716405713518714,-0.00654474932858234,"RABGAP1L"
"chr1",226109587,226109634,48,2,0.0321952336247027,0.00348456374266916,0.00495901091402834,0.00495862879654674,""
"chr20",51504655,51504690,36,2,0.032204881210058,0.00770449245232695,-0.006660830062471,-0.00392366555682718,"NFATC2"
"chr10",43044708,43044775,68,2,0.0322129847983373,0.00412006767642834,-0.00569518373259858,-0.00494473238708854,""
"chr14",21016595,21016766,172,3,0.032225754854001,0.00250150688814761,-0.00551862343027642,-0.00504862710739172,"NDRG2"
"chr2",36598561,36598861,301,4,0.0322319751890549,0.126449802831366,-0.00633001703928538,-0.00236721121289781,"FEZ2"
"chr12",33440114,33440417,304,3,0.0322551392978339,0.00205128822939849,0.00401873259886204,0.00360027325313603,""
"chr20",45290184,45290698,515,2,0.0322755981564585,0.00291571326736814,-0.00615441925096677,-0.00535867057168795,""
"chr13",110371819,110372348,530,3,0.0322950726687518,0.0032603099802372,-0.00620149669221485,-0.00468879062994304,"COL4A2"
"chr7",87599433,87599492,60,2,0.0323299479945204,0.0044163189954236,-0.00604012831489255,-0.00518807713224564,"ABCB1"
"chr11",75241954,75242445,492,4,0.0323663093412065,0.00208705605342704,0.00397760445644332,0.00198285008112696,"TPBGL"
"chr11",72237630,72237668,39,2,0.0324285671351162,0.00653905084020846,-0.005500360479997,-0.00512480773473209,"INPPL1"
"chr19",55259524,55259907,384,3,0.0324373865112725,0.00517945063871094,0.00194691192807435,-7.67362168029799e-05,""
"chr17",59366717,59366995,279,2,0.0324610525569468,0.00510248062499106,-0.00707870772202011,-0.00634716807433031,"YPEL2"
"chr2",76985355,76985413,59,3,0.0324662446729402,0.00181073331341438,-0.00595763508525832,-0.00524918441723829,"LRRTM4"
"chr19",18787516,18788674,1159,4,0.0325935323468874,0.00369373874514004,0.00365343438993593,0.00250258354298478,"COMP"
"chr13",20773218,20773347,130,2,0.0326152435036074,0.00585882264975717,-0.00240297909961972,-0.0015670630891046,"EEF1AKMT1"
"chr8",68329511,68329688,178,2,0.0326198759186815,0.0948399319478377,-0.00509642819431358,-0.00249872035020911,"C8orf34-AS1"
"chr5",112922855,112923141,287,3,0.032624996334723,0.00893524536734521,-0.0066105247690824,-0.00417944538844061,""
"chr1",150765286,150765697,412,2,0.0326333786035833,0.00371974899833622,-0.00461207718996498,-0.00458071197000989,"CTSS"
"chr12",94262159,94262474,316,4,0.0326579248839998,0.00591966127353324,-0.0042155590541594,-0.00326738811602038,"PLXNC1, AC073655.3"
"chr2",138494029,138494785,757,2,0.0326633840744376,0.00213090863632377,-0.00467298686227054,-0.00458346435702037,"AC114763.1"
"chr14",61751088,61751450,363,6,0.0326667353980722,0.00104281920052213,-0.00647205084429138,-0.00496138764072353,"AL137129.1, HIF1A-AS3"
"chr2",234437692,234438298,607,7,0.0326847396399923,0.000949464503243957,0.00683342253026911,0.0050744445839474,""
"chr3",73595101,73595235,135,3,0.0327088828543247,0.00327956944205199,-0.00565394947632556,-0.00443662735219937,"PDZRN3"
"chr14",54669989,54670026,38,2,0.0327201396581448,0.00331739149815614,-0.00540819705469273,-0.00525408514901169,"SAMD4A"
"chr2",65075423,65075902,480,2,0.0327537347485346,0.00397187465119255,-0.00603442361637311,-0.00562696051655783,"CEP68, RAB1A"
"chr7",121313625,121313795,171,3,0.0327560731417237,0.00306681945897312,-0.00813398205250725,-0.00599700156833383,""
"chr17",49890357,49890455,99,2,0.0327835788783185,0.00495575285078441,-0.00666680069044772,-0.00617575847868603,"AC027801.2"
"chr11",106277293,106277362,70,2,0.0328501387960346,0.00557337513445766,-0.00655968751715325,-0.00488976379113656,""
"chr16",77213115,77213229,115,2,0.0328714968595964,0.00840452581728326,0.00505638322316841,0.00466613402767229,"SYCE1L, AC009139.2"
"chr17",78947262,78947433,172,2,0.0328867447491542,0.00548322164554689,-0.00775024237694438,-0.00480193617301635,""
"chr1",161038337,161038960,624,6,0.0329064565777483,0.00208705605342704,-0.00664247575551314,-0.00573934707958255,"AL591806.2, TSTD1"
"chr10",121596234,121596722,489,5,0.0329248087792995,0.00287299847933324,-0.00712601060868618,-0.00566505864242702,"FGFR2"
"chr3",146165429,146165702,274,2,0.0329248087792995,0.00346084992652919,-0.00293860570438014,-0.00229548468023365,""
"chr5",69234655,69235152,498,11,0.0329496941883293,0.00386851273118407,-0.000777274729427153,-0.000341261591979318,"CDK7"
"chr5",139383123,139383225,103,2,0.0329631703501153,0.00981407459375241,-0.00290269753615042,-0.000870260759207616,"SLC23A1"
"chr18",46757136,46757701,566,2,0.0329631703501153,0.00334606041017485,0.00572874488563503,0.0034036774801179,"AC090241.2, ST8SIA5"
"chr10",62818371,62818716,346,4,0.0329729970988402,0.00210316494811648,0.00490752166757501,0.00373855981188122,"EGR2"
"chr6",152982215,152982274,60,2,0.0330583495702927,0.00417881955048402,0.00539383821909712,0.00398920734657338,"FBXO5"
"chr9",3508904,3509142,239,2,0.0330583495702927,0.00333025746449643,0.00549119604237583,0.00492045014059539,"RFX3"
"chr10",45071600,45071712,113,2,0.0330642096530532,0.0221478807790947,-0.00107799459128018,-0.000303115069748786,"CEP164P1, AL358394.3"
"chr3",42061514,42061646,133,2,0.0330660594745458,0.00449232054652652,-0.00660321243495408,-0.00606600289071605,"TRAK1"
"chr20",46613908,46614452,545,4,0.0330815176069396,0.00205760056805604,-0.00504441476512403,0.000125718352477893,"SLC13A3"
"chr4",152064204,152064246,43,2,0.0331227897809162,0.00550603446376365,-0.00667638485884383,-0.00595153874896958,""
"chr2",23332145,23332166,22,2,0.0332034759903144,0.0030014958994433,-0.00717726208620236,-0.0070664973101096,""
"chr19",15199576,15199709,134,2,0.0332100266379746,0.00487327530507989,0.00523682399364721,0.00381569581060261,"NOTCH3"
"chr6",3742434,3742584,151,3,0.0332250790255407,0.00319691418430336,-0.000947668539068606,-0.000697615446643168,"PXDC1"
"chr1",46180296,46180552,257,3,0.0332674920473806,0.00497714763899981,-0.00503808551488549,-0.00359207075726802,"TSPAN1"
"chr19",18317989,18318382,394,3,0.0332674920473806,0.00489104232251632,-0.00572369762543469,-0.00294628311560875,"LSM4"
"chr14",95046758,95047057,300,2,0.0332674920473806,0.0077015858158553,-0.00572375671556845,-0.0039153440663237,""
"chr22",27791979,27792049,71,2,0.0332818610462925,0.00867609679705093,-0.00674087073202709,-0.00442204693677497,"MN1"
"chr10",101353767,101354176,410,6,0.0333247194179599,0.00216740094595034,-0.00153054719482767,-0.00068795383591211,"BTRC"
"chr6",135536126,135536324,199,2,0.0333338780276499,0.0178005181011816,-0.00796509769915936,-0.00430212562790089,"LINC00271"
"chr11",130062186,130062352,167,2,0.0333397669412021,0.00366447609119927,-0.00663709403083532,-0.00463904447591248,""
"chr2",27765709,27765991,283,4,0.0333484029340726,0.00234918189393038,0.00647282176395148,0.00514135425456198,""
"chr21",42106552,42106677,126,2,0.0333809753565459,0.00350216764597617,-0.00592523183666115,-0.00484160266764005,"UMODL1, UMODL1-AS1"
"chr5",180803494,180803767,274,2,0.0334415111933146,0.00571142433583714,-0.00835270620725743,-0.00603390778415933,"MGAT1"
"chr11",93029311,93029356,46,2,0.0334719231303891,0.00337639542219765,-0.00778048397793175,-0.00741067804158897,""
"chr19",50330575,50330699,125,3,0.0335072569734936,0.00276403708256466,0.00339734715625478,0.00202335053470505,"NR1H2, KCNC3"
"chr14",52051699,52052394,696,2,0.0335182993929785,0.00265100145849364,-0.00678607750318689,-0.00651758659488321,"NID2"
"chr17",80263590,80263744,155,4,0.0335217068064065,0.00143945997286253,-0.00591918787755723,-0.00572990799259622,"RNF213"
"chr19",23759238,23759324,87,3,0.0335227443447973,0.00236187185423189,0.00674631655321478,0.0045016420599004,""
"chr21",14956962,14957198,237,2,0.0335309297600817,0.00440283573514934,-0.00512912396766987,-0.004814320832876,"AF127577.4"
"chr10",124488447,124488519,73,2,0.033542310249006,0.00498783635466075,-0.00461588121732176,-0.00260716659458397,"LHPP"
"chr16",4664646,4664814,169,4,0.0335573105743395,0.00304689103628708,-0.00554038252991135,-0.00317486692281598,"MGRN1"
"chr16",77432020,77432067,48,2,0.0335573105743395,0.00236128831266442,-0.00632980075808144,-0.00529851720363272,"ADAMTS18"
"chr2",239347502,239347890,389,2,0.033559441817398,0.00564733707506947,-0.00612405223088356,-0.00216993184379369,"HDAC4"
"chr20",16475571,16475597,27,2,0.0335817806169462,0.00330567397524821,-0.00656048089375421,-0.00654275592889022,"KIF16B"
"chr17",8038740,8039425,686,8,0.033646330743642,0.00370171872809594,-0.0067541452195886,-0.00415629678549323,"ALOX15B"
"chr8",68490284,68490348,65,2,0.0336823996148553,0.00302579676626799,-0.00602999646052874,-0.00601693187105958,"C8orf34"
"chr7",983133,983520,388,8,0.0336862022063153,0.000942407077961454,-0.0083780289762942,-0.0051222304766478,"CYP2W1"
"chr10",92756602,92757269,668,3,0.0336953688145102,0.00198943591173838,-0.00514981857216901,-0.00413340633130505,""
"chr1",99647850,99648347,498,2,0.0337074177530766,0.00347422639435125,-0.00665063283305848,-0.00546694274480887,"PALMD"
"chr1",16133580,16133744,165,3,0.0337326047563628,0.00254306006900399,-0.00383226674439639,-0.0024171204589162,"EPHA2"
"chr10",124736532,124736775,244,2,0.0337639187211615,0.00375707695113901,-0.0071792861683519,-0.00606651264368752,"AC068896.1, FAM53B"
"chr1",2175971,2176230,260,2,0.0337764713785608,0.00407902244402339,-0.00587758267748416,-0.00559882903988538,"PRKCZ"
"chr12",103841548,103841776,229,4,0.0338029462498003,0.00334756122418518,0.00664225295698662,0.00568744124451184,"AC012555.1"
"chr8",38856359,38856574,216,2,0.0338093638601114,0.00461637563718462,-0.00556637539836767,-0.00398796168067136,""
"chr5",14174443,14174604,162,3,0.0338319279168979,0.00309560232624349,-0.00753938491233334,-0.00606369450971831,"TRIO"
"chr4",92306044,92306119,76,2,0.0338906634743142,0.00251539698725381,0.00494883990481124,0.00460117003160372,"GRID2"
"chr3",47779362,47779434,73,2,0.0339095058641201,0.00570237602542047,0.00634933045541435,0.00429447415966011,"SMARCC1"
"chr6",104705288,104705291,4,2,0.0339115628591037,0.00344853706993526,-0.00742475630596389,-0.00702089440743539,""
"chr6",27558244,27558477,234,3,0.0339521821662241,0.0264510730279437,0.010502340786362,0.0044480541863079,""
"chr14",50400017,50400101,85,2,0.0339521821662241,0.0074712860838334,-0.00705624308349464,-0.00398677215835995,"CDKL1"
"chr22",18971147,18971319,173,2,0.0339896409547226,0.0219424326536233,0.00385541528853861,0.00227440616912717,"DGCR5"
"chr22",31177631,31177950,320,2,0.0340677502524835,0.00335142849956223,-0.00581670159309748,-0.00505496675330877,"RNF185"
"chr7",99918980,99919222,243,2,0.0341148583034094,0.0222959325520742,-0.00163336703788177,-0.00155185444046639,"TRIM4"
"chr15",69452051,69452423,373,4,0.0341350207765342,0.00716145619114692,0.00667771463470627,0.00374119069264782,""
"chr17",58005419,58005524,106,3,0.034150208611483,0.00228374856449729,0.0065979201845586,0.00542976332453396,"AC015813.2, SRSF1"
"chr11",1546193,1546348,156,2,0.034178587858,0.00564512624613512,-0.00315445540201393,-0.00241135360347946,""
"chr10",62806744,62807278,535,3,0.0342525730227044,0.00293811485242807,0.00422918465989944,0.00406976129234237,"ADO"
"chr5",2754780,2755262,483,4,0.0343187107997689,0.0124590169862458,0.00672577334430402,0.00504794421962917,"C5orf38"
"chr1",42147178,42147180,3,2,0.0343216583240348,0.00295257409203331,-0.00790501612263529,-0.0071114958450632,""
"chr6",31179112,31179165,54,2,0.0343387582032332,0.0032481056701022,-0.0072998880271646,-0.00561935405960805,"POU5F1"
"chr3",147408137,147408657,521,12,0.0343607172354653,0.0236934951484508,0.00598419172142697,0.00386790281837697,"ZIC1"
"chr2",112784514,112784816,303,7,0.0343785940766687,0.000806962834608635,-0.00524047605185754,-0.00435148965271166,""
"chr10",15168550,15168819,270,3,0.0343802438207974,0.00353184470669453,-0.000444537718882903,-0.000238665123398766,"NMT2"
"chr9",37034586,37035852,1267,11,0.0343850585499158,0.0305419971403886,0.00645338865672035,0.0018123094119296,""
"chr3",47577551,47577648,98,3,0.0343867230114528,0.00289214119831821,0.00796675652028314,0.00584837145998247,"CSPG5"
"chr7",112422925,112423070,146,3,0.0344233215067673,0.00320785517615116,-0.00832942782309043,-0.00455879464293119,"IFRD1"
"chr12",44525951,44525968,18,2,0.0344374593435229,0.00509350365008291,-0.00535111148168631,-0.00498376730242565,"NELL2"
"chr10",26217424,26217924,501,4,0.0344853938655674,0.00970254764399985,0.00661924659991134,0.00313220578090397,"GAD2"
"chr22",49999927,50000072,146,3,0.0344893540436343,0.003569953887543,0.00602192524492417,0.00533455926350837,"IL17REL"
"chr19",49403818,49404255,438,3,0.0345134720879807,0.00399022441445089,-0.00661506831880027,-0.00431840347651173,"KASH5"
"chr8",38510156,38510253,98,2,0.0345370689906143,0.00346084992652919,-0.00743704593072059,-0.00722486432997702,""
"chr2",233075707,233076082,376,2,0.0345398760321192,0.0034963833276489,-0.005476623847174,-0.0054743335099893,"INPP5D"
"chr2",54596474,54596631,158,2,0.0345624446035343,0.0039985024885792,-0.00685082154147237,-0.00572851757995275,"SPTBN1"
"chr5",149608057,149608665,609,2,0.0345758298017134,0.0028537073841293,-0.00625775872543627,-0.00569699549928785,"ARHGEF37"
"chr1",178724762,178724861,100,4,0.0346285545455103,0.0012655173179392,0.00500457653244994,0.0019668542865619,"AL449106.1"
"chr6",43456795,43457013,219,4,0.034667016949988,0.00378157975768397,0.00274704744368494,0.00198588587949418,""
"chr12",128365651,128366012,362,4,0.034667016949988,0.00225837810995701,-0.00441997429110477,-0.00378311889343933,"TMEM132C"
"chr8",143275873,143276728,856,2,0.0346676515593487,0.00307829627682879,0.00534099466341579,0.00386804212121433,"AC138696.1, GLI4"
"chr2",209663358,209663618,261,2,0.0346852075530703,0.0040906541441153,0.00669489152166975,0.00499256384990931,"MAP2"
"chr15",69649360,69649488,129,2,0.0346925557424188,0.00366367967252143,-0.00315442681449652,-0.00306591762744071,"DRAIC"
"chr8",102930025,102930069,45,2,0.0347160436956011,0.00411686091619567,-0.0053129576867515,-0.00401417049066888,"MAILR"
"chr11",110196393,110196562,170,2,0.0347257327294589,0.00346084992652919,-0.00497394326971438,-0.00495219183875223,"RDX"
"chr6",16352090,16352514,425,2,0.0347258548973944,0.00393246154310522,-0.00713834162397675,-0.00638191581752261,"ATXN1"
"chr5",96432991,96433211,221,2,0.0347601744038005,0.00864313129921311,0.00270502608881685,0.00240915549900187,"AC104123.1, PCSK1"
"chr9",83921525,83921827,303,7,0.0347699104929441,0.00210538096718242,-0.00153699113174094,-0.000400994790645278,""
"chr10",132938545,132938679,135,2,0.0348057469841179,0.00392806082000277,-0.00871480271687624,-0.00738978265114942,"CFAP46"
"chr4",153569871,153569908,38,2,0.0348182031451758,0.00392109524581286,-0.00507701855009768,-0.00416210723306247,"TMEM131L"
"chr14",21015366,21015482,117,3,0.034822266792499,0.00468020848389004,-0.0066847454903169,-0.00443313235018605,""
"chr10",102775449,102775764,316,3,0.0348706299855213,0.00391734645369183,-0.00664474194048618,-0.00535460658513166,"WBP1L"
"chr12",510457,510648,192,2,0.0348832920818293,0.00898874887345301,0.00275450607243504,0.000505965660136755,"B4GALNT3"
"chr15",75903110,75903326,217,3,0.0350277478262011,0.00466467500965777,0.00571456730575825,0.0032909270796655,""
"chr3",151580672,151580721,50,2,0.0350371192346465,0.00359738874471623,-0.00739533499438154,-0.00618674369608213,""
"chr3",188947487,188947677,191,5,0.035057352998049,0.00307723049040035,0.00289984717939471,0.0019267552087247,"TPRG1, TPRG1-AS1"
"chr19",12724312,12724392,81,3,0.0350744755798113,0.00443336369717534,0.00582276487948418,0.00297179911661757,""
"chr19",11151279,11151402,124,2,0.0351177075657807,0.00341670226629011,-0.00737116476252777,-0.00593232549350513,"SPC24"
"chr2",197190352,197190411,60,2,0.0351310150659145,0.00557148199190962,-0.00481955947090121,-0.00385832805685437,"ANKRD44"
"chr3",184184983,184185341,359,2,0.0351334558640423,0.0290572997603921,0.00463415396095987,0.00248085167975656,""
"chr17",2232337,2232456,120,3,0.0351456643003914,0.00409628653336754,-0.00563909484249267,-0.0042805656652513,"SMG6"
"chr4",153471772,153471914,143,2,0.0351683472530145,0.00390489962177359,-0.00718073834624106,-0.00500563764590313,"TMEM131L"
"chr4",2462287,2462323,37,2,0.0351820765791349,0.00358120538188558,0.00469916855617797,0.00468496111311284,"CFAP99, RNF4"
"chr19",53982067,53982476,410,7,0.0351967318942722,0.00106280862836042,0.00824159720871507,0.00538660529501832,"CACNG8, MIR935"
"chr20",57748878,57749170,293,4,0.0351967318942722,0.00256744242719273,-0.00518169644024234,-0.00364435416399225,""
"chr9",97529897,97530009,113,2,0.0352348850733344,0.00388409229796265,-0.00720629184117933,-0.00595983774915513,"TMOD1"
"chr5",134524308,134524592,285,5,0.0352408514289318,0.00794694263753232,-0.00172891079095973,-0.00074553207688137,"JADE2"
"chr19",54434597,54434976,380,5,0.0352487195572639,0.00305405989502426,0.00765603620795946,0.00442820056166779,"TTYH1, AC245884.9, AC245884.1"
"chr3",189513680,189513767,88,2,0.0352547568397267,0.00342152043258063,-0.0061581569828624,-0.00600034266027396,""
"chr16",1198228,1198836,609,4,0.0352905610864342,0.0273534378601329,0.00347509350047066,0.0015029663565657,"CACNA1H"
"chr1",166838606,166839029,424,2,0.0352967355177244,0.00231589992503936,-0.00338665877302965,-0.00248505998529102,""
"chr20",38255720,38255838,119,2,0.0352967355177244,0.0038054202081411,-0.00809485794105162,-0.00714950788710053,"KIAA1755"
"chr20",45880967,45881362,396,9,0.0353024667692381,0.00163338460453431,-0.00155631346724006,-0.000587536070284363,"ZSWIM1"
"chr3",98034779,98034890,112,2,0.0354018863230956,0.00322402196373507,-0.00443564006012745,-0.003533639159599,"GABRR3"
"chr6",73309110,73309112,3,2,0.0354426306821282,0.00363978730235686,0.00208564626070872,0.00134895504330305,"KHDC1"
"chr4",184988859,184988970,112,2,0.0354639228166949,0.00421023847550092,-0.00648621727059666,-0.00612069572825819,""
"chr15",90351648,90351720,73,2,0.0354785315644029,0.00717308988243184,0.00402291486522576,0.00327466180714762,""
"chr1",180360264,180360896,633,2,0.0354919096375559,0.00294854034383791,-0.006961847433726,-0.0062655650350084,"ACBD6"
"chr6",151325165,151325177,13,2,0.0354993351465329,0.006580882976141,-0.00632439210882204,-0.00439529217825246,"AKAP12"
"chr17",74325810,74326321,512,5,0.0355027943787295,0.00138844577010359,0.00739786358392645,0.00338997335170396,"KIF19"
"chr20",64199739,64199752,14,2,0.0355556059917577,0.00454704927306001,-0.00598408279016134,-0.00562334899908154,"MYT1"
"chr2",176099220,176099409,190,3,0.0355556427806132,0.0120632169141366,0.00792358466619095,0.00557069745600963,""
"chr19",46021548,46021595,48,2,0.0355808459597141,0.00368114935834326,-0.00615236116740689,-0.00486790823865729,"PGLYRP1"
"chr12",339567,339744,178,2,0.0356266032684592,0.00430314861856843,-0.00719733341194818,-0.00472114398787733,"KDM5A"
"chr5",17228666,17228761,96,2,0.0356917543503732,0.0034927046543999,-0.00656045125830343,-0.00610120729503975,"BASP1"
"chr3",5016750,5016865,116,2,0.0357221309528531,0.0341617955523181,-0.0075573115610758,-0.00437147834505672,""
"chr17",41784210,41784221,12,2,0.0357444624020757,0.00417115838236127,-0.00641027274509721,-0.00590076252858701,"JUP"
"chr1",43934104,43934222,119,4,0.0357547314324167,0.00534611152395294,-0.00570761989968345,-0.00405887975331329,"ARTN"
"chr12",112791988,112792260,273,3,0.0358016616129264,0.204024558352123,0.004780895882473,0.001115206757708,"RPH3A"
"chr7",154857017,154857091,75,2,0.0358322414406494,0.00347181630284538,-0.00674834158302458,-0.00488696535216706,"DPP6, AC073336.1"
"chr10",132788971,132789026,56,2,0.0358499134062801,0.00411412315573846,0.00745424994375599,0.00572412957208508,""
"chr21",27423297,27423302,6,2,0.035882636996853,0.00357291448226324,-0.00444945938519413,-0.00395558395576047,"AP001605.1"
"chr5",179613211,179613264,54,2,0.0359028910240933,0.0133723802025948,0.00168766538652044,0.00122428395250116,""
"chr8",144684181,144684186,6,2,0.0359095497174312,0.00490175335736674,-0.00269372318162391,-0.00238332422960706,""
"chr12",69091648,69091858,211,2,0.0360015381584294,0.00352893530669003,-0.00697410415246847,-0.00457412924025576,""
"chr16",9914003,9914584,582,3,0.0360477010262178,0.00210562588931353,-0.00720672087517146,-0.00581330109309046,"GRIN2A"
"chr2",36401101,36401437,337,2,0.0360574695569315,0.00387443943713468,-0.00575743452725791,-0.00439804714709822,"CRIM1"
"chr19",46415090,46415108,19,2,0.0360814018006457,0.0048192417034966,0.000731000328570351,0.000654486077335408,""
"chr15",101489897,101490012,116,2,0.0361157895272911,0.0163378518930725,0.00927112704897464,0.00502760382893571,"PCSK6"
"chr12",15595020,15595080,61,3,0.0361332024461511,0.0028638632485818,-0.00275239990518826,-0.00249821031849688,"PTPRO"
"chr4",183797248,183797452,205,2,0.0361615078891144,0.002787213015967,0.00468242433787471,0.00370444910803264,""
"chr10",26486876,26486915,40,2,0.0361752155504926,0.183611982440393,-0.00519207512572995,-0.00265224441870353,"APBB1IP"
"chr5",59275583,59275974,392,2,0.0363662758668816,0.0101967592052652,-0.00501588654371145,-0.00483522924094647,"PDE4D"
"chr1",16197680,16197768,89,2,0.0363879627447108,0.0040720102318296,-0.00662463772503003,-0.00533093709593973,""
"chr5",141186729,141187193,465,6,0.0364140507646408,0.0014949990994068,-0.00323138720009744,-0.00246964171079065,"AC244517.6, PCDHB9, AC244517.11, AC244517.4"
"chr19",15585006,15585106,101,2,0.0364775354943524,0.00576966203180466,0.00530956627644413,0.00129791339066931,""
"chr12",124626387,124626517,131,2,0.0364910325881196,0.00490302923425222,-0.00717992680873991,-0.00643930429489,""
"chr9",27573249,27573550,302,6,0.0365091264801415,0.0178534170173391,-0.000564020286920474,-0.000229933618286933,"C9orf72"
"chr17",82605637,82605955,319,3,0.0366261345474513,0.00514591421287571,0.00411270474159727,0.00364357650906301,"FOXK2"
"chr13",19818291,19818468,178,3,0.0367485852413529,0.00403005904371456,0.00361703722724122,0.00161093708247626,"ST6GALNAC4P1"
"chr9",126625442,126625569,128,2,0.0369273638503787,0.010198548166671,0.007518986615835,0.00638510763368461,"LMX1B"
"chr2",42493184,42493186,3,2,0.0369578164277572,0.0045907858022387,0.00650506989519262,0.0061340791111169,"KCNG3"
"chr17",78144234,78144957,724,3,0.0369815302009463,0.00953771054917141,-0.0050285956836008,-0.00365322126512099,""
"chr3",179681791,179682051,261,2,0.0369922950928727,0.00370171872809594,-0.00746971897142569,-0.00677534756309656,"USP13"
"chr7",1654933,1654995,63,2,0.036996128536086,0.0023197660481383,-0.00373556044164062,-0.00356434742527071,""
"chr19",30664377,30664810,434,3,0.0370081689337743,0.00598642843209184,-0.00533318681491462,-0.00445212445535073,"ZNF536"
"chr21",18245556,18245706,151,3,0.0370687529883963,0.0428772541922269,0.00192009881868363,0.00120046139283871,"CHODL"
"chr9",134456232,134456626,395,3,0.0370856112061439,0.00261057085906565,-0.00547352284417399,-0.00491495912588943,""
"chr22",19666890,19667135,246,3,0.0371139707201719,0.00536913047385453,-0.00544854967303063,-0.00399069965164627,"AC000067.1"
"chr9",616790,616928,139,2,0.0371216392113895,0.0197347764481942,-0.00771639332160464,-0.00418349648938617,"KANK1"
"chr1",113206764,113207004,241,2,0.0371417713720207,0.00495816876870512,-0.0055188673962632,-0.00306404853215448,""
"chr1",156920696,156920821,126,2,0.0371486336295699,0.0099116120801121,0.00771568532238098,0.00469073876395323,"LRRC71"
"chr20",48827157,48827311,155,2,0.0371591827836616,0.0124096253506434,0.00447218616417464,0.00405450608838063,"PREX1, AL133342.1"
"chr15",40322899,40323088,190,2,0.0372207906752026,0.00518686873125595,0.00622721421027538,0.0055640452254581,""
"chr3",42819534,42819590,57,2,0.0372219295821965,0.00366447609119927,0.00596437325634937,0.00588905823186698,"ACKR2, AC099329.2, AC092042.3, KRBOX1, AC099329.1"
"chr9",137177096,137177368,273,4,0.0372458711349994,0.0765564163001918,-0.00282749616681471,-0.000804609577489346,"ANAPC2"
"chr2",72204304,72204472,169,2,0.0372485027060947,0.0344438944513762,-0.00964016939243014,-0.00512822451435425,"EXOC6B"
"chr10",24350371,24350809,439,2,0.0372677250245173,0.00338621606780427,-0.00500735623431916,-0.00452120106591896,"KIAA1217"
"chr10",99330714,99330801,88,2,0.0373389179223259,0.00754251734393152,0.0025944789202789,0.00166900320521136,"CNNM1"
"chr19",17209725,17209781,57,2,0.0373451670722464,0.00318078589880929,0.00242282202595826,0.0019730091637908,"MYO9B"
"chr17",16569324,16569552,229,10,0.0373776428436484,0.18193963208956,0.00238027133510314,0.000407600318309217,""
"chr12",53379145,53379458,314,2,0.0373776428436484,0.0216802427219025,0.00472427378496721,0.00222961471345812,""
"chr7",30852168,30852221,54,2,0.037416418157239,0.00668772234967109,-0.0058197658787547,-0.00463525675973258,"INMT-MINDY4, MINDY4"
"chr13",105505871,105505875,5,2,0.0374885005448612,0.00608770953352859,-0.000813561788711966,-0.00079282750235359,""
"chr7",74462821,74463042,222,2,0.0375133864491251,0.00360008182585931,-0.00660304889536464,-0.00496290022080631,"GTF2IRD1"
"chr8",20349845,20350158,314,4,0.037542234380184,0.00205093538757191,-0.00670535234240614,-0.0054455134778677,""
"chr10",103452479,103453056,578,11,0.0375587229424677,0.000610072084987289,-0.0058068452407952,-0.00421683140270806,"AL139339.1"
"chr1",171983717,171984057,341,2,0.0375729467100032,0.00362842101241398,-0.0069788752430336,-0.00455797846380482,"DNM3"
"chr7",95608825,95609029,205,2,0.0376138348878537,0.00436876275431232,-0.00833671418745979,-0.0069977992840739,"AC002451.1"
"chr7",100707046,100707440,395,3,0.037632208704169,0.00427213068603268,0.00864482030754364,0.00633983129901265,"POP7"
"chr17",50684978,50685002,25,2,0.0376668787955722,0.00410312241180973,-0.00709759977484948,-0.00568545221693099,"ABCC3"
"chr8",101288122,101288214,93,2,0.0376884425776654,0.00355121972854869,-0.00682164244422122,-0.00634630121759152,"AP001330.1"
"chr19",5951519,5951570,52,2,0.0378122655045832,0.00422620228362096,-0.00573050397875134,-0.00554263335716503,"RANBP3"
"chr15",100850054,100850145,92,3,0.0379302695626276,0.00586938960173889,0.00725485792881341,0.00473276246607296,"AC015712.1, AC015712.6"
"chr10",126199504,126199612,109,2,0.0379757574342482,0.00360194979060613,-0.00719606569947579,-0.00697386777618914,"ADAM12"
"chr10",103493244,103493395,152,3,0.0379861816613151,0.00206667877850457,0.00414998128773105,0.00357310851051933,"NEURL1-AS1"
"chr20",58692505,58692624,120,2,0.0380418381811173,0.00289643972089266,0.00701926082301031,0.00534645710858675,"STX16-NPEPL1, NPEPL1"
"chr10",17169747,17170032,286,2,0.0380475289663222,0.00510248062499106,-0.00641890609518094,-0.00576805345837509,"TRDMT1"
"chr2",79500847,79500924,78,2,0.0380706564197114,0.00359620595420864,-0.00693467498209288,-0.00675183103978965,"CTNNA2, CTNNA2-AS1"
"chr7",30322539,30322563,25,2,0.0380745960837969,0.00934162518320423,-0.00543750995062346,-0.0051713086369265,"ZNRF2"
"chr9",107740745,107740782,38,2,0.0381261898665929,0.00306513377827846,-0.00698184965892003,-0.00685032113507488,""
"chr5",143576623,143576840,218,2,0.0381279427227365,0.00458257591000618,-0.0048912589574717,-0.00305040791971912,"AC016598.2"
"chr12",122403325,122403402,78,2,0.0381973485844829,0.00365467415033549,-0.00799471731839465,-0.00757651413216819,"CLIP1"
"chr16",50696826,50696902,77,2,0.0382016594852504,0.00143676801389979,-0.00994738704064556,-0.00782878132733356,"NOD2"
"chr17",49574188,49574628,441,4,0.0382258799191006,0.00843480895579211,0.00583281469025279,0.00472835998869448,"AC006487.2"
"chr11",846055,846310,256,3,0.0382855843521556,0.00962339270479244,-0.00578607896855296,-0.00478446571264996,"TSPAN4"
"chr13",101623644,101624284,641,2,0.0383393372248848,0.00296759675721873,-0.00507866354120858,-0.00392865259625397,"ITGBL1"
"chr6",37493477,37493574,98,3,0.0383502758442222,0.00174727105682378,0.00611721072636809,0.00588095436724425,"CCDC167"
"chr9",130834010,130834168,159,2,0.0383621480564818,0.00564512624613512,-0.00543332838488199,-0.00518596764857864,"ABL1"
"chr16",15395749,15395762,14,3,0.0384250745114018,0.00310293141994048,0.00507933452138187,0.00500677399532856,"MPV17L, AC140504.1"
"chr1",196609404,196609733,330,5,0.0384775549247274,0.00295111637227844,0.00356315863800957,0.00240914849490787,""
"chr2",1546838,1546982,145,2,0.0384920803581468,0.0350502852540419,-0.00808185081391974,-0.00374326840305973,"AC105450.1, AC141930.1"
"chr19",38263889,38264128,240,4,0.0385661371735742,0.0258837904259846,0.00659258284767412,0.00429321190317011,"SPINT2"
"chr13",99987261,99987415,155,2,0.0386237714345135,0.00590953154756054,-0.00685239821656139,-0.00588691160970349,""
"chr6",131250295,131250529,235,4,0.0386268636084446,0.00241773627452116,-0.00594541979769879,-0.00476107980627776,"AKAP7"
"chr6",26501878,26501964,87,2,0.0386547851598446,0.0990619234489019,0.00730615403288243,0.00388355761065971,"BTN1A1"
"chr1",4603883,4603996,114,2,0.0386689619525342,0.0039985024885792,-0.00528505909368268,-0.00366005675239731,""
"chr17",75753573,75753613,41,2,0.0387855125811722,0.0052337088164794,0.00664555550012776,0.00619280446057558,"ITGB4, GALK1"
"chr5",179793794,179794089,296,8,0.0388050971085701,0.00227174897809306,-0.00600713814708147,-0.0035148558090792,"LTC4S"
"chr12",109447679,109447757,79,2,0.0388112462705226,0.0251583655738491,-0.00441477737885395,-0.00271043305656589,"MYO1H"
"chr11",504784,504933,150,3,0.0388855551033386,0.00505941683531704,-0.00757285098634611,-0.00517233272705715,"RNH1"
"chr10",121609167,121609239,73,3,0.038908346041058,0.00366903288425868,-0.00542903492611178,-0.00388593230738313,""
"chr8",80051488,80051800,313,3,0.0389472750339082,0.0192054582054731,-0.00789651983539359,-0.00425148644746945,"AC036214.3, TPD52"
"chr16",57866309,57866330,22,2,0.0389472750339082,0.00436270106061651,-0.00643914464806921,-0.00488071240624565,""
"chr6",32058573,32059020,448,6,0.0389498081292169,0.00298382167804626,-0.00677988914837029,-0.0044714491480125,"TNXB"
"chr2",172087236,172087408,173,3,0.0389575347333012,0.00418435326422631,0.00565260110427038,0.00468579821910484,"DLX1"
"chr5",68290681,68291100,420,2,0.0389575347333012,0.0207149415677529,0.00692061311584376,0.00503339543366615,"PIK3R1"
"chr19",8413159,8413285,127,5,0.0390856848679148,0.00430465697655886,-0.00192243170213189,-0.000662549858067442,"MARCHF2"
"chr10",109965650,109965840,191,2,0.0391028838922869,0.00375921302178972,-0.00708235364270067,-0.00674198490166433,"ADD3-AS1"
"chr22",41682213,41682703,491,6,0.0391664608920184,0.00125892691191854,0.00418927011808943,0.00361301739594984,"SNU13"
"chr19",3573545,3573842,298,4,0.0392159734120705,0.16647370322928,0.00448761312310226,0.00137467202839902,"HMG20B, MFSD12"
"chr15",42510978,42511048,71,2,0.0392159734120705,0.00543737624665235,-0.0037042326075276,-0.00305199318122873,"SNAP23, AC018362.1, AC018362.3"
"chr7",29193852,29194089,238,3,0.0392601350784705,0.00511902192051245,0.00676840786465369,0.00511909330947155,"AC004593.2, CHN2, CPVL, AC004593.1"
"chr8",74350037,74350129,93,2,0.0392735252547002,0.052976326321008,0.00285085541248657,0.00120592975998299,"GDAP1, AC103952.1"
"chr14",61103738,61104604,867,2,0.0392759887158156,0.00254403526836252,-0.00851664730165622,-0.00542550190332102,""
"chr2",97936009,97936324,316,2,0.0392766710060752,0.00373641448120693,-0.00696229127410339,-0.0055918697319565,"TMEM131"
"chr6",85459099,85459486,388,2,0.0392876620697177,0.00491390809126009,-0.00723610073468966,-0.00680872350342783,"NT5E"
"chr10",13108185,13108189,5,2,0.0392963047139559,0.00416803208780027,-0.0062735727016579,-0.00407318843281868,"OPTN"
"chr15",71117358,71117412,55,2,0.0393551857431613,0.0204402994636081,-0.00579309378213999,-0.00355283763983181,"THSD4"
"chr12",53930707,53930799,93,3,0.0393664837711349,0.00225245401644343,0.00663816673566738,0.00525897382015302,""
"chr12",116611259,116611424,166,2,0.0393772148754465,0.00405949117239036,-0.00801870604782909,-0.00614192635879957,""
"chr11",8917982,8917992,11,2,0.03939176292753,0.00363199046799594,-0.00644942622904154,-0.0061272059031823,"AKIP1"
"chr1",117093529,117093994,466,3,0.0394450857740014,0.0083592324433501,-0.0044746011988405,-0.0039380090066452,"TTF2"
"chr8",78083848,78084044,197,2,0.0394671207107127,0.00421023847550092,-0.00694673336015959,-0.00614662178264113,""
"chr11",6655135,6655366,232,3,0.0395486218535404,0.00352893530669003,0.00277877530261723,-0.000283697897754594,"AC091564.5, DCHS1"
"chr1",2413894,2414036,143,8,0.0395882888112506,0.00400197292747737,-0.00751792722556766,-0.00327602582688436,""
"chr8",109652746,109652754,9,2,0.0396404808211757,0.00362842101241398,-0.00706356861083532,-0.00688937719722379,"SYBU"
"chr12",69108129,69108582,454,2,0.0396404808211757,0.00355212493318531,-0.00610831728090906,-0.005411995069434,""
"chr5",137867669,137867951,283,3,0.0396780701557271,0.0123789966249396,-0.00632795384095498,-0.00306486699896843,"MYOT, AC106791.1"
"chr17",82528748,82528895,148,2,0.0396946445578104,0.00572232408874834,0.00405539252538143,0.00368987602227287,"FOXK2"
"chr2",134376073,134376259,187,3,0.0397449093458559,0.00254403526836252,-0.00706064442930024,-0.00647064604203823,"MGAT5"
"chr7",99399033,99399263,231,2,0.0397548473965712,0.00434510348950128,-0.00571369229041122,-0.00386258056669765,"PDAP1"
"chr10",110609799,110609919,121,2,0.0398338572325937,0.00483974826767363,0.00757683125203432,0.00666567610783057,""
"chr14",100155713,100155761,49,3,0.0398783965236829,0.0021724302181411,-0.0067050824179405,-0.00519199378237526,"DEGS2"
"chr10",122341261,122341286,26,2,0.0398945142615492,0.00408975552856152,-0.0047529052596414,-0.00471063849786121,""
"chr2",285936,286265,330,3,0.0399053029104561,0.104140077422821,-0.00427809141790512,-0.00173862992911916,"ALKAL2"
"chr2",217338468,217338507,40,2,0.0399123693170219,0.00443336369717534,-0.00637517467849822,-0.00565550421921472,"DIRC3"
"chr11",14670050,14670095,46,2,0.0400378873141074,0.00456306059615819,-0.0054458924426288,-0.00335192825444212,"PDE3B"
"chr19",1161635,1161801,167,2,0.040172157404859,0.00421802490153693,-0.00521946092895103,-0.00391355244500799,"SBNO2"
"chr15",88258108,88258243,136,3,0.040210025824524,0.00366333853718475,0.00673054830004959,0.00489873457270401,"NTRK3-AS1"
"chr2",240625410,240625526,117,2,0.0402182623026022,0.00685353742403997,-0.00653193168196066,-0.00430853104848622,"GPR35"
"chr8",101126205,101126266,62,3,0.0402444674887508,0.0013128965599704,0.00580715078177184,0.00511648023754364,""
"chr5",67646803,67646855,53,2,0.04027436721142,0.00544945280461645,-0.00529995232068428,-0.00451971098998628,"AC112206.2"
"chr2",232636962,232637043,82,3,0.0403057896061474,0.00300034128117469,0.00397637433284081,0.00338474080922429,"EFHD1"
"chr4",59833635,59833708,74,2,0.0403079065561887,0.00341911206364778,-0.00546036986829011,-0.00433408964722591,""
"chr18",6787552,6787565,14,2,0.0403079065561887,0.00368681725891378,-0.00312817080319258,-0.00299639100524828,"ARHGAP28, AP005210.2"
"chr7",73978818,73978845,28,2,0.040315628115851,0.00173547910845723,-0.00611155405119615,-0.00607715757811292,""
"chr18",10403968,10404190,223,3,0.0403386662858777,0.00273781032384869,0.00793098253849597,0.00702980690235282,""
"chr2",7575893,7576045,153,2,0.0403386662858777,0.00909838644887861,-0.00686070070085643,-0.00411365304187274,""
"chr2",52863068,52863112,45,2,0.0403637886913669,0.00315635821048942,-0.00526174307879305,-0.00358729085939363,"AC010967.1"
"chr11",118910806,118911104,299,7,0.0403967880728428,0.00310653459709374,-0.00656323404231241,-0.00333329262938659,"BCL9L"
"chr13",50527476,50527504,29,2,0.0404233261051462,0.00333635236945641,-0.00802781827504323,-0.00743758487405152,"DLEU1, DLEU7"
"chr19",2700765,2700929,165,5,0.0404625580936459,0.00150500015798593,0.00680039610728962,0.00492284429418494,"GNG7, AC006538.3"
"chr1",232378469,232379025,557,2,0.0404625580936459,0.00321708360036968,-0.00654266442243105,-0.00650488095813043,""
"chr2",174337669,174337827,159,2,0.040521784790981,0.00880379076868358,0.00476441382031872,0.00273552683482141,"SP9"
"chr17",81713276,81713390,115,3,0.0406049334696948,0.00321708360036968,0.00495110987575406,0.00460575118437045,"AC139530.2, SLC25A10"
"chr11",61008652,61008700,49,2,0.0406270228234397,0.0240888115131499,0.0075065275090843,0.00528015084277999,"CD6"
"chr4",151761739,151761747,9,2,0.0406301331637608,0.747529812937116,0.000379965053657642,0.00015682775080475,""
"chr16",84866697,84866806,110,3,0.0406992824918117,0.00405316357913273,-0.00563841307280755,-0.00184006263129524,"CRISPLD2"
"chr15",47820867,47820884,18,2,0.0407203928864216,0.0154481584607115,-0.00712108735565745,-0.00422257239105841,"AC092078.2, LINC01491"
"chr2",54673773,54673918,146,4,0.0407214900992255,0.00231897887339091,-0.00648995781944883,-0.00516855084033551,"AC093110.1"
"chr11",6618175,6618776,602,7,0.0407244770281923,0.0234690748342316,-0.00158068384066922,-0.000568626214900015,"TPP1"
"chr10",8036351,8036394,44,3,0.0407580526354962,0.00169603193552595,0.00442060277123559,0.00335344591068585,""
"chr15",81419546,81419718,173,3,0.0407905480168305,0.00265173401081828,-0.00554291047085853,-0.00535423978326863,"TMC3-AS1"
"chr14",105414643,105414697,55,2,0.0407905480168305,0.0028358659719552,0.0062104009285633,0.00527973168170344,"TEX22"
"chr5",891336,891771,436,3,0.0408909226088164,0.00826909968737582,0.00500880254444146,0.00473448578932503,"BRD9"
"chr8",26830445,26830571,127,2,0.0409868480314956,0.00525555530810189,-0.00749805179085569,-0.00623601523367888,"ADRA1A"
"chr3",120091750,120091996,247,2,0.0410312755736536,0.0039623745055986,0.00418798471915295,0.00392807916255592,"GSK3B"
"chr11",62404712,62405040,329,4,0.0410360215117459,0.00679275312516482,0.00368875763780717,0.00184081228091212,""
"chr3",141962725,141962735,11,2,0.0410363112057845,0.00426005004901215,-0.00535072538636469,-0.00438307232683426,"TFDP2"
"chr13",113751923,113751949,27,3,0.0410405740051136,0.0107110596601242,-0.00442020433316402,-0.00267237101069789,""
"chr9",35672509,35672757,249,2,0.0410482139810346,0.00407905519770311,0.0024147964483211,0.00219896856741515,"ARHGEF39"
"chr10",4246970,4247138,169,2,0.0410598335036682,0.00616494765782084,-0.00721620363625088,-0.00582532467733523,""
"chr16",67155901,67156045,145,2,0.0410748670037939,0.00407488176230735,0.00563691546726636,0.00558564639066446,"TRADD"
"chr8",109639767,109639771,5,2,0.0411002591235178,0.00465032792666913,-0.00753145548048131,-0.00642361922343983,"SYBU"
"chr3",124217703,124217827,125,2,0.0411377033399245,0.00518595966691681,-0.00799730924581142,-0.00663926111841212,"KALRN"
"chr6",793452,793612,161,3,0.0412072436982501,0.00627712465085422,-0.00616757203462739,-0.00414790018427008,"AL357054.2"
"chr10",5961561,5961818,258,4,0.0412854167926555,0.00252871943806123,0.00432908757113562,0.00281980837487534,"IL15RA"
"chr15",88604686,88604734,49,2,0.0413035717132274,0.00533162369578093,0.00294031599148312,0.00278249520972147,"LINC01586"
"chr5",149063139,149063436,298,5,0.0413310674141195,0.00349540836542044,-0.00550029504526739,-0.004254387543825,"SH3TC2-DT, SH3TC2"
"chr11",18116847,18117029,183,2,0.0414305590038187,0.00666817658723952,-0.00240156677201399,-0.00216151427829316,""
"chr19",1472937,1473043,107,2,0.0414596757901986,0.0053970450650671,0.0101984083677165,0.00693040132707812,"APC2, C19orf25"
"chr16",11852621,11852679,59,2,0.0414827535018299,0.00872199533956701,0.00297292482783518,0.00237917645553991,"AC007216.4"
"chr1",113979984,113980048,65,2,0.0415087745336704,0.0305066369292157,-0.00687349198632193,-0.00424606829488619,"OLFML3"
"chr1",182952525,182952722,198,4,0.0415328162226287,0.00355760321879363,0.00305117847064448,0.0019408330738801,"SHCBP1L"
"chr2",47108939,47109195,257,2,0.0415882943609407,0.00421023847550092,-0.003832175359414,-0.0033443761533351,"STPG4, AC073283.3"
"chr22",50012625,50012816,192,4,0.0416017675848989,0.00392349467912937,-0.00630163713227264,-0.00433266516569098,"IL17REL"
"chr1",2556416,2556842,427,3,0.0416094433577322,0.00390875206833691,-0.00434513243444239,-0.00345406846018577,"TNFRSF14, TNFRSF14-AS1"
"chr18",4125728,4125732,5,2,0.0416259519179208,0.00287575883085315,-0.0054600520183137,-0.00425304880476314,"DLGAP1"
"chr2",191678375,191678844,470,5,0.0416541716416994,0.590201649197576,-0.000830200353643321,-0.000157121529117482,"NABP1"
"chr16",383439,383504,66,2,0.0416636967479138,0.00867609679705093,0.00612813606887381,0.00520373556202814,"Z97634.1, PGAP6"
"chr11",45803749,45803805,57,2,0.0417156935926883,0.00699320050338311,0.00377361442557178,0.00323747971853354,""
"chr11",27039986,27040209,224,2,0.0418257584915254,0.00534693868390651,-0.00397563748002647,-0.00330945534428245,""
"chr6",7540601,7540738,138,2,0.0418933693181648,0.00513231708094767,0.00598638736228224,0.00543067513719245,"AL031058.1"
"chr15",75622851,75623740,890,2,0.0419219355638668,0.00192638521545836,-0.00628390526146287,-0.00563209159803234,"SNUPN"
"chr4",86358318,86358378,61,2,0.0419346500811876,0.00856707244927128,0.0053870004310895,0.00434769926870758,"MAPK10"
"chr1",246834753,246834834,82,2,0.0419460611876195,0.0174283218451885,-0.00602237055270515,-0.00362737534215735,"KIF28P"
"chr3",184005573,184006100,528,3,0.0419723847365884,0.00373934124030597,-0.00454800012779672,-0.00187196369963735,"ABCC5"
"chr15",42508481,42508635,155,2,0.0420238597036185,0.00422656731399617,-0.00778122406950338,-0.00594222936977354,"SNAP23, AC018362.1, AC018362.3"
"chr11",66851068,66851138,71,3,0.0422265567222908,0.00248187694687943,0.000920710880047258,0.000876438944071794,"PC"
"chr1",211476719,211477052,334,3,0.0422370188140647,0.0123661731895958,-0.00665729322299042,-0.00329650458510783,"RD3"
"chr6",35297602,35297982,381,8,0.0422681344902268,0.00273690555135988,-0.00809706234370057,-0.00376350023020903,"DEF6"
"chr12",7068674,7068745,72,3,0.042286840632615,0.00300544585152499,-0.00794352041434619,-0.00600041143963562,"C1S"
"chr1",100719692,100719755,64,4,0.0423009601578567,0.00347422639435125,-0.00595130667665324,-0.00449467971356823,"VCAM1"
"chr19",45779638,45779822,185,5,0.0423452914371294,0.0039064430773117,0.00867488936199346,0.00602435562284847,"DMPK, AC011530.1"
"chr1",9279321,9279624,304,3,0.042360836981817,0.089787033284173,-0.004706154924515,-0.00295651395441085,""
"chr9",121819719,121819877,159,2,0.0423634177220408,0.00496810448890994,-0.00523608780064058,-0.00466453502419904,""
"chr10",77377147,77377314,168,2,0.0423718768788547,0.00433416471009249,-0.00368869457398136,-0.00317639173031553,"KCNMA1"
"chr15",63019917,63019971,55,2,0.042375041799262,0.00534548098982898,-0.00665202523465214,-0.00519792902870181,""
"chr12",67067778,67067910,133,2,0.0423796918258766,0.00421023847550092,0.00487595443643444,0.00425624279692353,"GRIP1, AC073530.1"
"chr4",153760380,153760467,88,2,0.0423963668015086,0.00843325813451627,0.00568550825438228,0.00406160200289742,""
"chr8",37783821,37783953,133,2,0.0423963668015086,0.00351078246500211,-0.00622215571675417,-0.00526327007201879,""
"chr15",51874738,51874863,126,2,0.042399374819944,0.00566281845203802,-0.00608263015777567,-0.00590708083294229,"TMOD3"
"chr21",46092605,46092842,238,2,0.0424089461602869,0.00432550831266664,-0.00688328241965173,-0.006304427888909,""
"chr22",39317003,39317081,79,5,0.0424956045182371,0.0228218412116623,0.00392292322449535,0.002654178819767,"RPL3"
"chr6",159820487,159820524,38,3,0.0426289930305979,0.00596978220522656,0.00543234719896653,0.00368416037922401,"PNLDC1"
"chr7",129282950,129283138,189,3,0.0426296184408499,0.00403230286974317,-0.00732124096607541,-0.0042353871266457,"AHCYL2"
"chr2",219569806,219570281,476,2,0.0426296184408499,0.00716672848807118,0.0078177395546468,0.00546327171575039,"INHA, OBSL1"
"chr3",28376496,28376498,3,2,0.0426296184408499,0.00495523628460406,-0.0040302230489276,-0.00376850852173311,"ZCWPW2, AC098650.1"
"chr12",53938717,53939208,492,5,0.0426453164818281,0.0588771126443404,0.00338087283798836,0.00116595220989935,"HOXC13, HOXC13-AS"
"chr10",125124239,125124418,180,2,0.0426946990236905,0.00436270106061651,-0.00603934256494989,-0.00589014281745293,"CTBP2"
"chr2",177619109,177619330,222,8,0.0427224024942713,0.00206667877850457,-0.0015639061131671,-0.00067425612034704,""
"chr3",134794466,134794675,210,3,0.0427507386756195,0.0074712860838334,0.00413223434612895,0.00183999784470266,"EPHB1, AC016931.1"
"chr6",107657937,107658026,90,2,0.0427839372280692,0.00440445588734863,-0.00721942431818982,-0.00651800184714672,"SOBP"
"chr18",46175034,46175137,104,2,0.0428670493382347,0.0483552073559416,0.0017689143320839,0.000893791504788606,"C18orf25"
"chr10",46541300,46541431,132,3,0.0428839351882332,0.063367220814359,0.00885371074114585,0.00559303270053785,""
"chr4",90137790,90137802,13,2,0.0429270817462233,0.00368681725891378,-0.00431348030654864,-0.0036358062361032,"CCSER1"
"chr9",35906104,35906151,48,2,0.0430612144227703,0.0246965064267251,-0.00273230943650447,-0.00255317523987909,""
"chr7",23469653,23469686,34,2,0.0430639181874608,0.0158900409097397,0.00340180313058483,0.00190455706008365,"IGF2BP3"
"chr16",27243244,27243464,221,3,0.043065512885954,0.00571960477214288,-0.00615391559166248,-0.00576319502916002,"NSMCE1"
"chr10",21350600,21350718,119,2,0.0431008940341544,0.00445636403620106,-0.00728119637662456,-0.00664553768969822,"LINC02643"
"chr12",5433989,5434103,115,2,0.0432031560889629,0.00469808296519661,0.00529825001438545,0.00454918281890159,"NTF3"
"chr5",96875999,96876106,108,2,0.0432502046129614,0.00598590500192893,-0.00485552706958107,-0.00453031683791461,"ERAP2, AC009126.1"
"chr12",14854060,14854171,112,2,0.0432663888235933,0.00453517360174939,-0.0078635422608582,-0.0057245418316647,"C12orf60"
"chr3",72521077,72521167,91,2,0.0432774223395316,0.00380856666034008,-0.0062811178662389,-0.00571343746690105,"AC104435.2"
"chr7",22256237,22256902,666,2,0.0433722018468931,0.00293256508477963,-0.00513401423918459,-0.0045469640373287,"RAPGEF5"
"chr20",23351745,23351832,88,4,0.043449353694956,0.00237337971737164,0.00446345038582474,0.00343836756429265,"NXT1"
"chr8",126383726,126383941,216,2,0.0434838042561223,0.032340094114617,-0.00389724162631909,-0.00179710287097462,""
"chr12",127134004,127134163,160,2,0.0435040408645301,0.00384359253502337,0.00391334909969261,0.00256532139337204,"AC079949.3"
"chr11",78840524,78840753,230,2,0.0435079463867818,0.00398041732838347,-0.00543787009975963,-0.0050270194467387,"TENM4"
"chr19",3885670,3885713,44,2,0.043519996993237,0.00559517816331335,0.00439346051372565,0.00302630411768962,"ATCAY"
"chr7",50681650,50681863,214,2,0.0436369038261436,0.00424850982963824,-0.00635313819186846,-0.00496250259822667,"GRB10"
"chr8",8892409,8892428,20,2,0.0436398914585275,0.0350244281444794,0.00532371635863056,0.00326451981230998,"MFHAS1"
"chr3",158732283,158732462,180,4,0.0436539674412054,0.00609299300295513,-0.0007524421036383,-0.000495697906002715,"MFSD1, AC080013.1, RARRES1"
"chr11",1916227,1916244,18,2,0.0437586849773616,0.00405532734463209,0.00383385849702549,0.00380217042642425,""
"chr14",68797322,68797616,295,2,0.0437823723776941,0.00595275888021233,-0.00292254214977501,-0.0026359095528216,""
"chr8",133375765,133375920,156,3,0.04383392535334,0.00249813873062075,-0.00734165912572237,-0.00553549968807444,""
"chr17",55283353,55283697,345,2,0.0439127590786105,0.0048142511064618,-0.00560340189193992,-0.00422743565432076,"HLF"
"chr22",42961096,42961122,27,2,0.0439190172762868,0.00472940666041227,-0.00417802498320384,-0.00333891262896748,"PACSIN2"
"chr8",140719584,140719690,107,3,0.043989439401664,0.0255532843256589,-0.0031594261083687,-0.00202065665425424,"PTK2"
"chr6",31936802,31936932,131,3,0.0440134486644191,0.00364256629744075,0.002229024578804,0.0015684861383619,"C2, AL645922.1, C2-AS1"
"chr10",75782544,75782725,182,5,0.0440725011083764,0.00184238645082081,-0.00584220990292335,-0.00452048141878149,"LRMDA"
"chr2",147714792,147714866,75,2,0.0440815441203224,0.00594327544404457,-0.00326779453628643,-0.003237039058562,""
"chr12",95074768,95074840,73,2,0.0441312957985485,0.0482599078170588,-0.00733068754510338,-0.00411220742366892,""
"chr4",123351913,123351933,21,2,0.0441956425630665,0.00393700735231019,0.00649102824480474,0.00597619099213187,""
"chr8",13478606,13478841,236,2,0.0442176953918087,0.00408021165234688,-0.00613775329902519,-0.0047285912353416,"DLC1"
"chr2",27106011,27106094,84,2,0.0442273704214495,0.0297497518871693,-0.00803134482104215,-0.0032529753019624,"CGREF1"
"chr11",622175,622229,55,2,0.0443646634681058,0.00379987699344953,0.00164248955544252,0.00149283648368853,"CDHR5"
"chr11",95299256,95299276,21,2,0.0443737353465169,0.004729790436598,-0.00653813392683874,-0.00570515456593613,""
"chr2",118858992,118859193,202,3,0.0443822295595972,0.00334606041017485,0.00740610164712842,0.00714486650427135,""
"chr9",19408336,19408387,52,2,0.0444132166583281,0.00570415560300037,0.0076219422473107,0.0059113888849216,"AL391834.3"
"chr8",100106615,100106671,57,2,0.0444551916049737,0.00218998146212998,0.00530789180214248,0.00486776664821464,"RGS22"
"chr4",21697409,21697418,10,2,0.0445267320904295,0.00962115916100958,-0.00520743140224294,-0.00375973077945734,"KCNIP4"
"chr12",125081643,125081704,62,2,0.0445524988829448,0.00465940717716731,-0.00723071346304671,-0.00604317467703985,"AACS"
"chr12",101014299,101014304,6,2,0.0445855327835012,0.00411269488727703,-0.00232618484726703,-0.00181419196100625,"ANO4"
"chr8",18386946,18386992,47,2,0.0446540448047415,0.0034784188309326,0.0024923334914626,0.00209718022928014,"AC025062.3"
"chr19",853334,853540,207,2,0.0446611457442987,0.0117981643181952,0.00424070114633615,0.00326250704980419,"ELANE"
"chr22",32810457,32810665,209,2,0.0446810112864097,0.00503702000381776,-0.00571566116518944,-0.00510834621934977,"TIMP3, SYN3"
"chr11",65487027,65487065,39,2,0.0446880635575492,0.00269906378297937,0.00504226480402843,0.00485912902646215,""
"chr17",43458042,43458101,60,2,0.0447992149573208,0.00520774718463232,-0.00592311645455707,-0.00502663079200625,""
"chr10",80500253,80500642,390,2,0.0448027233785908,0.0150834457620552,-0.00709978307427719,-0.00474811607665938,"TSPAN14"
"chr14",89399905,89399973,69,2,0.0448469623959739,0.00695119470293094,0.00585305365399219,0.0045528246857539,"FOXN3"
"chr19",3539099,3539160,62,3,0.0448529774566866,0.0061130165154496,0.0047219367283076,0.00366330942872873,"C19orf71, MFSD12"
"chr14",95371464,95371528,65,2,0.0448812955106893,0.00458332642832805,-0.00449263411118594,-0.00395787260222385,""
"chr8",54470622,54470767,146,2,0.0450940291378694,0.00692833716533695,0.00522993698063247,0.00399123980504302,""
"chr13",23723615,23724053,439,2,0.0452590933628293,0.00543737624665235,-0.00398353522219323,-0.00331291173144832,""
"chr16",25140694,25140702,9,2,0.0452655892051917,0.00417933316286626,-0.000659501071702572,-0.00058915413981665,"LCMT1, LCMT1-AS2"
"chr19",1070836,1071177,342,6,0.0453227338364227,0.00422265281286111,0.00725518126712077,0.00433771870992735,"ARHGAP45"
"chr12",54324763,54325132,370,11,0.0453727813993681,0.00389338821411997,-0.00131742488996034,-0.00058122874026842,"AC078778.1, COPZ1"
"chr6",46692449,46692457,9,2,0.0454740518461608,0.00406124940419659,-0.00374222547078758,-0.00339957784305706,"TDRD6"
"chr5",1552144,1552573,430,2,0.0455527772745549,0.00741032051093974,0.00522625028577052,0.00492335597499337,""
"chr14",22984095,22984111,17,2,0.0455583246784503,0.0175962785606177,-0.00519381173358717,-0.00291346768216623,"AL132780.2"
"chr15",67137998,67138078,81,2,0.0455586987394278,0.0160321460442883,-0.00669637809997412,-0.00498959689682589,"SMAD3"
"chr14",23468896,23468938,43,2,0.0456044665460002,0.0559358446647235,0.00370066433006287,0.0022184592862325,""
"chr20",57157838,57157844,7,2,0.0456056243005582,0.00371974899833622,-0.00524767090324849,-0.00489652395288957,""
"chr17",64329717,64329926,210,7,0.0456735784651179,0.00218527097910728,0.00331039460495849,0.00186415642160745,"PECAM1"
"chr18",46105358,46105394,37,2,0.0456864576527543,0.252758126927742,0.00489245018219375,0.00253638334394605,"HAUS1"
"chr11",1073417,1073525,109,3,0.0458319275496621,0.00441446140456596,-0.0056396953444878,-0.00403566610929237,""
"chr7",156065027,156065087,61,2,0.0459626206219566,0.00423703027305999,-0.00454637101442202,-0.00382931222720429,""
"chr3",43180271,43180323,53,2,0.0460579356602683,0.00430778424349788,-0.00747562063011699,-0.00579229296281349,""
"chr19",1624495,1624594,100,2,0.0461036220861195,0.0084907127954251,0.00549225472106821,0.00302863886062463,"TCF3"
"chr2",24919360,24919522,163,3,0.0462947076174745,0.00283014898535283,0.00557488772727393,0.00467476474400791,"ADCY3"
"chr19",18521974,18522443,470,7,0.0463071332296854,0.00273753618664077,-0.00172765172260393,-0.000728968854738781,"ELL"
"chr4",7007545,7007629,85,2,0.0463582144778331,0.0153865616102814,-0.00194692825708704,-0.000505347250591118,"TBC1D14"
"chr10",106573124,106573221,98,2,0.0463998059947916,0.00411520262920929,-0.00583235458803118,-0.00450853078263004,""
"chr14",82720979,82721350,372,2,0.046519008505061,0.00393881394439253,-0.00573289015516191,-0.00470674786501944,"LINC02301"
"chr4",1404069,1404163,95,2,0.0465294187188755,0.00551126587710444,0.00581385216550863,0.00403501922669306,"NKX1-1"
"chr12",52948097,52948462,366,2,0.0465577433338766,0.00799271198278776,0.00337413774333258,0.00257550624272937,"KRT8"
"chr7",124033636,124033872,237,4,0.0465741423118014,0.00547986054894644,0.00592069956249499,0.00480089483396893,"AC006148.1"
"chr18",3297178,3297367,190,3,0.0465741423118014,0.00287575883085315,-0.00708009406070568,-0.00643717402616415,"AP001025.1"
"chr12",24956364,24956384,21,2,0.0467491138913299,0.0322067280354614,-0.0029278685749289,-0.00132287038708217,"AC026310.1"
"chr5",10474522,10474680,159,2,0.0468050545136717,0.00406124940419659,-0.00774722718744118,-0.00770551462048338,""
"chr14",50829868,50829894,27,2,0.0468810506964288,0.00461915003528339,0.00575693441978731,0.00561578783522439,"NIN"
"chr6",125363280,125363434,155,6,0.0468838427234406,0.00198644866129212,-0.00183754046590704,-0.00120876185241787,""
"chr10",124728443,124728535,93,3,0.0468857751775619,0.003036408088184,-0.00733895032024862,-0.00564726659381167,"AC068896.1, FAM53B"
"chr10",110834912,110834965,54,2,0.046897568423442,0.00861728164922778,-0.00483120714479962,-0.00433010906541115,"RBM20"
"chr15",35697241,35697806,566,2,0.0469005118096086,0.00360194979060613,-0.00707471114479874,-0.00573407871747445,"DPH6-DT"
"chr3",127915606,127915616,11,3,0.0470252035189067,0.0162659005114795,0.00797320543371038,0.00663061169288428,"KBTBD12, MGLL"
"chr3",35639299,35639407,109,3,0.0470568572177864,0.012131025143847,0.00522880929060739,0.00308808834400784,"ARPP21"
"chr17",80443989,80444173,185,4,0.0471303408512563,0.0210841199117472,0.00453543504253077,0.0029294101246614,""
"chr21",44874441,44874700,260,2,0.0471442628240848,0.6658980351581,0.00362074243409255,0.00196612548429399,""
"chr19",2186348,2186544,197,4,0.0471533948620103,0.00241584722823982,-0.00799484101592608,-0.00689998586405898,"DOT1L"
"chr11",69377106,69377166,61,2,0.0471895091080271,0.00452855004441933,-0.00336665865225123,-0.00332990416219241,""
"chr2",180007423,180007437,15,2,0.047232645056078,0.0106157294951149,-0.00121420909552178,-0.0011855110603137,""
"chr18",47261121,47261357,237,3,0.0472459830103164,0.00461915003528339,0.0059435433284233,0.0045581906686704,""
"chr10",99328915,99329083,169,4,0.047303887892282,0.0308556005196248,0.00545530495699864,0.00230434526007631,""
"chr18",48825353,48825476,124,2,0.0473201679719805,0.00437661019193525,-0.00669886536512641,-0.00598235157703325,"CTIF"
"chr1",1909875,1909895,21,2,0.0473793148271375,0.00513974406493681,0.00875072832319442,0.007465507056839,""
"chr7",1125734,1125769,36,2,0.0473950878373369,0.0108168333856671,0.00103056794561843,0.000977450639711973,"C7orf50"
"chr14",65153087,65153126,40,2,0.0474565143395698,0.00401743263666551,-0.00654240252451473,-0.00638653355471949,""
"chr12",131734783,131734984,202,3,0.0474917513561548,0.00566330578447666,0.00297234605617193,0.00252939971662532,"SFSWAP"
"chr15",95471601,95471686,86,2,0.0475132124933847,0.008988695445171,-0.00708449043591765,-0.00700017926332266,"LINC00924, AC027013.1"
"chr6",30444155,30444157,3,2,0.0475274529891849,0.00263676763774937,0.00610862977433736,0.00567276659995536,""
"chr14",100503646,100503655,10,2,0.0476494522538057,0.00210919790320584,0.00462851444773932,0.00383712630706589,"WDR25"
"chr5",14108194,14108260,67,2,0.0477785793674886,0.00653256178390676,-0.00593758470731275,-0.0043662216517575,""
"chr1",10960850,10960886,37,2,0.0477947329876617,0.00219006710665353,0.00627918935515518,0.00461758216921709,"C1orf127"
"chr8",11445530,11445558,29,2,0.0478449217506621,0.027174553057341,-0.0047024341723593,-0.00245678795103476,"FAM167A"
"chr14",101005150,101005174,25,2,0.0478590026630285,0.003630712021404,-0.00754536809265656,-0.00681160772641346,"MEG8"
"chr6",35342664,35342765,102,2,0.0480394039761834,0.0709699854924048,-0.00046146491440548,-0.000274349000486836,"PPARD"
"chr5",159095507,159095595,89,2,0.0481087499172569,0.00657781826482329,0.00588203720772961,0.00562017926549059,"EBF1"
"chr3",119769968,119769989,22,2,0.0481705599864931,0.00445636403620106,-0.00631127187916824,-0.00590331638783916,"AC069444.2"
"chr4",87092929,87093011,83,2,0.0481920956268511,0.00405489332450264,-0.00727352574448952,-0.00590691199754662,"AFF1"
"chr16",12652365,12652431,67,2,0.0482711713962443,0.00429323909885871,0.00789983409324104,0.00691299551348476,""
"chr22",31222999,31223020,22,2,0.0483646341388307,0.00534723559247906,-0.00551894699665893,-0.00442965765674742,"LIMK2"
"chr9",35036353,35036668,316,2,0.0484283179485487,0.0176675646594856,-0.00509708594228514,-0.0050747002695337,""
"chr13",51638338,51638434,97,2,0.0485126095024555,0.00456299696562206,0.00558630830564807,0.00539396078593015,"WDFY2"
"chr20",38092606,38092792,187,3,0.0485360510810142,0.00290094088898682,0.00543889135961347,0.00503645652130724,"RPRD1B"
"chr19",8611503,8611515,13,2,0.0485511903090806,0.00748926281236721,0.00690504639031674,0.00579471685039184,""
"chr12",76158611,76158625,15,2,0.0486332121957169,0.00628828071974808,-0.00585095104066104,-0.00551336369593641,""
"chr9",113772680,113772733,54,2,0.0488934486528802,0.00453517360174939,-0.00754429641438732,-0.00617391825108807,""
"chr11",57464858,57464934,77,2,0.0489694068062784,0.0222330696151941,0.00508850070620839,0.00467474591612269,"RTN4RL2"
"chr4",3179168,3179203,36,2,0.0489871786280765,0.00433909202579232,-0.00353409875415991,-0.00240038594995094,"HTT"
"chr6",27260409,27260488,80,2,0.0490444419094261,0.00399257548527142,0.0061201570739454,0.00456503611410751,""
"chr12",113591841,113591854,14,2,0.0491698799263899,0.00409628653336754,0.00597659116617575,0.0052269201145215,"LINC01234"
"chr2",11863722,11863725,4,2,0.0497243372297013,0.00541476601061386,-0.00221457436620389,-0.00190686430656707,"MIR3681HG"
"chr10",13891229,13891247,19,2,0.0498206395098427,0.0235463889520074,0.00519413024184594,0.00472822795111362,"FRMD4A"
"chr9",110714561,110714587,27,2,0.0498629505317605,0.00433297482658518,-0.00591613304492345,-0.00515306004189664,"MUSK"
"chr4",2361390,2361426,37,3,0.0498994490793742,0.00373934124030597,-0.00706863710405253,-0.0051117178019258,"ZFYVE28"
