"Name","gene_name","chr","pos","Relation_to_Island","UCSC_RefGene_Group"
"cg23947039_TC11","BDNF","chr11",27700490,"Island","TSS1500;TSS200;TSS200;TSS200"
"cg05733135_BC11","BDNF","chr11",27719329,"Island",""
"cg06260077_TC11","BDNF","chr11",27699803,"Shore","TSS200"
"cg11241206_TC11","BDNF","chr11",27701581,"Shore","5UTR;exon_1;TSS1500;TSS1500;TSS1500;TSS1500;TSS1500;TSS1500;TSS1500;TSS1500"
"cg13974632_TC11","BDNF","chr11",27719266,"Island",""
"cg22043168_TC11","BDNF","chr11",27719530,"Island","5UTR;exon_1"
"cg07159484_TC11","BDNF","chr11",27700976,"Island","exon_1;5UTR;exon_1;5UTR;exon_1;TSS1500;TSS1500;TSS1500;TSS1500;TSS200"
"cg15688670_TC11","BDNF","chr11",27701643,"Shore","TSS1500;TSS1500;TSS1500;TSS1500;TSS1500;TSS1500;TSS1500;TSS1500;TSS200"
"cg01583131_BC11","BDNF","chr11",27723128,"Shore","TSS1500"
"cg09606766_TC11","BDNF","chr11",27701424,"Shore","5UTR;exon_1;TSS1500;TSS1500;TSS1500;TSS1500;TSS1500;TSS1500;TSS1500;TSS1500"
"cg14589148_BC11","BDNF","chr11",27722101,"Island","TSS200;TSS1500;TSS1500;TSS1500"
"cg15313332_TC11","BDNF","chr11",27699723,"Shore","TSS200"
"cg18117895_TC11","BDNF","chr11",27700519,"Island","TSS1500;TSS200;TSS200;TSS200"
"cg26057780_BC11","BDNF","chr11",27699730,"Shore","TSS200"
"cg06025631_TC11","BDNF","chr11",27701002,"Island","5UTR;exon_1;exon_1;5UTR;exon_1;5UTR;exon_1;TSS1500;TSS1500;TSS1500;TSS1500;TSS200"
"cg24377657_TC11","BDNF","chr11",27701698,"Shore","TSS1500;TSS1500;TSS1500;TSS1500;TSS1500;TSS1500;TSS1500;TSS1500;TSS200"
"cg09492354_BC11","BDNF","chr11",27699162,"Shore",""
"cg27193031_TC11","BDNF","chr11",27699541,"Shore","exon_1;5UTR"
"cg25412831_BC11","BDNF","chr11",27720591,"Island","5UTR;exon_1;5UTR;exon_1;TSS1500"
"cg06046431_TC11","BDNF","chr11",27722943,"Island","TSS1500"
"cg25381667_TC11","BDNF","chr11",27722104,"Island","TSS200;TSS1500;TSS1500;TSS1500"
"cg17882499_BC11","BDNF","chr11",27700501,"Island","TSS1500;TSS200;TSS200;TSS200"
"cg21291635_TC11","BDNF","chr11",27700851,"Island","5UTR;exon_1;TSS1500;TSS1500;TSS1500;TSS1500"
"cg12296752_BC11","BDNF","chr11",27659664,"OpenSea","TSS200;TSS200"
"cg22128379_BC11","BDNF","chr11",27719931,"Shore","TSS1500"
"cg27193031_TC12","BDNF","chr11",27699541,"Shore","exon_1;5UTR"
"cg01225698_BC21","BDNF","chr11",27720808,"Shore","TSS1500;TSS200;TSS200;TSS200"
"cg16257091_BC21","BDNF","chr11",27722033,"Island","TSS200;TSS1500;TSS1500;TSS1500"
"cg27351358_BC21","BDNF","chr11",27721711,"Shore","exon_1;5UTR;TSS1500;TSS1500;TSS1500"
"cg04481212_TC21","BDNF","chr11",27718948,"Shore",""
"cg24650785_TC21","BDNF","chr11",27720369,"Shore","5UTR;exon_1;TSS1500"
"cg04106006_TC21","BDNF","chr11",27720907,"Shore","TSS1500;TSS200;TSS200;TSS200"
"cg10558494_BC21","BDNF","chr11",27699733,"Shore","TSS200"
"cg10635145_TC21","BDNF","chr11",27720888,"Shore","TSS1500;TSS200;TSS200;TSS200"
"cg25962210_TC21","BDNF","chr11",27699675,"Shore","TSS200"
"cg06816235_TC21","BDNF","chr11",27720672,"Island","5UTR;exon_1;5UTR;exon_1;5UTR;exon_1;TSS1500"
"cg01642653_TC21","BDNF","chr11",27721929,"Island","exon_1;5UTR;TSS1500;TSS1500;TSS1500"
"cg17413943_TC21","BDNF","chr11",27718280,"Shore",""
"cg20340655_TC21","BDNF","chr11",27701528,"Shore","5UTR;exon_1;TSS1500;TSS1500;TSS1500;TSS1500;TSS1500;TSS1500;TSS1500;TSS1500"
"cg08362738_TC21","BDNF","chr11",27701089,"Island","TSS1500;TSS1500;TSS1500;TSS1500;TSS200;TSS200;TSS200;TSS200;TSS200"
"cg24249411_TC21","BDNF","chr11",27723212,"Shore","TSS1500"
"cg12067298_BC21","BDNF","chr11",27702111,"Shore","TSS1500;TSS1500;TSS1500;TSS1500;TSS1500;TSS1500"
"cg01636003_BC21","BDNF","chr11",27701838,"Shore","TSS1500;TSS1500;TSS1500;TSS1500;TSS1500;TSS1500;TSS1500;TSS1500;TSS1500"
"cg26949694_TC21","BDNF","chr11",27720513,"Island","5UTR;exon_1;5UTR;exon_1;TSS1500"
"cg03167496_TC21","BDNF","chr11",27722072,"Island","TSS200;TSS1500;TSS1500;TSS1500"
"cg09505801_BC21","BDNF","chr11",27700462,"Island","TSS1500;TSS200;TSS200;TSS200"
"cg20108357_TC21","BDNF","chr11",27697431,"Shelf",""
"cg25328597_BC21","BDNF","chr11",27701091,"Island","TSS1500;TSS1500;TSS1500;TSS1500;TSS200;TSS200;TSS200;TSS200;TSS200"
"cg25156688_BC21","BDNF","chr11",27722507,"Island","TSS1500"
"cg12448003_TC21","BDNF","chr11",27720818,"Shore","TSS1500;TSS200;TSS200;TSS200"
"cg15014679_BC21","BDNF","chr11",27673663,"OpenSea",""
"cg03984780_TC21","BDNF","chr11",27701070,"Island","TSS1500;TSS1500;TSS1500;TSS1500;TSS200;TSS200;TSS200;TSS200;TSS200"
"cg25457956_BC21","BDNF","chr11",27722117,"Island","TSS200;TSS1500;TSS1500;TSS1500"
"cg23497217_BC21","BDNF","chr11",27701667,"Shore","TSS1500;TSS1500;TSS1500;TSS1500;TSS1500;TSS1500;TSS1500;TSS1500;TSS200"
"cg00298481_TC21","BDNF","chr11",27700516,"Island","TSS1500;TSS200;TSS200;TSS200"
"cg16141574_BC21","BDNF","chr11",27658085,"OpenSea","exon_2;exon_2;exon_2;exon_2;exon_2;exon_3;exon_4;exon_2;exon_2;exon_3;exon_2;exon_2;exon_2;exon_2;exon_2;exon_2;exon_1"
"cg21010859_BC21","BDNF","chr11",27718614,"Shore",""
"cg07238832_TC21","BDNF","chr11",27659928,"OpenSea","TSS1500;TSS1500"
"cg11718030_TC21","BDNF","chr11",27722816,"Island","TSS1500"
"cg23330212_BC21","BDNF","chr11",27651150,"OpenSea",""
"cg06684850_TC21","BDNF","chr11",27720822,"Shore","TSS1500;TSS200;TSS200;TSS200"
"cg23619332_TC21","BDNF","chr11",27700513,"Island","TSS1500;TSS200;TSS200;TSS200"
"cg07704699_BC21","BDNF","chr11",27721285,"Shore","TSS1500;TSS1500;TSS1500"
"cg03747251_BC21","BDNF","chr11",27701175,"Shore","TSS1500;TSS1500;TSS1500;TSS1500;TSS200;TSS200;TSS200;TSS200"
"cg20954537_BC21","BDNF","chr11",27700121,"Island","TSS1500"
"cg15710245_TC21","BDNF","chr11",27701073,"Island","TSS1500;TSS1500;TSS1500;TSS1500;TSS200;TSS200;TSS200;TSS200;TSS200"
"cg15462887_BC21","BDNF","chr11",27722502,"Island","TSS1500"
"cg05218375_TC21","BDNF","chr11",27701671,"Shore","TSS1500;TSS1500;TSS1500;TSS1500;TSS1500;TSS1500;TSS1500;TSS1500;TSS200"
"cg11806762_BC21","BDNF","chr11",27711411,"OpenSea",""
"cg01418645_BC21","BDNF","chr11",27657922,"OpenSea","exon_2;exon_2;exon_2;exon_2;exon_2;exon_3;exon_4;exon_2;exon_2;exon_3;exon_2;exon_2;exon_2;exon_2;exon_2;exon_2;exon_1"
"cg02613510_TC21","BDNF","chr11",27702242,"Shore","TSS1500;TSS1500;TSS1500;TSS1500;TSS1500;TSS1500"
"cg02527472_TC21","BDNF","chr11",27721801,"Shore","exon_1;5UTR;TSS1500;TSS1500;TSS1500"
"cg10022526_BC21","BDNF","chr11",27723010,"Island","TSS1500"
"cg24065044_BC21","BDNF","chr11",27701862,"Shore","TSS1500;TSS1500;TSS1500;TSS1500;TSS1500;TSS1500;TSS1500;TSS1500;TSS1500"
"cg05818894_TC21","BDNF","chr11",27718531,"Shore",""
"cg14291693_BC21","BDNF","chr11",27662412,"OpenSea",""
"cg04672351_TC21","BDNF","chr11",27701342,"Shore","5UTR;exon_1;TSS1500;TSS1500;TSS1500;TSS1500;TSS1500;TSS1500;TSS1500;TSS1500"
"cg18595174_TC21","BDNF","chr11",27680444,"OpenSea",""
"cg15914769_TC21","BDNF","chr11",27701227,"Shore","TSS1500;TSS1500;TSS1500;TSS1500;TSS200;TSS200;TSS200;TSS200"
"cg23426002_BC21","BDNF","chr11",27658182,"OpenSea","exon_2;exon_2;exon_2;exon_2;exon_2;exon_3;exon_4;exon_2;exon_2;exon_3;exon_2;exon_2;exon_2;exon_2;exon_2;exon_2;exon_1"
"cg25928860_BC21","BDNF","chr11",27694991,"OpenSea",""
"cg16709457_TC21","BDNF","chr11",27723814,"Shore",""
"cg07919246_TC21","BDNF","chr11",27673138,"OpenSea",""
"cg11865360_TC21","BDNF","chr11",27702818,"Shore","TSS1500"
"cg22288103_TC21","BDNF","chr11",27722107,"Island","TSS200;TSS1500;TSS1500;TSS1500"
"cg23143371_BC21","BDNF","chr11",27660468,"OpenSea","TSS1500;TSS1500"
"cg01546433_BC21","BDNF","chr11",27703548,"Shelf",""
"cg05847680_BC21","BDNF","chr11",27674720,"OpenSea",""
"cg02649626_BC21","BDNF","chr11",27725036,"Shelf",""
"cg02386994_BC21","BDNF","chr11",27658429,"OpenSea","exon_5;exon_4;exon_4;exon_5;exon_4;exon_2;exon_2;exon_2;exon_2;exon_2;exon_3;exon_4;exon_2;exon_2;exon_3;exon_2;exon_2;exon_2;exon_2;exon_2;exon_2;exon_1"
"cg26840770_BC21","BDNF","chr11",27701743,"Shore","TSS1500;TSS1500;TSS1500;TSS1500;TSS1500;TSS1500;TSS1500;TSS1500;TSS200"
"cg08760147_BC21","BDNF","chr11",27663760,"OpenSea",""
"cg16142086_TC21","BDNF","chr11",27717005,"Shelf",""
"cg16142034_BC21","BDNF","chr11",27706135,"OpenSea",""
"cg06979684_TC21","BDNF","chr11",27655578,"OpenSea","3UTR;exon_2;3UTR;exon_2;3UTR;exon_2;3UTR;exon_2;3UTR;exon_2;3UTR;exon_3;3UTR;exon_4;3UTR;exon_2;3UTR;exon_2;3UTR;exon_3;3UTR;exon_2;3UTR;exon_2;3UTR;exon_2;3UTR;exon_2;3UTR;exon_2;3UTR;exon_2;3UTR;exon_1"
"cg12021170_TC21","BDNF","chr11",27660318,"OpenSea","TSS1500;TSS1500"
"cg07236904_TC11","CLOCK","chr4",55547062,"Island","TSS1500;TSS200"
"cg11774413_BC11","CLOCK","chr4",55546576,"Island","TSS1500"
"cg23506964_BC11","CLOCK","chr4",55547044,"Island","TSS1500;TSS200"
"cg27298069_BC11","CLOCK","chr4",55545932,"Island","5UTR;exon_1"
"cg25505393_TC11","CLOCK","chr4",55545944,"Island","TSS200"
"cg08033122_BC11","CLOCK","chr4",55547060,"Island","TSS1500;TSS200"
"cg19095271_TC11","CLOCK","chr4",55547171,"Island","TSS1500;TSS1500"
"cg19111910_BC11","CLOCK","chr4",55540911,"OpenSea",""
"cg17824860_TC11","CLOCK","chr4",55547235,"Shore","TSS1500;TSS1500"
"cg11569219_TC11","CLOCK","chr4",55547048,"Island","TSS1500;TSS200"
"cg09744584_TC11","CLOCK","chr4",55546713,"Island","TSS1500"
"cg21834420_BC11","CLOCK","chr4",55545959,"Island","TSS200"
"cg04485603_BC21","CLOCK","chr4",55510243,"OpenSea",""
"cg05960024_BC21","CLOCK","chr4",55509853,"OpenSea",""
"cg02613926_TC21","CLOCK","chr4",55510273,"OpenSea",""
"cg20260841_TC21","CLOCK","chr4",55553943,"OpenSea",""
"cg05826175_BC21","CLOCK","chr4",55435464,"OpenSea","exon_24;exon_23"
"cg18928811_BC21","CLOCK","chr4",55546171,"Island","TSS1500"
"cg25530661_TC21","CLOCK","chr4",55435409,"OpenSea","3UTR;exon_24;3UTR;exon_23"
"cg07500410_TC21","CLOCK","chr4",55546581,"Island","TSS1500"
"cg02683371_BC21","CLOCK","chr4",55432726,"OpenSea","3UTR;exon_24;3UTR;exon_23"
"cg00659990_BC21","CLOCK","chr4",55550914,"Shelf",""
"cg18470649_TC21","CLOCK","chr4",55477925,"OpenSea",""
"cg06085476_BC21","CLOCK","chr4",55547687,"Shore","TSS1500"
"cg25181236_TC21","CLOCK","chr4",55521108,"OpenSea",""
"cg19298990_TC21","CLOCK","chr4",55548318,"Shore","TSS1500"
"cg18539169_BC21","CLOCK","chr4",55502208,"OpenSea",""
"cg12219319_BC21","CLOCK","chr4",55548542,"Shore",""
"cg06587474_BC21","CLOCK","chr4",55449468,"OpenSea","exon_18;exon_17"
"cg10515766_TC21","CLOCK","chr4",55444721,"OpenSea","exon_20;exon_19"
"cg06764795_BC21","CLOCK","chr4",55518241,"OpenSea",""
"cg04200137_TC21","CLOCK","chr4",55501879,"OpenSea",""
"cg01937505_BC21","CLOCK","chr4",55541779,"OpenSea",""
"cg26535070_BC21","CLOCK","chr4",55458968,"OpenSea","exon_12;exon_11"
"cg15096653_BC21","CLOCK","chr4",55548344,"Shore","TSS1500"
"cg09847994_BC21","CLOCK","chr4",55525391,"OpenSea",""
"cg24796870_TC21","CLOCK","chr4",55511121,"OpenSea",""
"cg06588162_BC21","CLOCK","chr4",55542169,"Shelf",""
"cg15048607_BC21","CLOCK","chr4",55443854,"OpenSea","exon_21;exon_20"
"cg24004414_BC21","CLOCK","chr4",55503752,"OpenSea",""
"cg27132802_TC21","CLOCK","chr4",55545946,"Island","TSS200"
"cg08935434_BC21","CLOCK","chr4",55468744,"OpenSea",""
"cg24000108_TC21","CLOCK","chr4",55510164,"OpenSea",""
"cg08772927_BC21","CLOCK","chr4",55541856,"Shelf",""
"cg15929069_TC21","CLOCK","chr4",55554949,"OpenSea",""
"cg16125666_BC21","CLOCK","chr4",55548239,"Shore","TSS1500"
"cg19825305_TC21","CLOCK","chr4",55476095,"OpenSea",""
"cg19429538_BC21","CLOCK","chr4",55437720,"OpenSea",""
"cg13551643_BC21","CLOCK","chr4",55418240,"OpenSea",""
"cg08407670_BC21","CLOCK","chr4",55437713,"OpenSea",""
"cg12893431_BC21","CLOCK","chr4",55449474,"OpenSea","exon_18;exon_17"
"cg06588416_BC21","CLOCK","chr4",55554557,"OpenSea",""
"cg23601416_BC11","COMT","chr22",19962517,"OpenSea","5UTR;exon_3;TSS1500;TSS200"
"cg11032634_BC11","COMT","chr22",19941731,"Island","exon_1;exon_1;exon_1;exon_1;TSS200;TSS200"
"cg25663764_TC11","COMT","chr22",19978011,"Shore","exon_8"
"cg20709110_TC11","COMT","chr22",19959350,"OpenSea",""
"cg12175949_BC11","COMT","chr22",19941763,"Island","exon_1;exon_1;exon_1;exon_1;TSS200;TSS200"
"cg07019740_BC11","COMT","chr22",19941682,"Island","TSS200;TSS200"
"cg10253022_TC11","COMT","chr22",19941944,"Island","TSS200;TSS200;TSS200;TSS200"
"cg25836061_BC11","COMT","chr22",19951505,"OpenSea","TSS200"
"cg11361387_TC11","COMT","chr22",19962350,"OpenSea","5UTR;exon_3;TSS1500;TSS1500"
"cg26067913_TC11","COMT","chr22",19963237,"OpenSea","TSS1500"
"cg26067914_TC11","COMT","chr22",19963313,"OpenSea","TSS1500"
"cg24899205_TC11","COMT","chr22",19941661,"Island","TSS200;TSS200"
"cg03205258_BC11","COMT","chr22",19941751,"Island","exon_1;exon_1;exon_1;exon_1;TSS200;TSS200"
"cg26067942_BC11","COMT","chr22",19964254,"OpenSea","exon_5;exon_5;exon_5;exon_5;exon_3"
"cg22820354_BC21","COMT","chr22",19933643,"OpenSea","TSS200;TSS1500"
"cg15926585_TC21","COMT","chr22",19940922,"Shore","TSS1500;TSS1500"
"cg23268677_BC21","COMT","chr22",19941574,"Island","TSS200;TSS200"
"cg00107488_BC21","COMT","chr22",19942914,"Shore","TSS1500;TSS1500;TSS1500;TSS1500"
"cg15834517_BC21","COMT","chr22",19941591,"Island","TSS200;TSS200"
"cg27521571_TC21","COMT","chr22",19950901,"OpenSea","TSS1500;TSS200"
"cg06787004_BC21","COMT","chr22",19951458,"OpenSea","TSS200"
"cg11712482_TC21","COMT","chr22",19941144,"Shore","TSS1500;TSS1500"
"cg24547396_TC21","COMT","chr22",19941217,"Shore","TSS1500;TSS1500"
"cg18704527_BC21","COMT","chr22",19974519,"Shore",""
"cg04856117_BC21","COMT","chr22",19962378,"OpenSea","5UTR;exon_3;TSS1500;TSS200"
"cg13175282_TC21","COMT","chr22",19951018,"OpenSea","5UTR;exon_1;TSS1500"
"cg19964470_BC21","COMT","chr22",19933174,"OpenSea","TSS1500"
"cg08829877_TC21","COMT","chr22",19973309,"Island","exon_14"
"cg07194846_BC21","COMT","chr22",19942654,"Shore","TSS1500;TSS1500;TSS1500;TSS1500"
"cg00721193_BC21","COMT","chr22",19978850,"Shore",""
"cg09926649_BC21","COMT","chr22",19950573,"OpenSea","TSS1500;TSS1500"
"cg00465975_BC21","COMT","chr22",19942034,"Shore","TSS1500;TSS1500;TSS1500;TSS1500"
"cg19930203_BC21","COMT","chr22",19968758,"OpenSea","exon_6;3UTR;exon_6;3UTR;exon_6;3UTR;exon_6;3UTR;exon_4;3UTR"
"cg00886856_BC21","COMT","chr22",19972773,"Shore","exon_16"
"cg08289189_BC21","COMT","chr22",19949754,"OpenSea","TSS1500"
"cg08730070_TC21","COMT","chr22",19950855,"OpenSea","TSS1500;TSS200"
"cg12728623_TC21","COMT","chr22",19951469,"OpenSea","TSS200"
"cg22546130_TC21","COMT","chr22",19962503,"OpenSea","5UTR;exon_3;TSS1500;TSS200"
"cg06346307_BC21","COMT","chr22",19962442,"OpenSea","5UTR;exon_3;TSS1500;TSS200"
"cg06860277_BC21","COMT","chr22",19942549,"Shore","TSS1500;TSS1500;TSS1500;TSS1500"
"cg21905167_TC21","COMT","chr22",19962062,"OpenSea","TSS1500"
"cg12457376_BC21","COMT","chr22",19940538,"Shore","TSS1500;TSS1500"
"cg18731680_BC21","COMT","chr22",19966189,"OpenSea",""
"cg11219691_TC21","COMT","chr22",19979757,"Island","exon_6"
"cg01335087_BC21","COMT","chr22",19962643,"OpenSea","exon_3;exon_3;exon_3;exon_3;5UTR;exon_1;TSS1500"
"cg26067650_BC21","COMT","chr22",19950494,"OpenSea","TSS1500;TSS1500"
"cg27255659_TC21","COMT","chr22",19933779,"OpenSea","TSS1500;TSS1500"
"cg16097539_BC21","COMT","chr22",19961925,"OpenSea","TSS1500"
"cg27399558_TC21","COMT","chr22",19941093,"Shore","TSS1500;TSS1500"
"cg13248910_BC21","COMT","chr22",19957856,"OpenSea",""
"cg09112115_TC21","COMT","chr22",19935842,"OpenSea",""
"cg26513451_TC21","COMT","chr22",19954982,"OpenSea",""
"cg11388006_BC21","COMT","chr22",19933166,"OpenSea","TSS1500"
"cg04303964_BC21","COMT","chr22",19962038,"OpenSea","TSS1500"
"cg01633693_TC21","COMT","chr22",19942517,"Shore","TSS1500;TSS1500;TSS1500;TSS1500"
"cg26385674_TC21","COMT","chr22",19950935,"OpenSea","5UTR;exon_1;TSS1500"
"cg24164157_BC21","COMT","chr22",19942187,"Shore","TSS1500;TSS1500;TSS1500;TSS1500"
"cg07073234_BC21","COMT","chr22",19932551,"OpenSea","exon_1;5UTR"
"cg26394781_BC21","COMT","chr22",19932451,"OpenSea","exon_1;5UTR"
"cg14028877_TC21","COMT","chr22",19949758,"OpenSea","TSS1500"
"cg27449804_BC21","COMT","chr22",19963658,"OpenSea","exon_4;exon_4;exon_4;exon_4;exon_2;TSS200"
"cg12746246_BC21","COMT","chr22",19954277,"OpenSea",""
"cg09914785_TC21","COMT","chr22",19963210,"OpenSea","TSS1500"
"cg10025908_TC21","COMT","chr22",19932752,"OpenSea","TSS200"
"cg08825848_BC21","COMT","chr22",19943279,"Shore","TSS1500;TSS1500;TSS1500;TSS1500"
"cg24914853_BC21","COMT","chr22",19950613,"OpenSea","TSS1500;TSS1500"
"cg26067843_BC21","COMT","chr22",19959445,"OpenSea",""
"cg16918267_BC21","COMT","chr22",19951964,"OpenSea",""
"cg22906524_BC21","COMT","chr22",19973002,"Island","exon_15"
"cg03724721_TC21","COMT","chr22",19951538,"OpenSea","5UTR;exon_1"
"cg21919834_TC21","COMT","chr22",19961310,"OpenSea","TSS1500"
"cg07579946_TC21","COMT","chr22",19962370,"OpenSea","5UTR;exon_3;TSS1500;TSS200"
"cg06045576_BC21","COMT","chr22",19961434,"OpenSea","TSS1500"
"cg17675298_TC21","COMT","chr22",19973528,"Island",""
"cg18773129_BC21","COMT","chr22",19951393,"OpenSea","TSS200"
"cg07352953_BC21","COMT","chr22",19979609,"Shore",""
"cg26068064_TC21","COMT","chr22",19970362,"Shelf","3UTR;exon_20"
"cg26067724_BC21","COMT","chr22",19953670,"OpenSea",""
"cg26068278_TC21","COMT","chr22",19977541,"Shelf","exon_9"
"cg26068085_TC21","COMT","chr22",19971191,"Shore",""
"cg26067938_BC21","COMT","chr22",19964097,"OpenSea",""
"cg26067726_TC21","COMT","chr22",19953820,"OpenSea",""
"cg26067721_TC21","COMT","chr22",19953572,"OpenSea",""
"cg26067356_TC21","COMT","chr22",19935349,"OpenSea",""
"cg22739477_TC11","CREB1","chr2",207529788,"Island","TSS200;TSS200;TSS200;TSS200;TSS200;TSS200;TSS200;TSS200"
"cg05727155_BC11","CREB1","chr2",207530265,"Island",""
"cg03090513_TC11","CREB1","chr2",207529726,"Island","TSS1500;TSS1500;TSS1500;TSS1500;TSS1500;TSS1500;TSS1500;TSS1500"
"cg06691214_TC11","CREB1","chr2",207530115,"Island","5UTR;exon_1;5UTR;exon_1;5UTR;exon_1;exon_1;exon_1"
"cg19956940_TC11","CREB1","chr2",207529790,"Island","TSS200;TSS200;TSS200;TSS200;TSS200;TSS200;TSS200;TSS200"
"cg01724041_BC11","CREB1","chr2",207529242,"Island","TSS1500;TSS1500;TSS1500;TSS1500;TSS1500;TSS1500;TSS1500;TSS1500"
"cg10434707_BC11","CREB1","chr2",207529564,"Island","TSS1500;TSS1500;TSS1500;TSS1500;TSS1500;TSS1500;TSS1500;TSS1500"
"cg08862564_BC11","CREB1","chr2",207530345,"Island",""
"cg07623923_BC21","CREB1","chr2",207531172,"Shore",""
"cg10723020_TC21","CREB1","chr2",207529105,"Shore","TSS1500;TSS1500;TSS1500;TSS1500;TSS1500;TSS1500;TSS1500;TSS1500"
"cg18579327_TC21","CREB1","chr2",207530833,"Shore",""
"cg25158734_BC21","CREB1","chr2",207528608,"Shore","TSS1500;TSS1500;TSS1500;TSS1500;TSS1500;TSS1500;TSS1500;TSS1500"
"cg05019488_BC21","CREB1","chr2",207601010,"OpenSea","exon_9;3UTR;exon_8;3UTR;exon_7;3UTR;exon_8;3UTR;exon_9;3UTR;exon_10;exon_9;exon_9"
"cg10495393_BC21","CREB1","chr2",207538243,"OpenSea",""
"cg06629337_TC21","CREB1","chr2",207559427,"OpenSea",""
"cg07441773_BC21","CREB1","chr2",207521598,"OpenSea",""
"cg23761332_BC21","CREB1","chr2",207529232,"Island","TSS1500;TSS1500;TSS1500;TSS1500;TSS1500;TSS1500;TSS1500;TSS1500"
"cg16641411_BC21","CREB1","chr2",207531392,"Shore",""
"cg15684003_BC21","CREB1","chr2",207558000,"OpenSea","TSS1500"
"cg16107117_BC21","CREB1","chr2",207613167,"OpenSea","exon_4;exon_4;exon_4;exon_5;exon_4"
"cg15402961_TC21","CREB1","chr2",207558579,"OpenSea","TSS1500"
"cg13388531_BC21","CREB1","chr2",207613081,"OpenSea","exon_4;exon_4;exon_4;exon_5;exon_4"
"cg11129112_BC21","CREB1","chr2",207561725,"OpenSea",""
"cg11533257_BC21","CREB1","chr2",207613182,"OpenSea","exon_4;exon_4;exon_4;exon_5;exon_4"
"cg02443896_BC21","CREB1","chr2",207576563,"OpenSea",""
"cg25187763_TC21","CREB1","chr2",207571628,"OpenSea",""
"cg22026774_TC21","CREB1","chr2",207575374,"OpenSea","exon_6;exon_7;exon_6;exon_5;exon_6;exon_7;exon_7;exon_6;exon_6"
"cg01936702_TC21","CREB1","chr2",207528480,"Shore","TSS1500;TSS1500;TSS1500;TSS1500;TSS1500;TSS1500;TSS1500;TSS1500"
"cg08359777_TC21","CREB1","chr2",207597166,"OpenSea","exon_9;exon_8;exon_8;exon_9;3UTR;exon_8;3UTR;exon_7;3UTR;exon_8;3UTR;exon_9;3UTR"
"cg22211850_BC21","CREB1","chr2",207614077,"OpenSea",""
"cg25558653_TC21","CREB1","chr2",207613424,"OpenSea","exon_4;exon_4;exon_4;exon_5;exon_4"
"cg21390179_TC21","CREB1","chr2",207575318,"OpenSea","exon_6;exon_7;exon_6;exon_5;exon_6;exon_7;exon_7;exon_6;exon_6"
"cg02341080_TC21","CREB1","chr2",207558922,"OpenSea","TSS200;TSS1500"
"cg04066386_TC21","CREB1","chr2",207558938,"OpenSea","TSS200"
"cg05666620_TC21","CREB1","chr2",207602150,"OpenSea","exon_9;3UTR;exon_8;3UTR;exon_7;3UTR;exon_8;3UTR;exon_9;3UTR;exon_10;exon_9;exon_9"
"cg07684566_TC21","CREB1","chr2",207560267,"OpenSea","exon_3;exon_3;exon_3;exon_2;exon_3;exon_3;exon_3;exon_3;exon_3"
"cg02686491_BC21","CREB1","chr2",207529613,"Island","TSS1500;TSS1500;TSS1500;TSS1500;TSS1500;TSS1500;TSS1500;TSS1500"
"cg19353515_BC21","CREB1","chr2",207613999,"OpenSea",""
"cg11779501_BC21","CREB1","chr2",207602347,"OpenSea","exon_9;3UTR;exon_8;3UTR;exon_7;3UTR;exon_8;3UTR;exon_9;3UTR;exon_10;exon_9;exon_9"
"cg05019488_BC22","CREB1","chr2",207601010,"OpenSea","exon_9;3UTR;exon_8;3UTR;exon_7;3UTR;exon_8;3UTR;exon_9;3UTR;exon_10;exon_9;exon_9"
"cg04066117_TC21","CREB1","chr2",207533993,"Shelf",""
"cg19479609_TC21","CREB1","chr2",207525492,"Shelf",""
"cg04997275_TC21","CREB1","chr2",207558501,"OpenSea","TSS1500"
"cg04066654_TC21","CREB1","chr2",207602173,"OpenSea","exon_9;3UTR;exon_8;3UTR;exon_7;3UTR;exon_8;3UTR;exon_9;3UTR;exon_10;exon_9;exon_9"
"cg17305181_TC11","CRH","chr8",66178346,"Shore","5UTR;exon_1"
"cg21240762_BC11","CRH","chr8",66177153,"Island","exon_2"
"cg04041976_BC11","CRH","chr8",66173588,"Shelf",""
"cg02834846_TC11","CRH","chr8",66179232,"Shore","TSS1500"
"cg20329958_BC21","CRH","chr8",66178015,"Shore",""
"cg18640030_BC21","CRH","chr8",66178517,"Shore","TSS200"
"cg23027580_TC21","CRH","chr8",66177278,"Island","exon_2"
"cg04227637_BC21","CRH","chr8",66178687,"Shore","TSS1500"
"cg03405789_BC21","CRH","chr8",66176660,"Shore","3UTR;exon_2"
"cg16888621_BC21","CRH","chr8",66173631,"Shelf",""
"cg21878188_TC21","CRH","chr8",66177652,"Island",""
"cg24997986_BC21","CRH","chr8",66186671,"OpenSea",""
"cg08215831_TC21","CRH","chr8",66178541,"Shore","TSS200"
"cg00269606_BC21","CRH","chr8",66178693,"Shore","TSS1500"
"cg19035496_BC21","CRH","chr8",66178557,"Shore","TSS200"
"cg00468228_BC21","CRH","chr8",66180327,"Shelf",""
"cg23409074_TC21","CRH","chr8",66178563,"Shore","TSS200"
"cg00603617_TC21","CRH","chr8",66177596,"Island",""
"cg16664570_BC21","CRH","chr8",66179345,"Shore","TSS1500"
"cg11699476_TC21","CRH","chr8",66178674,"Shore","TSS1500"
"cg01972826_BC21","CRH","chr8",66179675,"Shore","TSS1500"
"cg17578833_BC21","CRH","chr8",66178823,"Shore","TSS1500"
"cg19696975_BC21","CRH","chr8",66179214,"Shore","TSS1500"
"cg23990470_TC21","CRH","chr8",66179847,"Shelf","TSS1500"
"cg12668398_TC21","CRH","chr8",66168941,"OpenSea",""
"cg12668395_BC21","CRH","chr8",66168572,"OpenSea",""
"cg12668381_TC21","CRH","chr8",66166890,"OpenSea",""
"cg11338426_TC11","CRHR1","chr17",45784302,"Island","TSS200;TSS200;TSS200;TSS200;TSS200;TSS200"
"cg04856689_TC11","CRHR1","chr17",45784666,"Island",""
"cg00911364_BC11","CRHR1","chr17",45845434,"OpenSea","exon_1"
"cg13947929_TC11","CRHR1","chr17",45785990,"Shore",""
"cg13521908_BC11","CRHR1","chr17",45784316,"Island","TSS200;TSS200;TSS200;TSS200;TSS200;TSS200"
"cg27503360_TC11","CRHR1","chr17",45813383,"OpenSea",""
"cg08473090_TC11","CRHR1","chr17",45783738,"Island","TSS1500;TSS1500;TSS1500;TSS1500;TSS1500;TSS1500"
"cg11731737_TC11","CRHR1","chr17",45785251,"Island",""
"cg26656751_BC11","CRHR1","chr17",45832860,"OpenSea",""
"cg22608552_BO11","CRHR1","chr17",45790617,"OpenSea",""
"cg16830379_TC21","CRHR1","chr17",45835068,"OpenSea","exon_14;3UTR;exon_12;3UTR;exon_12;3UTR;exon_11;3UTR;exon_12;3UTR;exon_13;3UTR;exon_15;3UTR;exon_13;3UTR"
"cg08929103_TC21","CRHR1","chr17",45782989,"Shore","TSS1500;TSS1500;TSS1500;TSS1500;TSS1500;TSS1500"
"cg07778819_TC21","CRHR1","chr17",45785561,"Island",""
"cg24063856_BC21","CRHR1","chr17",45785937,"Shore",""
"cg10256584_BC21","CRHR1","chr17",45814991,"OpenSea",""
"cg03323388_TC21","CRHR1","chr17",45811410,"OpenSea",""
"cg11760414_TC21","CRHR1","chr17",45786032,"Shore",""
"cg15834779_BC21","CRHR1","chr17",45842210,"OpenSea",""
"cg08043197_BC21","CRHR1","chr17",45824356,"OpenSea",""
"cg23452480_BC21","CRHR1","chr17",45844271,"OpenSea","TSS1500"
"cg00025823_BC21","CRHR1","chr17",45831785,"OpenSea",""
"cg03723148_TC21","CRHR1","chr17",45844497,"OpenSea","TSS1500"
"cg27410679_BC21","CRHR1","chr17",45788912,"Shelf",""
"cg00022871_TC21","CRHR1","chr17",45806992,"OpenSea",""
"cg12577105_TC21","CRHR1","chr17",45783319,"Island","TSS1500;TSS1500;TSS1500;TSS1500;TSS1500;TSS1500"
"cg24394631_TC21","CRHR1","chr17",45785634,"Shore",""
"cg23907852_TC21","CRHR1","chr17",45844878,"OpenSea","TSS200"
"cg15607306_BC21","CRHR1","chr17",45806477,"OpenSea",""
"cg24515861_BC21","CRHR1","chr17",45844756,"OpenSea","TSS200"
"cg27551605_BC21","CRHR1","chr17",45785544,"Island",""
"cg03066966_BC21","CRHR1","chr17",45824703,"OpenSea",""
"cg23420656_TC21","CRHR1","chr17",45787665,"Shelf",""
"cg02122296_BC21","CRHR1","chr17",45832290,"OpenSea",""
"cg22608650_TC21","CRHR1","chr17",45796172,"OpenSea",""
"cg25719092_TC21","CRHR1","chr17",45777781,"OpenSea",""
"cg09251165_BC21","CRHR1","chr17",45816723,"OpenSea",""
"cg02833950_TC21","CRHR1","chr17",45776223,"OpenSea",""
"cg01825492_BC21","CRHR1","chr17",45829487,"OpenSea",""
"cg09422970_BC21","CRHR1","chr17",45793171,"OpenSea",""
"cg10106856_TC21","CRHR1","chr17",45802844,"OpenSea",""
"cg07657976_TC21","CRHR1","chr17",45809839,"OpenSea",""
"cg15117716_TC21","CRHR1","chr17",45794171,"OpenSea",""
"cg17311440_TC21","CRHR1","chr17",45823318,"OpenSea",""
"cg14321938_BC21","CRHR1","chr17",45844417,"OpenSea","TSS1500"
"cg24738082_TC21","CRHR1","chr17",45821395,"OpenSea","exon_4;exon_3;exon_4;exon_4;5UTR;exon_6"
"cg01893882_TC21","CRHR1","chr17",45843947,"OpenSea","exon_2;TSS1500"
"cg25973941_TC21","CRHR1","chr17",45844750,"OpenSea","TSS200"
"cg22939704_BC21","CRHR1","chr17",45781899,"Shore",""
"cg15844800_BC21","CRHR1","chr17",45838867,"OpenSea",""
"cg02810898_TC21","CRHR1","chr17",45804195,"OpenSea",""
"cg22608153_BC21","CRHR1","chr17",45775057,"OpenSea",""
"cg22608584_TC21","CRHR1","chr17",45792357,"OpenSea",""
"cg22046703_BC21","CRHR1","chr17",45783106,"Shore","TSS1500;TSS1500;TSS1500;TSS1500;TSS1500;TSS1500"
"cg22609359_BC21","CRHR1","chr17",45834467,"OpenSea",""
"cg22609396_BC21","CRHR1","chr17",45836260,"OpenSea",""
"cg11524343_BC21","CRHR1","chr17",45828276,"OpenSea",""
"cg22609335_BC21","CRHR1","chr17",45833482,"OpenSea","exon_11;exon_9;exon_10;exon_8;exon_9;exon_10;exon_12;exon_11"
"cg14297797_BC21","CRHR1","chr17",45790435,"OpenSea",""
"cg22609244_BC21","CRHR1","chr17",45828404,"OpenSea",""
"cg15218995_TC21","CRHR1","chr17",45845057,"OpenSea","exon_1"
"cg08568298_TC21","CRHR1","chr17",45844874,"OpenSea","TSS200"
"cg11434527_BC21","CRHR1","chr17",45844199,"OpenSea","TSS1500"
"cg03882071_TC21","CRHR1","chr17",45844844,"OpenSea","TSS200"
"cg15072306_BC21","CRHR1","chr17",45845509,"OpenSea","exon_1"
"cg15679139_TC21","CRHR1","chr17",45844119,"OpenSea","exon_2;TSS1500"
"cg17612147_TC21","CRHR1","chr17",45844990,"OpenSea","exon_1"
"cg18757974_BC21","CRHR1","chr17",45783325,"Island","TSS1500;TSS1500;TSS1500;TSS1500;TSS1500;TSS1500"
"cg18534039_BC21","CRHR1","chr17",45805706,"OpenSea",""
"cg24353392_BC21","CRHR1","chr17",45784881,"Island",""
"cg22608628_TC21","CRHR1","chr17",45794935,"OpenSea",""
"cg22608583_BC21","CRHR1","chr17",45792310,"OpenSea",""
"cg22608582_TC21","CRHR1","chr17",45792261,"OpenSea",""
"cg22608550_TC21","CRHR1","chr17",45790534,"OpenSea",""
"cg22608159_BC21","CRHR1","chr17",45775413,"OpenSea",""
"cg22608158_BC21","CRHR1","chr17",45775377,"OpenSea",""
"cg14896516_BC11","CRHR2","chr7",30682745,"Island","TSS1500;TSS1500;TSS1500"
"cg04863452_TC11","CRHR2","chr7",30682547,"Island","TSS200;TSS200;TSS200"
"cg01718447_TC11","CRHR2","chr7",30682711,"Island","TSS1500;TSS1500;TSS1500"
"cg09516959_TC11","CRHR2","chr7",30681862,"Island",""
"cg24214442_TC11","CRHR2","chr7",30682372,"Island","exon_1;5UTR;exon_1;5UTR;exon_1;5UTR"
"cg13094036_BC11","CRHR2","chr7",30682743,"Island","TSS1500;TSS1500;TSS1500"
"cg21773872_TC11","CRHR2","chr7",30682704,"Island","TSS1500;TSS1500;TSS1500"
"cg27345762_BC11","CRHR2","chr7",30694425,"OpenSea",""
"cg24610236_TC11","CRHR2","chr7",30682498,"Island","TSS200;TSS200;TSS200"
"cg27430726_TC11","CRHR2","chr7",30682374,"Island","exon_1;5UTR;exon_1;5UTR;exon_1;5UTR"
"cg02712145_TC21","CRHR2","chr7",30682817,"Island","TSS1500;TSS1500;TSS1500"
"cg04922810_TC21","CRHR2","chr7",30682272,"Island","exon_1;exon_1;exon_1"
"cg03667083_TC21","CRHR2","chr7",30681394,"Shore",""
"cg18351440_TC21","CRHR2","chr7",30701445,"OpenSea","TSS1500;TSS1500"
"cg23068772_TC21","CRHR2","chr7",30697445,"OpenSea",""
"cg03012028_TC21","CRHR2","chr7",30700196,"OpenSea","TSS200;TSS200"
"cg13134297_TC21","CRHR2","chr7",30697940,"OpenSea",""
"cg25936815_TC21","CRHR2","chr7",30701293,"OpenSea","TSS1500;TSS1500"
"cg06866646_BC21","CRHR2","chr7",30661593,"OpenSea",""
"cg23185751_BC21","CRHR2","chr7",30680547,"Shore",""
"cg26262196_BC21","CRHR2","chr7",30656924,"OpenSea",""
"cg26415343_TC21","CRHR2","chr7",30643788,"OpenSea",""
"cg21110092_TC21","CRHR2","chr7",30701003,"OpenSea","TSS1500;TSS1500"
"cg01049782_TC21","CRHR2","chr7",30678338,"Shelf",""
"cg04923928_BC21","CRHR2","chr7",30682181,"Island","exon_1;exon_1;exon_1"
"cg07658503_BC21","CRHR2","chr7",30682561,"Island","TSS200;TSS200;TSS200"
"cg08913410_BC21","CRHR2","chr7",30687243,"OpenSea",""
"cg18285819_BC21","CRHR2","chr7",30697014,"OpenSea",""
"cg01819552_BC21","CRHR2","chr7",30667301,"OpenSea","exon_4;exon_5;exon_3;exon_3;exon_3"
"cg01972879_TC21","CRHR2","chr7",30681285,"Shore",""
"cg15615793_BC21","CRHR2","chr7",30683027,"Shore","TSS1500;TSS1500;TSS1500"
"cg09797340_TC21","CRHR2","chr7",30709773,"OpenSea",""
"cg18911683_TC21","CRHR2","chr7",30697304,"OpenSea",""
"cg25014458_TC21","CRHR2","chr7",30705541,"OpenSea",""
"cg24430106_TC21","CRHR2","chr7",30659576,"OpenSea",""
"cg25639595_BC21","CRHR2","chr7",30652998,"OpenSea","3UTR;exon_13;3UTR;exon_14;3UTR;exon_12;3UTR;exon_13;3UTR;exon_12"
"cg10740877_BC21","CRHR2","chr7",30650716,"OpenSea",""
"cg22826063_TC21","CRHR2","chr7",30689029,"OpenSea",""
"cg02272761_TC21","CRHR2","chr7",30647442,"OpenSea",""
"cg16755766_BC21","CRHR2","chr7",30665784,"OpenSea",""
"cg06175988_TC21","CRHR2","chr7",30679611,"Shelf",""
"cg19920989_TC21","CRHR2","chr7",30700849,"OpenSea","TSS1500;TSS1500"
"cg01179849_BC21","CRHR2","chr7",30702335,"OpenSea",""
"cg13543555_TC21","CRHR2","chr7",30682551,"Island","TSS200;TSS200;TSS200"
"cg27191795_BC21","CRHR2","chr7",30678402,"Shelf",""
"cg12511160_TC21","CRHR2","chr7",30672114,"OpenSea",""
"cg05877083_BC21","CRHR2","chr7",30663841,"OpenSea",""
"cg03484834_BC21","CRHR2","chr7",30658285,"OpenSea",""
"cg18266052_TC21","CRHR2","chr7",30682281,"Island","exon_1;5UTR;exon_1;5UTR;exon_1;5UTR"
"cg03216944_BC21","CRHR2","chr7",30644427,"OpenSea",""
"cg17924854_BC21","CRHR2","chr7",30667279,"OpenSea","exon_4;exon_5;exon_3;exon_3;exon_3"
"cg00599823_BC21","CRHR2","chr7",30646417,"OpenSea",""
"cg10838574_BC21","CRHR2","chr7",30698770,"OpenSea",""
"cg16127724_BC21","CRHR2","chr7",30698856,"OpenSea",""
"cg10837890_TC21","CRHR2","chr7",30645563,"OpenSea",""
"cg24976805_BC21","CRP","chr1",159715894,"OpenSea","TSS1500;TSS1500;TSS1500;TSS1500"
"cg08474603_BC21","CRP","chr1",159714641,"OpenSea","TSS200;TSS200;TSS200;TSS200"
"cg01365152_BC21","CRP","chr1",159714023,"OpenSea","exon_2;exon_2;exon_2;exon_2"
"cg15553852_TC21","CRP","chr1",159714131,"OpenSea","exon_2;exon_2;exon_2;exon_2"
"cg09267046_TC21","CRP","chr1",159713557,"OpenSea","exon_2;exon_2;exon_3;exon_3"
"cg15076824_BC21","CRP","chr1",159715395,"OpenSea","TSS1500;TSS1500;TSS1500;TSS1500"
"cg06779393_BC21","CRP","chr1",159714547,"OpenSea","exon_1;5UTR;exon_1;5UTR;exon_1;5UTR;exon_1;5UTR"
"cg03543081_BC21","CRP","chr1",159714696,"OpenSea","TSS200;TSS200;TSS200;TSS200"
"cg04861230_TC21","CRP","chr1",159712707,"OpenSea","3UTR;exon_2;3UTR;exon_3;3UTR;exon_3"
"cg25257346_TC21","CRP","chr1",159713827,"OpenSea","exon_2;exon_2"
"cg21571784_TC21","CRP","chr1",159713839,"OpenSea","exon_2;exon_2"
"cg23615393_BC21","CRP","chr1",159713893,"OpenSea","exon_2;exon_2"
"cg14135757_TC11","CRY1","chr12",106987184,"Island","TSS200;TSS200"
"cg03742214_BC11","CRY1","chr12",107093605,"Island","TSS200"
"cg10126874_BC11","CRY1","chr12",107093319,"Island","exon_1;5UTR"
"cg06758649_TC11","CRY1","chr12",106987327,"Shore","TSS200;TSS200"
"cg04801236_TC11","CRY1","chr12",107093231,"Island","exon_1;5UTR"
"cg21581733_BC11","CRY1","chr12",106987152,"Island","TSS200;TSS200"
"cg03853227_TC11","CRY1","chr12",107093587,"Island","TSS200"
"cg12758451_BC11","CRY1","chr12",106987225,"Island","TSS200;TSS200"
"cg18038956_BC11","CRY1","chr12",107093234,"Island","exon_1;5UTR"
"cg04213305_TC11","CRY1","chr12",107093206,"Island","exon_1;5UTR"
"cg12281694_TC11","CRY1","chr12",107093934,"Island","TSS1500"
"cg26212496_TC11","CRY1","chr12",107093930,"Island","TSS1500"
"cg16345521_TC11","CRY1","chr12",107093023,"Island","exon_1;5UTR"
"cg24646513_TC21","CRY1","chr12",106986721,"Shore",""
"cg11146884_TC21","CRY1","chr12",107094022,"Island","TSS1500"
"cg27067282_BC21","CRY1","chr12",107094096,"Shore","TSS1500"
"cg21834204_TC21","CRY1","chr12",106987693,"Shore","TSS1500;TSS1500"
"cg20193872_BC21","CRY1","chr12",107094818,"Shore","TSS1500"
"cg03459784_BC21","CRY1","chr12",107094371,"Shore","TSS1500"
"cg07730007_BC21","CRY1","chr12",106983499,"Shelf",""
"cg07870003_BC21","CRY1","chr12",106987297,"Island","TSS200;TSS200"
"cg00442220_TC21","CRY1","chr12",107079937,"OpenSea",""
"cg03073714_BC21","CRY1","chr12",107090578,"Shelf",""
"cg18121829_TC21","CRY1","chr12",106994963,"OpenSea",""
"cg23544168_BC21","CRY1","chr12",107014111,"OpenSea",""
"cg00685115_BC21","CRY1","chr12",107092710,"Shore",""
"cg21935516_BC21","CRY1","chr12",106987927,"Shore","TSS1500;TSS1500"
"cg19047049_BC21","CRY1","chr12",107094416,"Shore","TSS1500"
"cg08756366_BC21","CRY1","chr12",107050438,"OpenSea",""
"cg06233689_TC21","CRY1","chr12",106998998,"OpenSea",""
"cg05296753_TC21","CRY1","chr12",107001921,"OpenSea","exon_4"
"cg18690793_BC21","CRY1","chr12",106999038,"OpenSea",""
"cg02852211_BC21","CRY1","chr12",107093707,"Island","TSS200"
"cg02504447_BC21","CRY1","chr12",106999411,"OpenSea",""
"cg26119123_BC21","CRY1","chr12",107027410,"OpenSea",""
"cg10668648_TC21","CRY1","chr12",106998110,"OpenSea",""
"cg08714901_BC21","CRY1","chr12",107057425,"OpenSea",""
"cg18038274_BC21","CRY1","chr12",106997547,"OpenSea","exon_9"
"cg06205108_TC21","CRY1","chr12",107094435,"Shore","TSS1500"
"cg18038563_BC21","CRY1","chr12",107038571,"OpenSea",""
"cg04423613_BC21","CRY1","chr12",106985589,"Shore",""
"cg26520722_BC21","CRY1","chr12",107092451,"Shore",""
"cg25022611_BC21","CRY1","chr12",106986485,"Shore",""
"cg20259552_BC21","CRY1","chr12",106990903,"Shelf",""
"cg18038255_BC21","CRY1","chr12",106993817,"OpenSea",""
"cg07735826_TC21","CRY1","chr12",106987722,"Shore","TSS1500;TSS1500"
"cg01618083_TC11","CRY2","chr11",45847442,"Island","TSS200"
"cg09847284_TC11","CRY2","chr11",45885520,"Island","TSS200"
"cg22234194_TC11","CRY2","chr11",45847328,"Island","TSS200"
"cg02615000_BC11","CRY2","chr11",45885603,"Island","TSS200"
"cg15719126_TC11","CRY2","chr11",45885596,"Island","TSS200"
"cg17367356_BC11","CRY2","chr11",45885527,"Island","TSS200"
"cg24754334_BC11","CRY2","chr11",45847405,"Island","TSS200"
"cg13762257_TC11","CRY2","chr11",45843349,"Shelf",""
"cg22456085_TC11","CRY2","chr11",45885436,"Shore","TSS1500"
"cg26260819_BC11","CRY2","chr11",45847498,"Island","exon_1"
"cg03491478_BC21","CRY2","chr11",45885363,"Shore","TSS1500"
"cg03568064_BC21","CRY2","chr11",45885949,"Island",""
"cg24691578_BC21","CRY2","chr11",45847937,"Shore",""
"cg23097878_TC21","CRY2","chr11",45858179,"OpenSea",""
"cg24354272_BC21","CRY2","chr11",45846479,"Shore","TSS1500;TSS1500"
"cg26125082_TC21","CRY2","chr11",45846867,"Shore","TSS1500;TSS1500"
"cg07326765_TC21","CRY2","chr11",45846898,"Shore","TSS1500;TSS1500"
"cg14618246_BC21","CRY2","chr11",45866507,"OpenSea",""
"cg07528484_BC21","CRY2","chr11",45886257,"Island",""
"cg07524456_TC21","CRY2","chr11",45846950,"Shore","TSS1500;TSS200"
"cg21002528_TC21","CRY2","chr11",45882203,"Shelf","3UTR;exon_12;3UTR;exon_12"
"cg15812322_BC21","CRY2","chr11",45846847,"Shore","TSS1500;TSS1500"
"cg24305156_BC21","CRY2","chr11",45850385,"Shelf",""
"cg19142399_TC21","CRY2","chr11",45884948,"Shore","TSS1500"
"cg12208899_BC21","CRY2","chr11",45876496,"OpenSea",""
"cg02208899_TC21","CRY2","chr11",45847861,"Island",""
"cg12977328_BC21","CRY2","chr11",45888262,"Shelf",""
"cg21865108_TC21","CRY2","chr11",45873066,"OpenSea",""
"cg24774960_TC21","CRY2","chr11",45885074,"Shore","TSS1500"
"cg20879606_BC21","CRY2","chr11",45847381,"Island","TSS200"
"cg13809236_BC21","CRY2","chr11",45886485,"Shore",""
"cg24361620_TC21","CRY2","chr11",45847236,"Island","5UTR;exon_1;TSS1500"
"cg15675740_BC21","CRY2","chr11",45853066,"OpenSea",""
"cg15616511_TC21","CRY2","chr11",45865864,"OpenSea",""
"cg26742859_TC21","CRY2","chr11",45847219,"Island","5UTR;exon_1;TSS1500"
"cg04200323_TC21","CRY2","chr11",45885518,"Island","TSS200"
"cg11112908_TC21","CRY2","chr11",45861036,"OpenSea",""
"cg25904177_TC21","CRY2","chr11",45863014,"OpenSea",""
"cg21461157_BC21","CRY2","chr11",45884507,"Shore","TSS1500"
"cg13651554_TC21","CRY2","chr11",45884160,"Shore","TSS1500"
"cg15642285_BC21","CRY2","chr11",45884587,"Shore","TSS1500"
"cg05996224_TC21","CRY2","chr11",45847036,"Shore","TSS1500;TSS200"
"cg09659319_TC21","CRY2","chr11",45845934,"Shore","TSS1500"
"cg25736892_BC21","CRY2","chr11",45867360,"OpenSea",""
"cg17409437_BC21","CRY2","chr11",45860891,"OpenSea","exon_4;exon_4"
"cg27649007_TC21","CRY2","chr11",45885419,"Shore","TSS1500"
"cg03070592_BC21","CRY2","chr11",45843174,"OpenSea",""
"cg16280241_BC21","CRY2","chr11",45873297,"OpenSea",""
"cg10114314_BC21","CRY2","chr11",45889865,"Shelf",""
"cg01462418_BC21","CRY2","chr11",45869573,"OpenSea","exon_7;exon_7"
"cg05079837_BC21","CRY2","chr11",45867521,"OpenSea",""
"cg13809236_BC22","CRY2","chr11",45886485,"Shore",""
"cg16280303_TC21","CRY2","chr11",45880619,"OpenSea",""
"cg16280302_TC21","CRY2","chr11",45880506,"OpenSea",""
"cg16280085_BC21","CRY2","chr11",45860127,"OpenSea",""
"cg16280081_TC21","CRY2","chr11",45859977,"OpenSea",""
"cg16280045_TC21","CRY2","chr11",45856534,"OpenSea",""
"cg16280003_BC21","CRY2","chr11",45851483,"Shelf",""
"cg16279982_TC21","CRY2","chr11",45848786,"Shore",""
"cg16279981_BC21","CRY2","chr11",45848777,"Shore",""
"cg16279858_BC21","CRY2","chr11",45843940,"Shelf",""
"cg16279854_BC21","CRY2","chr11",45843849,"Shelf",""
"ch.11.939596F_BC21","CRY2","chr11",45860215,"OpenSea",""
"cg02318454_TC11","CYP11B1","chr8",142879725,"OpenSea","exon_1;exon_1"
"cg21901156_TC21","CYP11B1","chr8",142879875,"OpenSea","TSS200;TSS200"
"cg03516262_BC21","CYP11B1","chr8",142872186,"OpenSea",""
"cg17015994_BC21","CYP11B1","chr8",142879925,"OpenSea","TSS200;TSS200"
"cg01942530_BC21","CYP11B1","chr8",142880098,"OpenSea","TSS1500;TSS1500"
"cg03330425_BC21","CYP11B1","chr8",142879887,"OpenSea","TSS200;TSS200"
"cg20073007_TC21","CYP11B1","chr8",142876969,"OpenSea",""
"cg08389266_TC21","CYP11B1","chr8",142873765,"OpenSea","3UTR;exon_9;3UTR;exon_8"
"cg21298978_BC21","CYP11B1","chr8",142879975,"OpenSea","TSS200;TSS200"
"cg18936261_BC21","CYP11B1","chr8",142880918,"OpenSea","TSS1500;TSS1500"
"cg05874329_TC21","CYP11B1","chr8",142862281,"OpenSea",""
"cg16508499_BC21","CYP11B1","chr8",142880904,"OpenSea","TSS1500;TSS1500"
"cg08888896_TC21","CYP11B1","chr8",142880208,"OpenSea","TSS1500;TSS1500"
"cg10869957_TC11","CYP17A1","chr10",102845523,"OpenSea",""
"cg09201719_TC21","CYP17A1","chr10",102837133,"OpenSea","exon_1"
"cg24934431_BC21","CYP17A1","chr10",102838107,"OpenSea","TSS1500"
"cg04471890_TC21","CYP17A1","chr10",102837678,"OpenSea","TSS1500"
"cg05885577_TC21","CYP17A1","chr10",102837602,"OpenSea","TSS200"
"cg17932736_BC21","CYP17A1","chr10",102832662,"OpenSea","exon_6"
"cg27496231_TC21","CYP17A1","chr10",102831557,"OpenSea","exon_7"
"cg24525156_BC21","CYP17A1","chr10",102832610,"OpenSea","exon_6"
"cg10127942_TC21","CYP17A1","chr10",102837904,"OpenSea","TSS1500"
"cg21330020_TC21","CYP17A1","chr10",102842195,"OpenSea",""
"cg15506069_TC21","CYP17A1","chr10",102831806,"OpenSea",""
"cg15506093_BC21","CYP17A1","chr10",102832604,"OpenSea","exon_6"
"cg10756593_TC21","CYP17A1","chr10",102831487,"OpenSea",""
"cg07809032_BC21","CYP17A1","chr10",102833198,"OpenSea","exon_5"
"cg15506165_TC21","CYP17A1","chr10",102838607,"OpenSea","TSS1500"
"cg04036762_BC21","CYP17A1","chr10",102825307,"OpenSea",""
"cg15506129_BC21","CYP17A1","chr10",102835275,"OpenSea","exon_2"
"cg15506132_TC21","CYP17A1","chr10",102835335,"OpenSea","exon_2"
"cg15506127_BC21","CYP17A1","chr10",102835096,"OpenSea",""
"cg18518485_TC11","CYP21A2","chr6",32043820,"OpenSea","exon_35;exon_35;exon_4"
"cg24376689_TC11","CYP21A2","chr6",32048559,"OpenSea","exon_29;exon_29"
"cg13817395_BC11","CYP21A2","chr6",32047149,"OpenSea","TSS1500"
"cg09474017_TC11","CYP21A2","chr6",32048591,"OpenSea","exon_29;exon_29"
"cg20858622_TC11","CYP21A2","chr6",32047874,"OpenSea","exon_30;exon_30"
"cg11493661_BC11","CYP21A2","chr6",32048462,"OpenSea","exon_29;exon_29"
"cg02553302_BC11","CYP21A2","chr6",32052063,"OpenSea",""
"cg04293778_TC11","CYP21A2","chr6",32048649,"OpenSea","exon_29;exon_29"
"cg19455923_TC11","CYP21A2","chr6",32048336,"OpenSea",""
"cg14757339_BC11","CYP21A2","chr6",32042463,"OpenSea","exon_40;exon_40;exon_9"
"cg16195239_BC11","CYP21A2","chr6",32049247,"OpenSea",""
"cg27537915_TC11","CYP21A2","chr6",32052189,"OpenSea",""
"cg27643910_BC11","CYP21A2","chr6",32043798,"OpenSea","exon_35;exon_35;exon_4"
"cg13739666_BC11","CYP21A2","chr6",32046197,"OpenSea","exon_31;exon_31;TSS200"
"cg24165517_BC11","CYP21A2","chr6",32041506,"OpenSea","exon_10;3UTR;exon_9;3UTR;exon_10;3UTR;exon_9;3UTR"
"cg09115485_TC11","CYP21A2","chr6",32046828,"OpenSea","TSS1500"
"cg02432444_TC11","CYP21A2","chr6",32048437,"OpenSea","exon_29;exon_29"
"cg15786918_TC11","CYP21A2","chr6",32049312,"OpenSea","exon_28;exon_28"
"cg19964491_TC11","CYP21A2","chr6",32048459,"OpenSea","exon_29;exon_29"
"cg15727424_BC21","CYP21A2","chr6",32048323,"OpenSea",""
"cg07481886_BC21","CYP21A2","chr6",32046733,"OpenSea","TSS1500"
"cg09423875_TC21","CYP21A2","chr6",32046886,"OpenSea","TSS1500"
"cg00721819_BC21","CYP21A2","chr6",32048743,"OpenSea",""
"cg15398152_BC21","CYP21A2","chr6",32048758,"OpenSea",""
"cg25375757_BC21","CYP21A2","chr6",32046962,"OpenSea","TSS1500"
"cg13540981_TC21","CYP21A2","chr6",32043729,"OpenSea",""
"cg04182226_BC21","CYP21A2","chr6",32046523,"OpenSea","TSS1500"
"cg22616343_BC21","CYP21A2","chr6",32046604,"OpenSea","TSS1500"
"cg22474130_BC21","CYP21A2","chr6",32049271,"OpenSea","exon_28;exon_28"
"cg07292442_TC21","CYP21A2","chr6",32047936,"OpenSea","exon_30;exon_30"
"cg11554421_TC21","CYP21A2","chr6",32048913,"OpenSea",""
"cg12843528_BC21","CYP21A2","chr6",32049026,"OpenSea",""
"cg13665850_BC21","CYP21A2","chr6",32047398,"OpenSea","TSS1500"
"cg18319635_TC21","CYP21A2","chr6",32048825,"OpenSea",""
"cg02647493_BC21","CYP21A2","chr6",32051265,"OpenSea",""
"cg11325576_BC21","CYP21A2","chr6",32052051,"OpenSea",""
"cg17484510_TC21","CYP21A2","chr6",32047549,"OpenSea","TSS1500"
"cg22321671_BC21","CYP21A2","chr6",32047449,"OpenSea","TSS1500"
"cg20152300_TC21","CYP21A2","chr6",32047612,"OpenSea","TSS1500"
"cg02628680_BC21","CYP21A2","chr6",32047841,"OpenSea","exon_30;exon_30"
"cg19879189_BC21","CYP21A2","chr6",32051401,"OpenSea",""
"cg08845025_BC21","CYP21A2","chr6",32051586,"OpenSea",""
"cg10500474_TC21","CYP21A2","chr6",32048696,"OpenSea",""
"cg05298224_BC21","CYP21A2","chr6",32048583,"OpenSea","exon_29;exon_29"
"cg04841389_TC21","CYP21A2","chr6",32047306,"OpenSea","TSS1500"
"cg07441854_BC21","CYP21A2","chr6",32047116,"OpenSea","TSS1500"
"cg13771753_TC21","CYP21A2","chr6",32048293,"OpenSea",""
"cg08026412_BC21","CYP21A2","chr6",32048901,"OpenSea",""
"cg12286154_TC21","CYP21A2","chr6",32047438,"OpenSea","TSS1500"
"cg15670990_TC21","CYP21A2","chr6",32048338,"OpenSea",""
"cg07520673_BC21","CYP21A2","chr6",32051779,"OpenSea",""
"cg11431261_BC21","CYP21A2","chr6",32047520,"OpenSea","TSS1500"
"cg01716499_TC21","CYP21A2","chr6",32043793,"OpenSea","exon_35;exon_35;exon_4"
"cg02895581_BC21","CYP21A2","chr6",32049744,"OpenSea",""
"cg13409674_BC21","CYP21A2","chr6",32046699,"OpenSea","TSS1500"
"cg23881278_TC11","DRD2","chr11",113475577,"Island","TSS200;TSS200"
"cg20016411_TC11","DRD2","chr11",113474265,"Shore",""
"cg19730798_BC11","DRD2","chr11",113475479,"Island","TSS200;TSS200"
"cg06778429_TC11","DRD2","chr11",113475454,"Island","TSS200;TSS200"
"cg20007462_TC11","DRD2","chr11",113475485,"Island","TSS200;TSS200"
"cg25424123_TC11","DRD2","chr11",113405181,"OpenSea",""
"cg26896904_BC11","DRD2","chr11",113424565,"OpenSea","exon_2;exon_2"
"cg21330703_TC21","DRD2","chr11",113475666,"Shore","TSS1500;TSS1500"
"cg12758687_BC21","DRD2","chr11",113475605,"Island","TSS1500;TSS1500"
"cg10777103_TC21","DRD2","chr11",113474603,"Island",""
"cg22458194_BC21","DRD2","chr11",113474964,"Island",""
"cg21683009_BC21","DRD2","chr11",113475461,"Island","TSS200;TSS200"
"cg12176709_TC21","DRD2","chr11",113475763,"Shore","TSS1500;TSS1500"
"cg10561209_BC21","DRD2","chr11",113399646,"OpenSea","exon_8"
"cg00525373_BC21","DRD2","chr11",113437149,"OpenSea",""
"cg18288412_TC21","DRD2","chr11",113418062,"OpenSea","exon_3;exon_3"
"cg08948964_BC21","DRD2","chr11",113414872,"OpenSea",""
"cg22842860_BC21","DRD2","chr11",113477467,"Shore",""
"cg18248586_TC21","DRD2","chr11",113458304,"OpenSea",""
"cg06399569_BC21","DRD2","chr11",113400282,"OpenSea","exon_8;3UTR"
"cg14485083_BC21","DRD2","chr11",113478778,"Shelf",""
"cg20424531_TC21","DRD2","chr11",113477515,"Shore",""
"cg26132809_TC21","DRD2","chr11",113475706,"Shore","TSS1500;TSS1500"
"cg25022311_BC21","DRD2","chr11",113471585,"Shelf",""
"cg05345697_BC21","DRD2","chr11",113465895,"OpenSea",""
"cg22404572_BC21","DRD2","chr11",113418951,"OpenSea",""
"cg16823554_BC21","DRD2","chr11",113430009,"OpenSea",""
"cg02816192_TC21","DRD2","chr11",113433613,"OpenSea",""
"cg24150631_BC21","DRD2","chr11",113410831,"OpenSea","exon_8;exon_7"
"cg07011596_TC21","DRD2","chr11",113405594,"OpenSea",""
"cg21141217_TC21","DRD2","chr11",113440160,"OpenSea",""
"cg06854495_TC21","DRD2","chr11",113401432,"OpenSea",""
"cg02198192_BC21","DRD2","chr11",113424657,"OpenSea","exon_2;5UTR;exon_2;5UTR"
"cg03608783_BC21","DRD2","chr11",113446398,"OpenSea",""
"cg20794462_BC21","DRD2","chr11",113402219,"OpenSea",""
"cg09729935_TC21","DRD2","chr11",113404000,"OpenSea",""
"cg18184876_BC21","DRD2","chr11",113405171,"OpenSea",""
"cg10565687_TC21","DRD2","chr11",113401035,"OpenSea",""
"cg25370012_BC21","DRD2","chr11",113424573,"OpenSea","exon_2;exon_2"
"cg07838576_BC21","DRD2","chr11",113404726,"OpenSea",""
"cg25028849_TC21","DRD2","chr11",113447884,"OpenSea",""
"cg11323042_BC21","DRD2","chr11",113424804,"OpenSea",""
"cg19804476_BC21","DRD2","chr11",113424787,"OpenSea",""
"cg16906361_BC21","DRD2","chr11",113409166,"OpenSea",""
"cg03695081_BC21","DRD2","chr11",113448379,"OpenSea",""
"cg22196455_TC21","DRD2","chr11",113405288,"OpenSea",""
"cg15571053_BC21","DRD2","chr11",113408477,"OpenSea",""
"cg15215799_BC21","DRD2","chr11",113457174,"OpenSea",""
"cg12813402_BC21","DRD2","chr11",113418913,"OpenSea",""
"cg16906366_BC21","DRD2","chr11",113409620,"OpenSea","3UTR;exon_8;3UTR;exon_7"
"cg17043723_BC21","DRD2","chr11",113399715,"OpenSea","exon_8"
"cg02332042_BC21","DRD2","chr11",113459369,"OpenSea",""
"cg01942285_BC21","DRD2","chr11",113399652,"OpenSea","exon_8"
"cg16906784_BC21","DRD2","chr11",113447205,"OpenSea",""
"cg16906783_TC21","DRD2","chr11",113447193,"OpenSea",""
"cg18147569_TC11","DRD3","chr3",114152768,"Island",""
"cg18852618_BC21","DRD3","chr3",114178889,"OpenSea","5UTR;exon_1;5UTR;exon_1;TSS200"
"cg25836326_BC21","DRD3","chr3",114179762,"OpenSea","TSS1500;TSS1500;TSS1500"
"cg24167473_BC21","DRD3","chr3",114180416,"OpenSea","TSS1500;TSS1500"
"cg24958019_BC21","DRD3","chr3",114208063,"OpenSea",""
"cg04333485_BC21","DRD3","chr3",114152554,"Shore",""
"cg26358350_BC21","DRD3","chr3",114153319,"Shore",""
"cg01845356_TC21","DRD3","chr3",114179721,"OpenSea","TSS1500;TSS1500;TSS1500"
"cg15912040_BC21","DRD3","chr3",114152962,"Island",""
"cg08479865_TC21","DRD3","chr3",114178703,"OpenSea","5UTR;exon_1;5UTR;exon_2;5UTR;exon_1;5UTR;exon_1"
"cg19839507_TC21","DRD3","chr3",114143592,"OpenSea",""
"cg26734779_BC21","DRD3","chr3",114178899,"OpenSea","5UTR;exon_1;5UTR;exon_1;TSS200"
"cg13347937_TC21","DRD3","chr3",114147493,"OpenSea","exon_4;exon_5;exon_5;exon_4"
"cg05368196_TC21","DRD3","chr3",114179382,"OpenSea","TSS1500;TSS1500;TSS1500"
"cg22253817_BC21","DRD3","chr3",114145442,"OpenSea",""
"cg13231894_BC21","DRD3","chr3",114199348,"OpenSea","5UTR;exon_1"
"cg21958664_BC21","DRD3","chr3",114200089,"OpenSea","TSS1500"
"cg02216060_BC21","DRD3","chr3",114153103,"Shore",""
"cg13210784_BC21","DRD3","chr3",114171820,"OpenSea","exon_2;exon_3;exon_3;exon_2"
"cg20487528_BC21","DRD3","chr3",114149066,"Shelf",""
"cg05367864_BC21","DRD3","chr3",114139564,"OpenSea","exon_5;exon_6;exon_6;exon_5"
"cg09102257_TC11","EGR1","chr5",138467413,"Shore","exon_2"
"cg23951277_BC11","EGR1","chr5",138465670,"Island","5UTR;exon_1"
"cg19544946_TC11","EGR1","chr5",138465366,"Island","TSS200"
"cg04616401_TC11","EGR1","chr5",138465421,"Island","TSS200"
"cg24019521_TC11","EGR1","chr5",138465352,"Island","TSS200"
"cg21138501_BC21","EGR1","chr5",138464379,"Island","TSS1500"
"cg26069252_BC21","EGR1","chr5",138464654,"Island","TSS1500"
"cg05229898_BC21","EGR1","chr5",138465654,"Island","5UTR;exon_1"
"cg13009654_TC21","EGR1","chr5",138466563,"Island",""
"cg19729803_TC21","EGR1","chr5",138467673,"Shore","exon_2"
"cg07336840_TC21","EGR1","chr5",138467508,"Shore","exon_2"
"cg26819793_TC21","EGR1","chr5",138465048,"Island","TSS1500"
"cg06771363_BC21","EGR1","chr5",138462340,"Shore",""
"cg08519191_TC21","EGR1","chr5",138458018,"OpenSea",""
"cg22509422_BC21","EGR1","chr5",138461350,"Shelf",""
"cg14798390_BC21","EGR1","chr5",138470334,"Shelf",""
"cg09395034_TC21","EGR1","chr5",138465413,"Island","TSS200"
"cg00850167_TC21","EGR1","chr5",138465090,"Island","TSS1500"
"cg04134935_BC21","EGR1","chr5",138458620,"OpenSea",""
"cg21569576_BC21","EGR1","chr5",138461441,"Shelf",""
"cg22905973_BC21","EGR1","chr5",138476631,"OpenSea",""
"cg08588946_BC21","EGR1","chr5",138459531,"OpenSea",""
"cg08588954_TC21","EGR1","chr5",138460139,"Shelf",""
"cg24458485_TC21","EGR1","chr5",138465087,"Island","TSS1500"
"cg12766556_BC21","EGR1","chr5",138467680,"Shore","exon_2"
"cg08588970_BC21","EGR1","chr5",138462086,"Shore",""
"cg08589302_BC21","EGR1","chr5",138469602,"Shelf",""
"cg08589006_BC21","EGR1","chr5",138463602,"Shore",""
"cg01107476_BC21","EGR1","chr5",138469130,"Shelf","exon_2;3UTR"
"cg10913456_BC11","FKBP5","chr6",35688813,"Island","5UTR;exon_1;5UTR;exon_1;5UTR;exon_1"
"cg00140191_TC11","FKBP5","chr6",35688465,"Island",""
"cg18726036_BC11","FKBP5","chr6",35575833,"OpenSea","3UTR;exon_12;3UTR;exon_11;3UTR;exon_11"
"cg07944278_TC11","FKBP5","chr6",35731648,"Island",""
"cg07843056_BC11","FKBP5","chr6",35689071,"Island","TSS200;TSS200;TSS200"
"cg07485685_BC11","FKBP5","chr6",35728284,"Island",""
"cg15929276_TC11","FKBP5","chr6",35719680,"OpenSea",""
"cg11845071_TC11","FKBP5","chr6",35728082,"Island",""
"cg06937024_BC11","FKBP5","chr6",35727712,"Shore",""
"cg09421975_BC21","FKBP5","chr6",35719572,"OpenSea",""
"cg14284211_BC21","FKBP5","chr6",35602447,"OpenSea",""
"cg25994725_BC21","FKBP5","chr6",35735658,"Shelf","TSS1500;TSS1500;TSS1500"
"cg03546163_BC21","FKBP5","chr6",35686586,"Shore",""
"cg08636224_BC21","FKBP5","chr6",35690144,"Shore","TSS1500;TSS1500;TSS1500"
"cg00862770_BC21","FKBP5","chr6",35687987,"Island",""
"cg21626086_BC21","FKBP5","chr6",35737151,"OpenSea","exon_1;exon_1;exon_1;TSS1500"
"cg00130530_BC21","FKBP5","chr6",35689425,"Shore","TSS1500;TSS1500;TSS1500"
"cg24295963_TC21","FKBP5","chr6",35713643,"OpenSea",""
"cg05741161_BC21","FKBP5","chr6",35731722,"Island",""
"cg17085721_TC21","FKBP5","chr6",35677564,"OpenSea",""
"cg20813374_TC21","FKBP5","chr6",35689403,"Shore","TSS1500;TSS1500;TSS1500"
"cg25114611_TC21","FKBP5","chr6",35729093,"Shore","TSS1500"
"cg04791658_TC21","FKBP5","chr6",35643777,"OpenSea",""
"cg19014730_BC21","FKBP5","chr6",35668208,"OpenSea",""
"cg13719443_TC21","FKBP5","chr6",35732605,"Shore",""
"cg25563198_BC21","FKBP5","chr6",35728949,"Shore","TSS1500"
"cg06087101_TC21","FKBP5","chr6",35584155,"OpenSea","3UTR;exon_7"
"cg08915438_TC21","FKBP5","chr6",35729982,"Shore","TSS1500"
"cg06409316_TC21","FKBP5","chr6",35674693,"OpenSea",""
"cg08586216_TC21","FKBP5","chr6",35644574,"OpenSea",""
"cg16912838_BC21","FKBP5","chr6",35583847,"OpenSea","3UTR;exon_7"
"cg13344434_BC21","FKBP5","chr6",35602796,"OpenSea",""
"cg16012111_TC21","FKBP5","chr6",35688981,"Island","TSS200;TSS200;TSS200"
"cg00610228_TC21","FKBP5","chr6",35728157,"Island",""
"cg03591753_TC21","FKBP5","chr6",35691364,"Shelf",""
"cg23873288_BC21","FKBP5","chr6",35738074,"OpenSea","exon_2;exon_2;exon_2;TSS1500"
"cg14642437_TC21","FKBP5","chr6",35684744,"Shelf",""
"cg02665568_TC21","FKBP5","chr6",35576691,"OpenSea",""
"cg19226017_TC21","FKBP5","chr6",35729408,"Shore","exon_7;TSS1500"
"cg26868354_TC21","FKBP5","chr6",35732175,"Island",""
"cg22211300_TC21","FKBP5","chr6",35737045,"OpenSea","5UTR;exon_1;5UTR;exon_1;5UTR;exon_1;TSS200"
"cg09422170_BC21","FKBP5","chr6",35728523,"Shore","5UTR;exon_1;exon_8"
"cg07061368_BC21","FKBP5","chr6",35663959,"OpenSea",""
"cg10780318_TC21","FKBP5","chr6",35736372,"OpenSea","TSS1500;TSS1500;TSS1500"
"cg01294490_BC21","FKBP5","chr6",35689129,"Shore","TSS1500;TSS1500;TSS1500"
"cg23416081_TC21","FKBP5","chr6",35725796,"Shelf",""
"cg10300814_TC21","FKBP5","chr6",35597339,"OpenSea","exon_7;exon_6;exon_6;exon_6"
"cg01321308_TC21","FKBP5","chr6",35736447,"OpenSea","TSS1500;TSS1500;TSS1500"
"cg18357736_BC21","FKBP5","chr6",35737772,"OpenSea","TSS1500"
"cg22363520_TC21","FKBP5","chr6",35590711,"OpenSea",""
"cg03245912_TC21","FKBP5","chr6",35689263,"Shore","TSS1500;TSS1500;TSS1500"
"cg27545605_TC21","FKBP5","chr6",35640472,"OpenSea",""
"cg16005389_BC21","FKBP5","chr6",35624917,"OpenSea",""
"cg19267626_TC21","FKBP5","chr6",35569376,"OpenSea",""
"cg09421588_TC21","FKBP5","chr6",35690155,"Shore","TSS1500;TSS1500;TSS1500"
"cg07643998_BC21","FKBP5","chr6",35566758,"OpenSea",""
"cg03098337_BC21","FKBP5","chr6",35710204,"OpenSea",""
"cg09421828_BC21","FKBP5","chr6",35706766,"OpenSea",""
"cg18961128_BC21","FKBP5","chr6",35717349,"OpenSea",""
"cg26495008_TC21","FKBP5","chr6",35651462,"OpenSea",""
"cg02837393_BC21","FKBP5","chr6",35702350,"OpenSea",""
"cg23149582_TC21","FKBP5","chr6",35735858,"Shelf","exon_2;TSS1500;TSS1500;TSS1500"
"cg04137760_BC21","FKBP5","chr6",35643834,"OpenSea",""
"cg00767449_TC21","FKBP5","chr6",35605737,"OpenSea",""
"cg16570321_BC21","FKBP5","chr6",35736082,"Shelf","TSS1500;TSS1500;TSS1500"
"cg07498319_TC21","FKBP5","chr6",35722971,"OpenSea",""
"cg08642543_TC21","FKBP5","chr6",35695023,"OpenSea",""
"cg09268536_TC21","FKBP5","chr6",35643799,"OpenSea",""
"cg09421179_BC21","FKBP5","chr6",35663219,"OpenSea",""
"cg06239404_BC21","FKBP5","chr6",35732386,"Shore","exon_5"
"cg01839003_BC21","FKBP5","chr6",35663232,"OpenSea",""
"cg09421989_BC21","FKBP5","chr6",35720307,"OpenSea",""
"cg14339974_BC21","FKBP5","chr6",35719533,"OpenSea",""
"cg09420737_BC21","FKBP5","chr6",35619962,"OpenSea",""
"cg09420697_BC21","FKBP5","chr6",35616384,"OpenSea",""
"cg09420692_TC21","FKBP5","chr6",35616083,"OpenSea",""
"cg09420689_TC21","FKBP5","chr6",35616002,"OpenSea",""
"cg23416081_TC22","FKBP5","chr6",35725796,"Shelf",""
"cg09422376_TC21","FKBP5","chr6",35737904,"OpenSea","TSS1500"
"cg09420221_TC21","FKBP5","chr6",35569222,"OpenSea",""
"cg09422372_TC21","FKBP5","chr6",35737561,"OpenSea","TSS1500"
"cg09422329_BC21","FKBP5","chr6",35734134,"Shore",""
"cg09421989_BC22","FKBP5","chr6",35720307,"OpenSea",""
"cg09420574_BC21","FKBP5","chr6",35606383,"OpenSea",""
"cg07633853_BC21","FKBP5","chr6",35601694,"OpenSea",""
"cg09421233_BC21","FKBP5","chr6",35669563,"OpenSea",""
"cg09421770_TC21","FKBP5","chr6",35702234,"OpenSea",""
"cg07696519_BC21","FKBP5","chr6",35651388,"OpenSea",""
"cg00051179_TC11","GABRA1","chr5",161847689,"OpenSea","TSS1500;TSS1500;TSS200"
"cg23702430_BC11","GABRA1","chr5",161848247,"OpenSea","5UTR;exon_2;5UTR;exon_2;5UTR;exon_1;TSS1500"
"cg12340947_TC11","GABRA1","chr5",161848823,"OpenSea",""
"cg11499618_TC11","GABRA1","chr5",161850222,"OpenSea","TSS1500"
"cg02065387_BC21","GABRA1","chr5",161847301,"OpenSea","5UTR;exon_1;TSS1500;TSS1500;TSS1500"
"cg24523000_TC21","GABRA1","chr5",161846833,"OpenSea","TSS1500;TSS1500;TSS1500"
"cg08066141_TC21","GABRA1","chr5",161847017,"OpenSea","TSS1500;TSS1500;TSS200"
"cg20492597_TC21","GABRA1","chr5",161847075,"OpenSea","TSS1500;TSS1500;TSS1500;TSS200"
"cg19176733_BC21","GABRA1","chr5",161846971,"OpenSea","TSS1500;TSS1500;TSS1500"
"cg01086446_BC21","GABRA1","chr5",161846847,"OpenSea","TSS1500;TSS1500;TSS1500"
"cg01069159_BC21","GABRA1","chr5",161848859,"OpenSea",""
"cg16355785_TC21","GABRA1","chr5",161847745,"OpenSea","5UTR;exon_1;TSS1500;TSS1500"
"cg21757820_BC21","GABRA1","chr5",161858314,"OpenSea",""
"cg25338438_BC21","GABRA1","chr5",161849335,"OpenSea","TSS1500"
"cg00850109_BC21","GABRA1","chr5",161847838,"OpenSea","TSS1500;TSS1500"
"cg05982485_TC21","GABRA1","chr5",161848443,"OpenSea","TSS200"
"cg04525544_TC21","GABRA1","chr5",161847419,"OpenSea","TSS1500;TSS1500;TSS1500"
"cg05044431_TC21","GABRA1","chr5",161848995,"OpenSea",""
"cg24860775_TC21","GABRA1","chr5",161848739,"OpenSea",""
"cg06907391_TC21","GABRA1","chr5",161848132,"OpenSea","5UTR;exon_1;TSS1500"
"cg05144432_TC21","GABRA1","chr5",161848948,"OpenSea",""
"cg24554147_TC21","GABRA1","chr5",161847924,"OpenSea","TSS1500;TSS200"
"cg06418959_TC21","GABRA1","chr5",161848430,"OpenSea","TSS200"
"cg06479604_TC21","GABRA1","chr5",161848117,"OpenSea","TSS1500;TSS200"
"cg02322252_TC21","GABRA1","chr5",161847482,"OpenSea","TSS1500;TSS1500;TSS1500"
"cg02469186_TC21","GABRA1","chr5",161850228,"OpenSea","TSS1500"
"cg24842908_TC21","GABRA1","chr5",161848582,"OpenSea","5UTR;exon_1"
"cg17932405_BC21","GABRA1","chr5",161873052,"OpenSea",""
"cg08798673_TC21","GABRA1","chr5",161847615,"OpenSea","TSS1500;TSS1500;TSS200"
"cg06758369_BC21","GABRA1","chr5",161850554,"OpenSea","TSS200"
"cg18939363_TC21","GABRA1","chr5",161849513,"OpenSea","TSS1500"
"cg15501861_BC21","GABRA1","chr5",161847476,"OpenSea","TSS1500;TSS1500;TSS1500"
"cg22172558_TC21","GABRA1","chr5",161846481,"OpenSea","TSS1500;TSS1500"
"cg02570342_TC21","GABRA1","chr5",161849812,"OpenSea","TSS1500"
"cg07082726_BC21","GABRA1","chr5",161850807,"OpenSea","5UTR;exon_3;5UTR;exon_3;5UTR;exon_2;5UTR;exon_2;5UTR;exon_1"
"cg15169732_TC21","GABRA1","chr5",161849585,"OpenSea","TSS1500"
"cg11092553_TC21","GABRA1","chr5",161848386,"OpenSea","5UTR;exon_2;5UTR;exon_2;5UTR;exon_1;TSS200"
"cg08798843_BC21","GABRA1","chr5",161878267,"OpenSea",""
"cg18643445_TC11","GABRB2","chr5",161547080,"Shore","TSS1500"
"cg16509658_BC11","GABRB2","chr5",161548341,"Island","5UTR;exon_1;5UTR;exon_1"
"cg01138867_BC11","GABRB2","chr5",161548786,"Shore","TSS1500;TSS1500"
"cg01101742_BC11","GABRB2","chr5",161547546,"Shore","TSS1500"
"cg07763047_TC11","GABRB2","chr5",161547831,"Island","TSS1500"
"cg11252048_TC11","GABRB2","chr5",161546998,"Shore","TSS1500"
"cg11042722_TC11","GABRB2","chr5",161548345,"Island","5UTR;exon_1;5UTR;exon_1"
"cg01939681_TC21","GABRB2","chr5",161548018,"Island","TSS1500"
"cg23050361_TC21","GABRB2","chr5",161549411,"Shore","TSS1500;TSS1500"
"cg09482986_TC21","GABRB2","chr5",161549149,"Shore","TSS1500;TSS1500"
"cg05518567_TC21","GABRB2","chr5",161549204,"Shore","TSS1500;TSS1500"
"cg18794976_BC21","GABRB2","chr5",161375604,"OpenSea",""
"cg25986202_TC21","GABRB2","chr5",161545925,"Shore",""
"cg21242208_BC21","GABRB2","chr5",161544788,"Shelf",""
"cg08159065_TC21","GABRB2","chr5",161549272,"Shore","TSS1500;TSS1500"
"cg11676295_TC21","GABRB2","chr5",161382241,"OpenSea",""
"cg10037414_TC21","GABRB2","chr5",161546736,"Shore","exon_2;5UTR;exon_2;5UTR;TSS200"
"cg24171764_BC21","GABRB2","chr5",161547188,"Shore","TSS1500"
"cg06600429_TC21","GABRB2","chr5",161548950,"Shore","TSS1500;TSS1500"
"cg27310319_TC21","GABRB2","chr5",161548972,"Shore","TSS1500;TSS1500"
"cg06056880_BC21","GABRB2","chr5",161290423,"OpenSea","3UTR;exon_10;3UTR;exon_10;3UTR;exon_11"
"cg00524310_BC21","GABRB2","chr5",161546730,"Shore","exon_2;5UTR;exon_2;5UTR;TSS200"
"cg00252615_TC21","GABRB2","chr5",161549277,"Shore","TSS1500;TSS1500"
"cg17673691_TC21","GABRB2","chr5",161326385,"OpenSea","exon_9;exon_10"
"cg21034865_TC21","GABRB2","chr5",161312221,"OpenSea",""
"cg09540344_BC21","GABRB2","chr5",161299364,"OpenSea",""
"cg19971650_BC21","GABRB2","chr5",161546743,"Shore","exon_2;5UTR;exon_2;5UTR;TSS200"
"cg02268227_BC21","GABRB2","chr5",161546994,"Shore","TSS1500"
"cg13282216_TC21","GABRB2","chr5",161302752,"OpenSea",""
"cg05024587_BC21","GABRB2","chr5",161278743,"OpenSea",""
"cg04744597_TC21","GABRB2","chr5",161549191,"Shore","TSS1500;TSS1500"
"cg04055989_BC21","GABRB2","chr5",161548354,"Island","5UTR;exon_1;5UTR;exon_1"
"cg06455418_BC21","GABRB2","chr5",161536089,"OpenSea",""
"cg01543871_BC21","GABRB2","chr5",161414392,"OpenSea",""
"cg15066954_TC21","GABRB2","chr5",161546931,"Shore","TSS1500"
"cg07306063_BC21","GABRB2","chr5",161314130,"OpenSea",""
"cg03199791_BC21","GABRB2","chr5",161545506,"Shelf",""
"cg08796798_BC21","GABRB2","chr5",161544546,"Shelf",""
"cg08796798_BC22","GABRB2","chr5",161544546,"Shelf",""
"cg08795530_TC21","GABRB2","chr5",161306755,"OpenSea",""
"cg08621611_BC11","GRIN2A","chr16",10183397,"Island","TSS1500;TSS1500;TSS1500"
"cg03935060_BC11","GRIN2A","chr16",10178164,"Shore",""
"cg00518386_BC11","GRIN2A","chr16",10183127,"Island","TSS1500;TSS1500;TSS1500"
"cg10675427_TC11","GRIN2A","chr16",10182212,"Island","5UTR;exon_1;TSS200"
"cg04761722_TC11","GRIN2A","chr16",10180458,"Island",""
"cg04933990_TC11","GRIN2A","chr16",10039644,"OpenSea",""
"cg03762483_TC11","GRIN2A","chr16",10180990,"Island",""
"cg05406943_BC11","GRIN2A","chr16",10182077,"Island","5UTR;exon_1;TSS200"
"cg10276272_BC11","GRIN2A","chr16",10177965,"Shelf",""
"cg06299307_BC11","GRIN2A","chr16",10039609,"OpenSea",""
"cg16368442_TC11","GRIN2A","chr16",10182942,"Island","TSS1500;TSS200;TSS1500"
"cg20943121_TC11","GRIN2A","chr16",10182828,"Island","5UTR;exon_1;TSS1500;TSS1500"
"cg14011057_BC11","GRIN2A","chr16",10182944,"Island","TSS1500;TSS200;TSS1500"
"cg10951859_TC11","GRIN2A","chr16",10182512,"Island","TSS200;TSS1500"
"cg25119571_BC11","GRIN2A","chr16",10182573,"Island","TSS200;TSS1500"
"cg00287829_TC11","GRIN2A","chr16",10182518,"Island","TSS200;TSS1500"
"cg06758670_TC11","GRIN2A","chr16",10182526,"Island","TSS200;TSS1500"
"cg07642043_BC11","GRIN2A","chr16",10182817,"Island","5UTR;exon_1;TSS1500;TSS1500"
"cg06880615_BC11","GRIN2A","chr16",9957643,"OpenSea",""
"cg08001123_BC11","GRIN2A","chr16",9849829,"OpenSea","exon_6;exon_5;exon_5"
"cg16783478_TC11","GRIN2A","chr16",9849800,"OpenSea","exon_6;exon_5;exon_5"
"cg09239744_TC11","GRIN2A","chr16",10182723,"Island","5UTR;exon_1;TSS1500;TSS1500"
"cg27644733_TC11","GRIN2A","chr16",9763359,"OpenSea","exon_14;exon_14;exon_13"
"cg01722994_TC21","GRIN2A","chr16",10183460,"Island","TSS1500;TSS1500;TSS1500"
"cg16378117_BC21","GRIN2A","chr16",9763947,"OpenSea","exon_14;exon_13;exon_13"
"cg06922606_TC21","GRIN2A","chr16",10180775,"Island",""
"cg25047001_TC21","GRIN2A","chr16",10183160,"Island","TSS1500;TSS1500;TSS1500"
"cg02415992_TC21","GRIN2A","chr16",10008421,"OpenSea",""
"cg00740198_TC21","GRIN2A","chr16",9758143,"OpenSea","3UTR;3UTR;3UTR;exon_14;exon_14;exon_13"
"cg18391758_BC21","GRIN2A","chr16",10181106,"Island",""
"cg00116766_TC21","GRIN2A","chr16",9763757,"OpenSea","exon_14;exon_13"
"cg09923769_TC21","GRIN2A","chr16",9824431,"OpenSea",""
"cg19390203_BC21","GRIN2A","chr16",10078886,"OpenSea",""
"cg10116505_BC21","GRIN2A","chr16",10180207,"Island","exon_3;exon_2;exon_2"
"cg04498349_TC21","GRIN2A","chr16",10180460,"Island",""
"cg05195889_BC21","GRIN2A","chr16",9846750,"OpenSea",""
"cg08204867_TC21","GRIN2A","chr16",10114569,"OpenSea",""
"cg02585344_TC21","GRIN2A","chr16",10182235,"Island","5UTR;exon_1;TSS200"
"cg24764979_TC21","GRIN2A","chr16",10182743,"Island","5UTR;exon_1;TSS1500;TSS1500"
"cg06829391_BC21","GRIN2A","chr16",9763294,"OpenSea","3UTR;exon_14;exon_14;exon_13"
"cg01344243_TC21","GRIN2A","chr16",9761423,"OpenSea","3UTR;3UTR;3UTR;exon_14;exon_14;exon_13"
"cg03764381_BC21","GRIN2A","chr16",10181553,"Island",""
"cg00534626_BC21","GRIN2A","chr16",9770873,"OpenSea",""
"cg00792185_BC21","GRIN2A","chr16",9762103,"OpenSea","3UTR;3UTR;3UTR;exon_14;exon_14;exon_13"
"cg09622330_BC21","GRIN2A","chr16",10111405,"OpenSea",""
"cg03616148_BC21","GRIN2A","chr16",9817672,"OpenSea",""
"cg04675204_TC21","GRIN2A","chr16",10085914,"OpenSea",""
"cg03015368_TC21","GRIN2A","chr16",9971365,"OpenSea",""
"cg09001143_BC21","GRIN2A","chr16",9763618,"OpenSea","exon_14;exon_13"
"cg06193383_BC21","GRIN2A","chr16",10181910,"Island","5UTR;exon_2;5UTR;exon_1;5UTR;exon_1"
"cg01573710_TC21","GRIN2A","chr16",9759043,"OpenSea","3UTR;3UTR;3UTR;exon_14;exon_14;exon_13"
"cg10025843_TC21","GRIN2A","chr16",9840765,"OpenSea","exon_8;exon_7;exon_7"
"cg12696047_BC21","GRIN2A","chr16",10093493,"OpenSea",""
"cg15984300_BC21","GRIN2A","chr16",9797333,"OpenSea",""
"cg00918743_BC21","GRIN2A","chr16",9970822,"OpenSea",""
"cg13842349_TC21","GRIN2A","chr16",9779098,"OpenSea",""
"cg18056212_BC21","GRIN2A","chr16",10132708,"OpenSea",""
"cg22113540_BC21","GRIN2A","chr16",10031664,"OpenSea",""
"cg09461286_BC21","GRIN2A","chr16",10182224,"Island","5UTR;exon_1;TSS200"
"cg16669395_TC21","GRIN2A","chr16",10114560,"OpenSea",""
"cg16904585_BC21","GRIN2A","chr16",10182262,"Island","5UTR;exon_1;TSS200"
"cg15134033_TC21","GRIN2A","chr16",10180558,"Island",""
"cg13253586_BC21","GRIN2A","chr16",9836707,"OpenSea",""
"cg09828942_BC21","GRIN2A","chr16",10032049,"OpenSea",""
"cg19958582_TC21","GRIN2A","chr16",10013647,"OpenSea",""
"cg22871336_BC21","GRIN2A","chr16",10010030,"OpenSea",""
"cg15562326_TC21","GRIN2A","chr16",9914584,"OpenSea",""
"cg25332095_TC21","GRIN2A","chr16",9906507,"OpenSea",""
"cg18905303_TC21","GRIN2A","chr16",9868853,"OpenSea",""
"cg23963841_TC21","GRIN2A","chr16",10173089,"OpenSea",""
"cg06514283_BC21","GRIN2A","chr16",10032259,"OpenSea",""
"cg18021626_TC21","GRIN2A","chr16",9969698,"OpenSea",""
"cg04940002_BC21","GRIN2A","chr16",9972039,"OpenSea",""
"cg02985145_TC21","GRIN2A","chr16",10032460,"OpenSea",""
"cg13555959_TC21","GRIN2A","chr16",9854989,"OpenSea",""
"cg04628884_BC21","GRIN2A","chr16",9821355,"OpenSea",""
"cg15080528_TC21","GRIN2A","chr16",9946249,"OpenSea",""
"cg09737292_BC21","GRIN2A","chr16",10076045,"OpenSea",""
"cg00528079_BC21","GRIN2A","chr16",9967016,"OpenSea",""
"cg07809360_BC21","GRIN2A","chr16",9971601,"OpenSea",""
"cg06425263_BC21","GRIN2A","chr16",10137082,"OpenSea",""
"cg23894919_BC21","GRIN2A","chr16",9758334,"OpenSea","3UTR;3UTR;3UTR;exon_14;exon_14;exon_13"
"cg08444674_TC21","GRIN2A","chr16",9908846,"OpenSea",""
"cg21117483_BC21","GRIN2A","chr16",10100871,"OpenSea",""
"cg21116332_BC21","GRIN2A","chr16",9970497,"OpenSea",""
"cg14906193_BC21","GRIN2A","chr16",9788021,"OpenSea",""
"cg21116916_BC21","GRIN2A","chr16",10038070,"OpenSea",""
"cg07059115_BC21","GRIN2A","chr16",9914525,"OpenSea",""
"cg03644025_BC21","GRIN2A","chr16",9769148,"OpenSea",""
"cg14793110_BC21","GRIN2A","chr16",9797188,"OpenSea",""
"cg25317255_BC21","GRIN2A","chr16",9797606,"OpenSea",""
"cg21115216_BC21","GRIN2A","chr16",9841007,"OpenSea","exon_7;exon_6;exon_6"
"cg21115813_BC21","GRIN2A","chr16",9914003,"OpenSea",""
"cg07561162_TC21","GRIN2A","chr16",10080560,"OpenSea",""
"cg01348055_TC21","GRIN2A","chr16",10178931,"Shore",""
"cg03866831_BC21","GRIN2A","chr16",9755570,"OpenSea","3UTR;3UTR;3UTR;exon_14;exon_14;exon_13"
"cg04077795_BC21","GRIN2A","chr16",9764068,"OpenSea","exon_14;exon_13;exon_13"
"cg17672070_TC21","GRIN2A","chr16",10031525,"OpenSea",""
"cg21117749_TC21","GRIN2A","chr16",10127146,"OpenSea",""
"cg21117748_TC21","GRIN2A","chr16",10127011,"OpenSea",""
"cg21117745_BC21","GRIN2A","chr16",10126670,"OpenSea",""
"cg21117746_TC21","GRIN2A","chr16",10126736,"OpenSea",""
"cg21117348_TC21","GRIN2A","chr16",10083600,"OpenSea",""
"cg21117347_BC21","GRIN2A","chr16",10083523,"OpenSea",""
"cg04898487_TC21","GRIN2A","chr16",10178750,"Shore",""
"ch.16.9751610F_BC21","GRIN2A","chr16",9750252,"OpenSea",""
"cg15241633_TC11","GRM3","chr7",86786629,"Island","exon_3;exon_3"
"cg24682512_BC21","GRM3","chr7",86648363,"OpenSea",""
"cg14724613_TC21","GRM3","chr7",86644113,"OpenSea","5UTR;exon_1;5UTR;exon_1"
"cg25225238_TC21","GRM3","chr7",86643657,"OpenSea","TSS1500;TSS1500"
"cg15331781_TC21","GRM3","chr7",86645127,"OpenSea",""
"cg20738755_TC21","GRM3","chr7",86644369,"OpenSea","5UTR;exon_1;5UTR;exon_1"
"cg17814180_TC21","GRM3","chr7",86644704,"OpenSea","5UTR;exon_1;5UTR;exon_1"
"cg04062190_TC21","GRM3","chr7",86784122,"Shelf",""
"cg02232377_BC21","GRM3","chr7",86667768,"OpenSea",""
"cg18782491_TC21","GRM3","chr7",86825510,"OpenSea",""
"cg04743945_BC21","GRM3","chr7",86643742,"OpenSea","TSS200;TSS200"
"cg01449218_TC21","GRM3","chr7",86643767,"OpenSea","TSS200;TSS200"
"cg05339056_BC21","GRM3","chr7",86761846,"OpenSea",""
"cg22363670_TC21","GRM3","chr7",86643853,"OpenSea","TSS200;TSS200"
"cg23183497_TC21","GRM3","chr7",86644402,"OpenSea","5UTR;exon_1;5UTR;exon_1"
"cg16669485_BC21","GRM3","chr7",86867723,"OpenSea",""
"cg04894216_TC21","GRM3","chr7",86748563,"OpenSea",""
"cg27073262_TC21","GRM3","chr7",86864476,"OpenSea","exon_6;3UTR;exon_5;3UTR"
"cg02515133_TC21","GRM3","chr7",86786371,"Island","exon_3;exon_3"
"cg00269140_TC21","GRM3","chr7",86760226,"OpenSea",""
"cg24098927_TC21","GRM3","chr7",86643864,"OpenSea","TSS200;TSS200"
"cg01331810_BC21","GRM3","chr7",86784986,"Shore",""
"cg22562461_TC21","GRM3","chr7",86645453,"OpenSea",""
"cg02598335_BC21","GRM3","chr7",86708602,"OpenSea",""
"cg01511379_TC21","GRM3","chr7",86643775,"OpenSea","TSS200;TSS200"
"cg17517849_TC21","GRM3","chr7",86642462,"OpenSea","TSS1500;TSS1500"
"cg24192279_TC21","GRM3","chr7",86786749,"Island","exon_3;exon_3"
"cg11210312_TC21","GRM3","chr7",86846164,"OpenSea",""
"cg17580484_BC21","GRM3","chr7",86769178,"OpenSea",""
"cg05575828_BC21","GRM3","chr7",86786317,"Island","exon_3;exon_3"
"cg00466990_TC21","GRM3","chr7",86786979,"Shore","exon_3;exon_3"
"cg07133389_BC21","GRM3","chr7",86815165,"OpenSea",""
"cg21941633_TC21","GRM3","chr7",86644686,"OpenSea","5UTR;exon_1;5UTR;exon_1"
"cg11345781_TC21","GRM3","chr7",86786903,"Shore","exon_3;exon_3"
"cg00762869_TC21","GRM3","chr7",86644817,"OpenSea","5UTR;exon_1;5UTR;exon_1"
"cg02127692_BC21","GRM3","chr7",86643490,"OpenSea","TSS1500;TSS1500"
"cg09105123_BC21","GRM3","chr7",86777112,"OpenSea",""
"cg26710276_BC21","GRM3","chr7",86745168,"OpenSea",""
"cg19189601_TC21","GRM3","chr7",86776821,"OpenSea",""
"cg21295221_BC21","GRM3","chr7",86786746,"Island","exon_3;exon_3"
"cg01013403_TC21","GRM3","chr7",86645984,"OpenSea",""
"cg07514902_BC21","GRM3","chr7",86776077,"OpenSea",""
"cg14876771_BC21","GRM3","chr7",86786846,"Shore","exon_3;exon_3"
"cg04946588_BC21","GRM3","chr7",86642467,"OpenSea","TSS1500;TSS1500"
"cg08682416_BC21","GRM3","chr7",86846350,"OpenSea",""
"cg11345729_BC21","GRM3","chr7",86784161,"Shelf",""
"cg11346218_BC21","GRM3","chr7",86867526,"OpenSea",""
"cg11346121_TC21","GRM3","chr7",86846807,"OpenSea",""
"cg22555806_TC21","GRM3","chr7",86789105,"Shelf",""
"cg01901411_TC11","HSD11B1","chr1",209743957,"Shelf","TSS1500"
"cg27403618_TC21","HSD11B1","chr1",209734005,"OpenSea",""
"cg01901087_BC21","HSD11B1","chr1",209686465,"OpenSea",""
"cg14139038_BC21","HSD11B1","chr1",209703995,"OpenSea","TSS1500"
"cg04732193_TC21","HSD11B1","chr1",209685236,"OpenSea","TSS1500;TSS1500"
"cg09366519_BC21","HSD11B1","chr1",209704625,"OpenSea","TSS1500"
"cg06828613_TC21","HSD11B1","chr1",209686393,"OpenSea",""
"cg17297831_BC21","HSD11B1","chr1",209725160,"OpenSea","TSS1500"
"cg00312486_TC21","HSD11B1","chr1",209704093,"OpenSea","TSS1500"
"cg16897216_TC21","HSD11B1","chr1",209703492,"OpenSea","TSS1500"
"cg08847382_BC21","HSD11B1","chr1",209679016,"Shelf",""
"cg08865695_BC21","HSD11B1","chr1",209743892,"Shelf","TSS1500"
"cg04484523_BC21","HSD11B1","chr1",209705044,"OpenSea",""
"cg13860928_TC21","HSD11B1","chr1",209742530,"OpenSea","exon_1"
"cg26880525_BC21","HSD11B1","chr1",209704596,"OpenSea","TSS1500"
"cg25471557_TC21","HSD11B1","chr1",209689135,"OpenSea",""
"cg12761518_TC21","HSD11B1","chr1",209685461,"OpenSea","TSS1500;TSS1500"
"cg12065670_BC21","HSD11B1","chr1",209684994,"OpenSea","TSS1500;TSS1500"
"cg13781869_TC21","HSD11B1","chr1",209704269,"OpenSea","TSS1500"
"cg08780327_TC21","HSD11B1","chr1",209724492,"OpenSea","TSS1500"
"cg05112220_TC21","HSD11B1","chr1",209704752,"OpenSea","TSS200"
"cg05401402_BC21","HSD11B1","chr1",209697522,"OpenSea",""
"cg22248789_TC21","HSD11B1","chr1",209685497,"OpenSea","TSS1500;TSS1500"
"cg11926430_BC21","HSD11B1","chr1",209710262,"OpenSea",""
"cg17726275_BC21","HSD11B1","chr1",209692229,"OpenSea",""
"cg10921886_TC21","HSD11B1","chr1",209686005,"OpenSea","TSS200;TSS200"
"cg20191437_BC21","HSD11B1","chr1",209704037,"OpenSea","TSS1500"
"cg08401077_BC21","HSD11B1","chr1",209685201,"OpenSea","TSS1500;TSS1500"
"cg02947427_TC21","HSD11B1","chr1",209724313,"OpenSea","TSS200"
"cg17610535_TC21","HSD11B1","chr1",209724269,"OpenSea","TSS200"
"cg03996090_BC21","HSD11B1","chr1",209685986,"OpenSea","TSS200;TSS200"
"cg06571187_BC21","HSD11B1","chr1",209704778,"OpenSea","TSS200"
"cg01901054_BC21","HSD11B1","chr1",209677826,"Shore",""
"cg01901108_BC21","HSD11B1","chr1",209689754,"OpenSea",""
"cg01901188_BC21","HSD11B1","chr1",209705014,"OpenSea","exon_2;exon_1;exon_2"
"cg02219936_BC21","HSD11B1","chr1",209742713,"OpenSea","TSS200"
"cg01901136_TC21","HSD11B1","chr1",209693036,"OpenSea",""
"cg01901137_BC21","HSD11B1","chr1",209693064,"OpenSea",""
"cg20556751_BC11","HSD11B2","chr16",67430988,"Island","TSS200"
"cg07545640_TC11","HSD11B2","chr16",67430926,"Island","TSS200"
"cg12670061_TC11","HSD11B2","chr16",67431139,"Island","5UTR;exon_1"
"cg16545496_BC11","HSD11B2","chr16",67430619,"Island","TSS1500"
"cg02955911_BC11","HSD11B2","chr16",67430600,"Island","TSS1500"
"cg13753571_TC11","HSD11B2","chr16",67430983,"Island","TSS200"
"cg13678281_BC11","HSD11B2","chr16",67432567,"Shore",""
"cg12790440_TC11","HSD11B2","chr16",67430965,"Island","TSS200"
"cg12081455_TC11","HSD11B2","chr16",67431658,"Shore",""
"cg09647884_TC11","HSD11B2","chr16",67438575,"OpenSea","exon_8"
"cg02600514_TC21","HSD11B2","chr16",67438596,"OpenSea","exon_8"
"cg21640586_BC21","HSD11B2","chr16",67423772,"OpenSea",""
"cg08789908_TC21","HSD11B2","chr16",67430804,"Island","TSS1500"
"cg20981893_TC21","HSD11B2","chr16",67431558,"Island",""
"cg02734600_TC21","HSD11B2","chr16",67433848,"Shelf",""
"cg00771593_BC21","HSD11B2","chr16",67439028,"OpenSea","exon_6"
"cg26954464_TC21","HSD11B2","chr16",67438959,"OpenSea",""
"cg10686375_TC21","HSD11B2","chr16",67430975,"Island","TSS200"
"cg07724674_BC21","HSD11B2","chr16",67431552,"Island",""
"cg02089487_TC21","HSD11B2","chr16",67438604,"OpenSea","exon_8"
"cg01443318_TC21","HSD11B2","chr16",67432357,"Shore",""
"cg27130954_TC21","HSD11B2","chr16",67430428,"Shore","TSS1500"
"cg26624628_BC21","HSD11B2","chr16",67423760,"OpenSea",""
"cg22153516_TC21","HSD11B2","chr16",67441793,"OpenSea",""
"cg21640808_TC21","HSD11B2","chr16",67431674,"Shore",""
"cg04712664_BC21","HSD11B2","chr16",67429999,"Shore","TSS1500"
"cg09236121_TC21","HSD11B2","chr16",67439996,"OpenSea",""
"cg26369930_BC21","HSD11B2","chr16",67441493,"OpenSea",""
"cg23429481_TC21","HSD11B2","chr16",67443540,"OpenSea",""
"cg12612492_BC21","HSD11B2","chr16",67441687,"OpenSea",""
"cg09807841_BC21","HSD11B2","chr16",67436034,"OpenSea","exon_3"
"cg05883442_TC21","HSD11B2","chr16",67442234,"OpenSea",""
"cg04750517_BC21","HSD11B2","chr16",67437269,"OpenSea","exon_5;3UTR"
"cg07231738_TC21","HSD11B2","chr16",67438460,"OpenSea","3UTR;exon_8"
"cg26774927_BC21","HSD11B2","chr16",67444452,"OpenSea",""
"cg21640658_TC21","HSD11B2","chr16",67428175,"Shelf",""
"cg21641066_BC21","HSD11B2","chr16",67445335,"OpenSea",""
"cg21640663_BC21","HSD11B2","chr16",67428354,"Shelf",""
"cg21640662_TC21","HSD11B2","chr16",67428334,"Shelf",""
"cg12983608_TC11","HSP90AA1","chr14",102139910,"Island","5UTR;exon_1;5UTR;exon_1;5UTR;exon_1;5UTR;exon_1;5UTR;exon_1;5UTR;exon_1;5UTR;exon_1;5UTR;exon_1;5UTR;exon_1;5UTR;exon_1;5UTR;exon_1;5UTR;exon_1;5UTR;exon_1;5UTR;exon_1;5UTR;exon_1;5UTR;exon_1;5UTR;exon_1;5UTR;exon_1;5UTR;exon_1;5UTR;exon_1;5UTR;exon_1;5UTR;exon_1;5UTR;exon_1;5UTR;exon_1;5UTR;exon_1;5UTR;exon_1;5UTR;exon_1;5UTR;exon_1;5UTR;exon_1;5UTR;exon_1;5UTR;exon_1;5UTR;exon_1;exon_1;exon_1;exon_1;TSS200"
"cg13797425_BC11","HSP90AA1","chr14",102088640,"Shore",""
"cg04414295_TC11","HSP90AA1","chr14",102139981,"Island","exon_1;exon_1;exon_1;exon_1;exon_1;exon_1;exon_1;exon_1;exon_1;5UTR;exon_1;exon_1;5UTR;exon_1;5UTR;exon_1;5UTR;exon_1;5UTR;exon_1;5UTR;exon_1;5UTR;exon_1;5UTR;exon_1;5UTR;exon_1;5UTR;exon_1;5UTR;exon_1;5UTR;exon_1;5UTR;exon_1;5UTR;exon_1;5UTR;exon_1;5UTR;exon_1;exon_1;exon_1;exon_1;exon_1;exon_1;exon_1;exon_1;exon_1;exon_1;TSS1500"
"cg01145559_TC11","HSP90AA1","chr14",102139492,"Island","exon_1;5UTR;5UTR;exon_1;5UTR;exon_1;5UTR;exon_1;5UTR;exon_1;TSS1500;TSS1500;TSS1500;TSS1500;TSS1500;TSS1500;TSS1500;TSS1500;TSS1500;TSS1500;TSS1500;TSS1500;TSS1500;TSS1500;TSS1500;TSS1500;TSS1500;TSS1500;TSS1500;TSS1500;TSS1500;TSS1500;TSS1500;TSS1500;TSS1500;TSS1500;TSS1500;TSS1500;TSS1500;TSS1500;TSS1500;TSS1500;TSS1500;TSS1500;TSS1500"
"cg21410754_BC11","HSP90AA1","chr14",102087339,"Island","TSS1500"
"cg06320026_BC11","HSP90AA1","chr14",102139724,"Island","exon_1;5UTR;5UTR;exon_1;5UTR;exon_1;5UTR;exon_1;5UTR;exon_1;TSS200;TSS200;TSS200;TSS200;TSS200;TSS200;TSS200;TSS200;TSS200;TSS200;TSS200;TSS200;TSS200;TSS200;TSS200;TSS200;TSS200;TSS200;TSS200;TSS200;TSS200;TSS200;TSS200;TSS200;TSS200;TSS200;TSS200;TSS200;TSS200;TSS200;TSS200;TSS200;TSS200;TSS200;TSS200"
"cg17053483_TC11","HSP90AA1","chr14",102087343,"Island","TSS1500"
"cg24513967_TC11","HSP90AA1","chr14",102139881,"Island","TSS200;TSS200;TSS200;TSS200;TSS200;TSS200;TSS200;TSS200;TSS200;TSS200;TSS200;TSS200;TSS200;TSS200;TSS200;TSS200;TSS200;TSS200;TSS200;TSS200;TSS200;TSS200;TSS200;TSS200;TSS200;TSS200;TSS200;TSS200;TSS200;TSS200;TSS200;TSS200;TSS200;TSS200;TSS200;TSS200"
"cg13263472_BC11","HSP90AA1","chr14",102126819,"OpenSea",""
"cg23268892_BC11","HSP90AA1","chr14",102087094,"Island","TSS200"
"cg06798479_BC11","HSP90AA1","chr14",102086870,"Island",""
"cg19986967_TC11","HSP90AA1","chr14",102079265,"OpenSea",""
"cg19986955_TC11","HSP90AA1","chr14",102078623,"OpenSea",""
"cg10833014_BC21","HSP90AA1","chr14",102139615,"Island","exon_1;5UTR;5UTR;exon_1;5UTR;exon_1;5UTR;exon_1;5UTR;exon_1;TSS1500;TSS1500;TSS1500;TSS1500;TSS1500;TSS1500;TSS1500;TSS1500;TSS1500;TSS1500;TSS1500;TSS1500;TSS1500;TSS1500;TSS1500;TSS1500;TSS1500;TSS1500;TSS1500;TSS1500;TSS1500;TSS1500;TSS1500;TSS1500;TSS1500;TSS1500;TSS1500;TSS1500;TSS1500;TSS1500;TSS1500;TSS1500;TSS1500;TSS1500;TSS1500"
"cg18412984_BC21","HSP90AA1","chr14",102138385,"Shore","TSS1500;TSS1500;TSS1500;TSS1500"
"cg04281268_BC21","HSP90AA1","chr14",102139956,"Island","exon_1;exon_1;exon_1;exon_1;exon_1;exon_1;exon_1;exon_1;exon_1;5UTR;exon_1;exon_1;5UTR;exon_1;5UTR;exon_1;5UTR;exon_1;5UTR;exon_1;5UTR;exon_1;5UTR;exon_1;5UTR;exon_1;5UTR;exon_1;5UTR;exon_1;5UTR;exon_1;5UTR;exon_1;5UTR;exon_1;5UTR;exon_1;5UTR;exon_1;5UTR;exon_1;exon_1;exon_1;exon_1;exon_1;exon_1;exon_1;exon_1;exon_1;exon_1;TSS1500"
"cg05412906_TC21","HSP90AA1","chr14",102096443,"OpenSea",""
"cg23289024_BC21","HSP90AA1","chr14",102088509,"Shore","TSS1500"
"cg02015261_BC21","HSP90AA1","chr14",102125930,"OpenSea",""
"cg21735344_TC21","HSP90AA1","chr14",102086923,"Island",""
"cg05557516_TC21","HSP90AA1","chr14",102071793,"OpenSea",""
"cg12921795_TC21","HSP90AA1","chr14",102139604,"Island","exon_1;5UTR;5UTR;exon_1;5UTR;exon_1;5UTR;exon_1;5UTR;exon_1;TSS1500;TSS1500;TSS1500;TSS1500;TSS1500;TSS1500;TSS1500;TSS1500;TSS1500;TSS1500;TSS1500;TSS1500;TSS1500;TSS1500;TSS1500;TSS1500;TSS1500;TSS1500;TSS1500;TSS1500;TSS1500;TSS1500;TSS1500;TSS1500;TSS1500;TSS1500;TSS1500;TSS1500;TSS1500;TSS1500;TSS1500;TSS1500;TSS1500;TSS1500;TSS1500"
"cg14893857_TC21","HSP90AA1","chr14",102088632,"Shore",""
"cg23904247_BC21","HSP90AA1","chr14",102088489,"Shore","TSS1500"
"cg16328540_TC21","HSP90AA1","chr14",102086393,"Island",""
"cg25043643_BC21","HSP90AA1","chr14",102142937,"Shelf",""
"cg26174539_TC21","HSP90AA1","chr14",102139931,"Island","exon_1;exon_1;exon_1;exon_1;exon_1;exon_1;exon_1;exon_1;exon_1;5UTR;exon_1;exon_1;5UTR;exon_1;5UTR;exon_1;5UTR;exon_1;5UTR;exon_1;5UTR;exon_1;5UTR;exon_1;5UTR;exon_1;5UTR;exon_1;5UTR;exon_1;5UTR;exon_1;5UTR;exon_1;5UTR;exon_1;5UTR;exon_1;5UTR;exon_1;5UTR;exon_1;exon_1;exon_1;exon_1;exon_1;exon_1;exon_1;exon_1;exon_1;exon_1;TSS200"
"cg02930969_TC21","HSP90AA1","chr14",102140844,"Shore","TSS1500"
"cg07030774_TC21","HSP90AA1","chr14",102139509,"Island","exon_1;5UTR;5UTR;exon_1;5UTR;exon_1;5UTR;exon_1;5UTR;exon_1;TSS1500;TSS1500;TSS1500;TSS1500;TSS1500;TSS1500;TSS1500;TSS1500;TSS1500;TSS1500;TSS1500;TSS1500;TSS1500;TSS1500;TSS1500;TSS1500;TSS1500;TSS1500;TSS1500;TSS1500;TSS1500;TSS1500;TSS1500;TSS1500;TSS1500;TSS1500;TSS1500;TSS1500;TSS1500;TSS1500;TSS1500;TSS1500;TSS1500;TSS1500;TSS1500"
"cg24202477_BC21","HSP90AA1","chr14",102141009,"Shore","TSS1500"
"cg04491860_TC21","HSP90AA1","chr14",102139669,"Island","exon_1;5UTR;5UTR;exon_1;5UTR;exon_1;5UTR;exon_1;5UTR;exon_1;TSS1500;TSS1500;TSS1500;TSS1500;TSS1500;TSS1500;TSS1500;TSS1500;TSS1500;TSS1500;TSS1500;TSS1500;TSS1500;TSS1500;TSS1500;TSS1500;TSS1500;TSS1500;TSS1500;TSS1500;TSS1500;TSS1500;TSS1500;TSS1500;TSS1500;TSS1500;TSS1500;TSS1500;TSS1500;TSS1500;TSS1500;TSS1500;TSS1500;TSS1500;TSS1500"
"cg02977278_BC21","HSP90AA1","chr14",102103253,"OpenSea",""
"cg23047611_BC21","HSP90AA1","chr14",102086446,"Island",""
"cg02791829_TC21","HSP90AA1","chr14",102097878,"OpenSea",""
"cg25915410_TC21","HSP90AA1","chr14",102085724,"Shore",""
"cg06740650_BC21","HSP90AA1","chr14",102085680,"Shore",""
"cg12734329_BC21","HSP90AA1","chr14",102096650,"OpenSea",""
"cg15325186_BC21","HSP90AA1","chr14",102095880,"OpenSea",""
"cg19987400_BC21","HSP90AA1","chr14",102094831,"OpenSea",""
"cg19987424_BC21","HSP90AA1","chr14",102096758,"OpenSea",""
"cg19987405_BC21","HSP90AA1","chr14",102095096,"OpenSea",""
"cg11789371_BC21","HSP90AA1","chr14",102085048,"Shore",""
"cg05085587_BC21","HSP90AA1","chr14",102140272,"Island","TSS1500"
"cg15313936_TC21","HSP90AA1","chr14",102142137,"Shore",""
"cg13416283_TC21","HSP90AA1","chr14",102087730,"Island","TSS1500"
"cg13684553_BC21","HSP90AA1","chr14",102139928,"Island","exon_1;exon_1;exon_1;exon_1;exon_1;exon_1;exon_1;exon_1;exon_1;5UTR;exon_1;exon_1;5UTR;exon_1;5UTR;exon_1;5UTR;exon_1;5UTR;exon_1;5UTR;exon_1;5UTR;exon_1;5UTR;exon_1;5UTR;exon_1;5UTR;exon_1;5UTR;exon_1;5UTR;exon_1;5UTR;exon_1;5UTR;exon_1;5UTR;exon_1;5UTR;exon_1;exon_1;exon_1;exon_1;exon_1;exon_1;exon_1;exon_1;exon_1;exon_1;TSS200"
"cg19988100_BC21","HSP90AA1","chr14",102139267,"Island","exon_1;TSS1500;TSS1500;TSS1500;TSS1500;TSS1500;TSS1500;TSS1500;TSS1500;TSS1500;TSS1500;TSS1500;TSS1500;TSS1500;TSS1500;TSS1500;TSS1500;TSS1500;TSS1500;TSS1500;TSS1500;TSS1500;TSS1500;TSS1500;TSS1500;TSS1500;TSS1500;TSS1500;TSS1500;TSS1500;TSS1500;TSS1500;TSS1500;TSS200;TSS200;TSS200;TSS200;TSS1500;TSS1500;TSS1500"
"cg19988099_TC21","HSP90AA1","chr14",102139264,"Island","exon_1;TSS1500;TSS1500;TSS1500;TSS1500;TSS1500;TSS1500;TSS1500;TSS1500;TSS1500;TSS1500;TSS1500;TSS1500;TSS1500;TSS1500;TSS1500;TSS1500;TSS1500;TSS1500;TSS1500;TSS1500;TSS1500;TSS1500;TSS1500;TSS1500;TSS1500;TSS1500;TSS1500;TSS1500;TSS1500;TSS1500;TSS1500;TSS1500;TSS200;TSS200;TSS200;TSS200;TSS1500;TSS1500;TSS1500"
"cg19986980_BC21","HSP90AA1","chr14",102080340,"OpenSea",""
"cg19986978_BC21","HSP90AA1","chr14",102080300,"OpenSea",""
"cg19986964_BC21","HSP90AA1","chr14",102079203,"OpenSea",""
"cg19986954_TC21","HSP90AA1","chr14",102078596,"OpenSea",""
"cg19986825_TC21","HSP90AA1","chr14",102071378,"OpenSea",""
"cg19986824_BC21","HSP90AA1","chr14",102071336,"OpenSea",""
"cg20453394_TC11","HTR1A","chr5",63959455,"Island","3UTR;exon_1"
"cg23448729_TC11","HTR1A","chr5",63960458,"Shore","exon_1"
"cg27615388_TC11","HTR1A","chr5",63961265,"Island","exon_1"
"cg09698471_TC11","HTR1A","chr5",63962020,"Island","exon_1;5UTR"
"cg10588470_BC11","HTR1A","chr5",63960792,"Island","exon_1"
"cg05040472_TC11","HTR1A","chr5",63959860,"Shore","3UTR;exon_1"
"cg12523924_TC11","HTR1A","chr5",63959532,"Island","3UTR;exon_1"
"cg13666507_BC21","HTR1A","chr5",63962114,"Shore","exon_1;5UTR"
"cg04427003_TC21","HTR1A","chr5",63961672,"Island","exon_1"
"cg01020744_TC21","HTR1A","chr5",63960061,"Shore","3UTR;exon_1"
"cg08259925_TC21","HTR1A","chr5",63961986,"Island","exon_1;5UTR"
"cg10198270_BC21","HTR1A","chr5",63962484,"Shore","TSS200"
"cg02266732_BC21","HTR1A","chr5",63961883,"Island","exon_1;5UTR"
"cg11432303_TC21","HTR1A","chr5",63963231,"Shore","TSS1500"
"cg00221070_TC21","HTR1A","chr5",63959978,"Shore","3UTR;exon_1"
"cg24813736_TC21","HTR1A","chr5",63959218,"Island","3UTR;exon_1"
"cg16280141_BC21","HTR1A","chr5",63961926,"Island","exon_1;5UTR"
"cg17386123_BC21","HTR1A","chr5",63961526,"Island","exon_1"
"cg08764163_TC21","HTR1A","chr5",63962941,"Shore","TSS1500"
"cg07839533_TC21","HTR1A","chr5",63962058,"Island","exon_1;5UTR"
"cg15092168_TC21","HTR1A","chr5",63962046,"Island","exon_1;5UTR"
"cg04799838_BC21","HTR1A","chr5",63961099,"Island","exon_1"
"cg10485633_BC21","HTR1A","chr5",63957789,"Shore",""
"cg04694812_TC21","HTR1A","chr5",63961727,"Island","exon_1;5UTR"
"cg11615755_BC21","HTR1A","chr5",63962040,"Island","exon_1;5UTR"
"cg09845914_BC21","HTR1A","chr5",63956966,"Shelf",""
"cg20598238_TC21","HTR1A","chr5",63962956,"Shore","TSS1500"
"cg27420687_BC21","HTR1A","chr5",63962765,"Shore","TSS1500"
"cg16807523_BC21","HTR1A","chr5",63962607,"Shore","TSS200"
"cg24118521_TC11","HTR2A","chr13",46898195,"OpenSea","TSS1500;TSS1500;TSS200"
"cg12367389_BC11","HTR2A","chr13",46894019,"OpenSea",""
"cg19311535_TC21","HTR2A","chr13",46905547,"OpenSea",""
"cg16977383_TC21","HTR2A","chr13",46831206,"OpenSea",""
"cg20102280_BC21","HTR2A","chr13",46896658,"OpenSea",""
"cg02250787_BC21","HTR2A","chr13",46896854,"OpenSea","5UTR;exon_1;5UTR;exon_1"
"cg00308665_BC21","HTR2A","chr13",46895519,"OpenSea","exon_2;exon_2"
"cg23881368_BC21","HTR2A","chr13",46898208,"OpenSea","TSS1500;TSS1500;TSS200"
"cg07075299_TC21","HTR2A","chr13",46898225,"OpenSea","TSS1500;TSS1500;TSS200"
"cg03147723_BC21","HTR2A","chr13",46896219,"OpenSea","exon_2;5UTR;exon_2;5UTR"
"cg27068143_BC21","HTR2A","chr13",46897129,"OpenSea","TSS200;TSS200"
"cg09361691_BC21","HTR2A","chr13",46897034,"OpenSea","5UTR;exon_1;5UTR;exon_1"
"cg05506829_TC21","HTR2A","chr13",46898214,"OpenSea","TSS1500;TSS1500;TSS200"
"cg11514288_BC21","HTR2A","chr13",46897062,"OpenSea","TSS200;TSS200"
"cg16188532_BC21","HTR2A","chr13",46896955,"OpenSea","5UTR;exon_1;5UTR;exon_1"
"cg15894389_TC21","HTR2A","chr13",46896722,"OpenSea","5UTR;exon_1;5UTR;exon_1"
"cg06020661_TC21","HTR2A","chr13",46898003,"OpenSea","5UTR;exon_1;TSS1500;TSS1500"
"cg20559070_BC21","HTR2A","chr13",46850936,"OpenSea","TSS1500;TSS1500"
"cg02027079_TC21","HTR2A","chr13",46897570,"OpenSea","TSS1500;TSS1500"
"cg01192538_BC21","HTR2A","chr13",46897915,"OpenSea","TSS1500;TSS1500"
"cg18200810_TC21","HTR2A","chr13",46898065,"OpenSea","5UTR;exon_1;TSS1500;TSS1500"
"cg06476131_BC21","HTR2A","chr13",46896917,"OpenSea","5UTR;exon_1;5UTR;exon_1"
"cg14059288_BC21","HTR2A","chr13",46894105,"OpenSea",""
"cg00154848_BC21","HTR2A","chr13",46844636,"OpenSea",""
"cg15247499_BC21","HTR2A","chr13",46851715,"OpenSea","TSS1500;TSS1500"
"cg05834951_BC21","HTR2A","chr13",46851827,"OpenSea","TSS1500;TSS1500"
"cg15524383_TC21","HTR2A","chr13",46866298,"OpenSea",""
"cg06256185_TC21","HTR2A","chr13",46855563,"OpenSea",""
"cg17344495_BC21","HTR2A","chr13",46831761,"OpenSea","3UTR;exon_4;3UTR;exon_3;3UTR;exon_4"
"cg06155163_BC21","HTR2A","chr13",46852160,"OpenSea","exon_1;exon_1"
"cg18708561_BC21","HTR2A","chr13",46871091,"OpenSea",""
"cg18806082_BC21","HTR2A","chr13",46894515,"OpenSea",""
"cg09394608_TC21","HTR2A","chr13",46898294,"OpenSea","TSS1500;TSS1500;TSS1500"
"cg01620540_TC21","HTR2A","chr13",46897929,"OpenSea","TSS1500;TSS1500"
"cg15692052_BC21","HTR2A","chr13",46898115,"OpenSea","TSS1500;TSS1500;TSS200"
"cg10323433_BC21","HTR2A","chr13",46897427,"OpenSea","TSS1500;TSS1500"
"cg09798090_BC21","HTR2A","chr13",46898005,"OpenSea","5UTR;exon_1;TSS1500;TSS1500"
"cg23735699_TC21","HTR2A","chr13",46850532,"OpenSea",""
"cg20509117_BC11","IL6","chr7",22727695,"OpenSea","TSS200"
"cg15703690_TC21","IL6","chr7",22727373,"OpenSea",""
"cg01770232_TC21","IL6","chr7",22726536,"OpenSea","exon_2;TSS1500;TSS1500;TSS1500"
"cg02335517_TC21","IL6","chr7",22728819,"OpenSea","TSS1500"
"cg05265849_BC21","IL6","chr7",22727771,"OpenSea","TSS200"
"cg13104385_BC21","IL6","chr7",22727765,"OpenSea","TSS200"
"cg02201050_BC21","IL6","chr7",22719464,"OpenSea",""
"cg26759814_BC21","IL6","chr7",22723740,"OpenSea",""
"cg07998387_TC21","IL6","chr7",22727952,"OpenSea","TSS1500"
"cg09840472_BC21","IL6","chr7",22724778,"OpenSea",""
"cg00087425_TC21","IL6","chr7",22727210,"OpenSea","5UTR;exon_1;5UTR;exon_1;5UTR;exon_1"
"cg04917860_BC21","IL6","chr7",22717516,"OpenSea",""
"cg05472934_BC21","IL6","chr7",22727038,"OpenSea","TSS200;TSS200;TSS200"
"cg10140158_BC21","IL6","chr7",22726131,"OpenSea","exon_2;TSS1500;TSS1500;TSS1500"
"cg17067544_TC21","IL6","chr7",22725702,"OpenSea","exon_2;TSS1500;TSS1500;TSS1500"
"cg26061582_TC21","IL6","chr7",22726590,"OpenSea","exon_2;TSS1500;TSS1500;TSS1500"
"cg09687175_BC21","IL6","chr7",22724409,"OpenSea",""
"cg14049858_BC21","IL6","chr7",22732605,"OpenSea",""
"cg04934757_TC21","IL6","chr7",22724411,"OpenSea",""
"cg00175482_TC21","IL6","chr7",22726104,"OpenSea","exon_2;TSS1500;TSS1500;TSS1500"
"cg02391394_BC21","IL6","chr7",22718327,"OpenSea",""
"cg02554338_TC21","IL6","chr7",22717777,"OpenSea",""
"cg24061425_BC21","IL6","chr7",22722434,"OpenSea",""
"cg03601896_TC21","IL6","chr7",22727219,"OpenSea","5UTR;exon_1;5UTR;exon_1;5UTR;exon_1"
"cg07892940_BC21","IL6","chr7",22723466,"OpenSea",""
"cg21785978_BC21","IL6","chr7",22727082,"OpenSea","TSS200;TSS200;TSS200"
"cg17444561_BC11","MC2R","chr18",13915601,"OpenSea","TSS200"
"cg00335286_TC21","MC2R","chr18",13916356,"OpenSea","TSS1500;TSS1500"
"cg11564670_TC21","MC2R","chr18",13915007,"OpenSea",""
"cg13187423_BC21","MC2R","chr18",13890541,"OpenSea",""
"cg20494779_TC21","MC2R","chr18",13916114,"OpenSea","TSS1500;TSS1500"
"cg05667256_TC21","MC2R","chr18",13915584,"OpenSea","TSS200"
"cg26344168_TC21","MC2R","chr18",13884970,"OpenSea","exon_2;exon_2"
"cg25924472_TC21","MC2R","chr18",13884153,"OpenSea","3UTR;exon_2;3UTR;exon_2"
"cg24922596_TC21","MC2R","chr18",13915574,"OpenSea","TSS200"
"cg22624572_TC21","MC2R","chr18",13886088,"OpenSea",""
"cg12343754_TC21","MC2R","chr18",13895862,"OpenSea",""
"cg17828058_BC21","MC2R","chr18",13909312,"OpenSea",""
"cg14829190_BC21","MC2R","chr18",13893807,"OpenSea",""
"cg05924080_TC21","MC2R","chr18",13874749,"OpenSea",""
"cg08578419_TC21","MC2R","chr18",13886970,"OpenSea",""
"cg16500026_BC21","MC2R","chr18",13892133,"OpenSea",""
"cg22364075_TC21","MC2R","chr18",13916463,"OpenSea","TSS1500;TSS1500"
"cg22434252_BC21","MC2R","chr18",13916536,"OpenSea","TSS1500;TSS1500"
"cg04228045_TC21","MC2R","chr18",13889916,"OpenSea",""
"cg08211506_BC21","MC2R","chr18",13925382,"OpenSea",""
"cg23286015_BC21","MC2R","chr18",13890596,"OpenSea",""
"cg23285896_BC21","MC2R","chr18",13879562,"OpenSea",""
"cg02578350_BC21","MC2R","chr18",13925658,"OpenSea",""
"cg03664443_TC21","MC2R","chr18",13916331,"OpenSea","TSS1500;TSS1500"
"cg24026230_BC11","NR3C1","chr5",143405607,"Shore","TSS1500;TSS1500;TSS1500;TSS1500;TSS1500"
"cg14558428_BC11","NR3C1","chr5",143405417,"Island","TSS1500;TSS1500;TSS1500;TSS200;TSS1500"
"cg27122725_TC11","NR3C1","chr5",143402158,"Shore",""
"cg17860381_BC11","NR3C1","chr5",143404004,"Island","5UTR;exon_1;TSS1500;TSS1500;TSS1500;TSS1500;TSS1500;TSS1500;TSS1500;TSS1500;TSS1500;TSS1500;TSS1500;TSS1500;TSS1500"
"cg15910486_BC11","NR3C1","chr5",143404056,"Island","5UTR;exon_1;TSS1500;TSS1500;TSS1500;TSS1500;TSS1500;TSS1500;TSS1500;TSS1500;TSS1500;TSS1500;TSS1500;TSS1500;TSS1500"
"cg18068240_BC11","NR3C1","chr5",143404278,"Island","TSS1500;TSS1500;TSS1500;TSS1500;TSS1500;TSS1500;TSS1500;TSS1500;TSS1500;TSS1500;TSS1500;TSS1500;TSS1500;TSS200"
"cg18019515_BC11","NR3C1","chr5",143403820,"Island","TSS200;TSS1500;TSS1500;TSS200;TSS200;TSS200;TSS200;TSS200;TSS200;TSS200;TSS200;TSS200;TSS200"
"cg17617527_TC11","NR3C1","chr5",143402850,"Island","5UTR;exon_1;5UTR;exon_1"
"cg06968181_BC11","NR3C1","chr5",143404758,"Island","TSS1500;TSS1500;TSS1500;TSS1500;TSS1500;TSS1500;TSS1500;TSS1500;TSS1500;TSS1500;TSS1500;TSS1500;TSS1500;TSS1500;TSS1500;TSS1500;TSS1500"
"cg16335926_BC11","NR3C1","chr5",143404897,"Island","TSS1500;TSS1500;TSS1500;TSS1500;TSS1500;TSS1500;TSS1500;TSS1500;TSS1500;TSS1500;TSS1500;TSS1500;TSS1500;TSS1500;TSS1500"
"cg00629244_TC11","NR3C1","chr5",143403814,"Island","TSS200;TSS1500;TSS1500;TSS200;TSS200;TSS200;TSS200;TSS200;TSS200;TSS200;TSS200;TSS200;TSS200"
"cg21209684_BC11","NR3C1","chr5",143404283,"Island","TSS1500;TSS1500;TSS1500;TSS1500;TSS1500;TSS1500;TSS1500;TSS1500;TSS1500;TSS1500;TSS1500;TSS1500;TSS1500;TSS200"
"cg14939152_TC11","NR3C1","chr5",143404266,"Island","TSS1500;TSS1500;TSS1500;TSS1500;TSS1500;TSS1500;TSS1500;TSS1500;TSS1500;TSS1500;TSS1500;TSS1500;TSS1500;TSS200"
"cg01967637_BC11","NR3C1","chr5",143404454,"Island","5UTR;exon_1;5UTR;exon_1;exon_1;TSS1500;TSS1500;TSS1500;TSS1500;TSS1500;TSS1500;TSS1500;TSS1500;TSS1500;TSS1500;TSS1500;TSS1500;TSS1500;TSS1500"
"cg19135245_TC11","NR3C1","chr5",143404622,"Island","TSS1500;TSS1500;TSS1500;TSS1500;TSS1500;TSS1500;TSS1500;TSS1500;TSS1500;TSS1500;TSS1500;TSS1500;TSS1500;TSS1500;TSS200;TSS200;TSS200"
"cg15645634_TC11","NR3C1","chr5",143404074,"Island","5UTR;exon_1;TSS1500;TSS1500;TSS1500;TSS1500;TSS1500;TSS1500;TSS1500;TSS1500;TSS1500;TSS1500;TSS1500;TSS1500;TSS1500"
"cg06952416_BC11","NR3C1","chr5",143402171,"Shore",""
"cg06952416_BC12","NR3C1","chr5",143402171,"Shore",""
"cg06952416_BC13","NR3C1","chr5",143402171,"Shore",""
"cg08652028_BC21","NR3C1","chr5",143434671,"OpenSea","5UTR;exon_1;5UTR;exon_1"
"cg08652029_TC21","NR3C1","chr5",143434885,"OpenSea","5UTR;exon_1;TSS200"
"cg08818984_TC21","NR3C1","chr5",143435262,"OpenSea","5UTR;exon_1;5UTR;exon_1;TSS1500"
"cg16219186_BC21","NR3C1","chr5",143400966,"Shore",""
"cg08423118_TC21","NR3C1","chr5",143429045,"OpenSea",""
"cg27107893_BC21","NR3C1","chr5",143396709,"OpenSea",""
"cg07528216_TC21","NR3C1","chr5",143409211,"Shelf",""
"cg13648501_TC21","NR3C1","chr5",143405693,"Shore","TSS1500;TSS1500;TSS1500;TSS1500;TSS1500"
"cg22233604_TC21","NR3C1","chr5",143349812,"OpenSea",""
"cg13764763_BC21","NR3C1","chr5",143405936,"Shore","TSS1500;TSS1500;TSS1500;TSS1500"
"cg18718518_BC21","NR3C1","chr5",143405890,"Shore","TSS1500;TSS1500;TSS1500;TSS1500"
"cg25579735_BC21","NR3C1","chr5",143427606,"OpenSea",""
"cg20598211_BC21","NR3C1","chr5",143382889,"OpenSea",""
"cg21702128_BC21","NR3C1","chr5",143405156,"Island","5UTR;exon_1;TSS1500;TSS1500;TSS1500;TSS1500;TSS1500;TSS1500;TSS1500;TSS1500;TSS1500;TSS1500;TSS1500;TSS1500;TSS1500;TSS1500;TSS1500"
"cg25535999_TC21","NR3C1","chr5",143377747,"OpenSea",""
"cg18849621_TC21","NR3C1","chr5",143404817,"Island","TSS1500;TSS1500;TSS1500;TSS1500;TSS1500;TSS1500;TSS1500;TSS1500;TSS1500;TSS1500;TSS1500;TSS1500;TSS1500;TSS1500;TSS1500"
"cg26720913_BC21","NR3C1","chr5",143435369,"OpenSea","5UTR;exon_1;5UTR;exon_1;5UTR;exon_1;TSS1500"
"cg12466613_BC21","NR3C1","chr5",143435904,"OpenSea","TSS1500;TSS1500;TSS1500;TSS1500"
"cg06521673_BC21","NR3C1","chr5",143402507,"Island",""
"cg04111177_TC21","NR3C1","chr5",143404042,"Island","5UTR;exon_1;TSS1500;TSS1500;TSS1500;TSS1500;TSS1500;TSS1500;TSS1500;TSS1500;TSS1500;TSS1500;TSS1500;TSS1500;TSS1500"
"cg23273257_BC21","NR3C1","chr5",143279263,"OpenSea","3UTR;exon_9;3UTR;exon_9;3UTR;exon_9;3UTR;exon_9;3UTR;exon_9;3UTR;exon_9;3UTR;exon_9;3UTR;exon_9;3UTR;exon_9;3UTR;exon_9;3UTR;exon_9;3UTR;exon_9;3UTR;exon_9;3UTR;exon_9;3UTR;exon_9;3UTR;exon_9;3UTR;exon_9;3UTR;exon_10;3UTR;exon_9;3UTR;exon_9;exon_8"
"cg03857453_TC21","NR3C1","chr5",143350348,"OpenSea",""
"cg11152298_BC21","NR3C1","chr5",143403818,"Island","TSS200;TSS1500;TSS1500;TSS200;TSS200;TSS200;TSS200;TSS200;TSS200;TSS200;TSS200;TSS200;TSS200"
"cg10847032_BC21","NR3C1","chr5",143404957,"Island","TSS1500;TSS1500;TSS1500;TSS1500;TSS1500;TSS1500;TSS1500;TSS1500;TSS1500;TSS1500;TSS1500;TSS1500;TSS1500;TSS1500;TSS1500"
"cg07733851_TC21","NR3C1","chr5",143401933,"Shore",""
"cg07589972_TC21","NR3C1","chr5",143435898,"OpenSea","TSS1500;TSS1500;TSS1500;TSS1500"
"cg19457823_BC21","NR3C1","chr5",143313396,"OpenSea",""
"cg18998365_BC21","NR3C1","chr5",143401967,"Shore",""
"cg18146873_TC21","NR3C1","chr5",143403262,"Island","5UTR;exon_1;5UTR;exon_1;5UTR;exon_1;5UTR;exon_1;5UTR;exon_1;5UTR;exon_1;5UTR;exon_1;5UTR;exon_1;5UTR;exon_1;5UTR;exon_1;5UTR;exon_1;5UTR;exon_1;5UTR;exon_1"
"cg18484679_TC21","NR3C1","chr5",143360749,"OpenSea",""
"cg27345592_BC21","NR3C1","chr5",143406840,"Shore","TSS1500"
"cg16586394_TC21","NR3C1","chr5",143377446,"OpenSea",""
"cg15115787_BC21","NR3C1","chr5",143351136,"OpenSea",""
"cg01751279_TC21","NR3C1","chr5",143414359,"OpenSea",""
"cg12741214_TC21","NR3C1","chr5",143316054,"OpenSea",""
"cg15740681_BC21","NR3C1","chr5",143273501,"OpenSea",""
"cg23776787_BC21","NR3C1","chr5",143434750,"OpenSea","5UTR;exon_1;5UTR;exon_1"
"cg23430507_BC21","NR3C1","chr5",143418810,"OpenSea",""
"cg08166768_BC21","NR3C1","chr5",143372551,"OpenSea",""
"cg13514002_TC21","NR3C1","chr5",143297727,"OpenSea",""
"cg00294552_TC21","NR3C1","chr5",143400921,"Shore",""
"cg14438279_TC21","NR3C1","chr5",143426778,"OpenSea",""
"cg24801588_BC21","NR3C1","chr5",143310293,"OpenSea",""
"cg19432243_TC21","NR3C1","chr5",143391192,"OpenSea",""
"cg07715663_BC21","NR3C1","chr5",143342231,"OpenSea",""
"cg24052866_TC21","NR3C1","chr5",143347905,"OpenSea",""
"cg21979215_BC21","NR3C1","chr5",143436242,"OpenSea","TSS1500;TSS1500;TSS1500;TSS1500"
"cg22402730_BC21","NR3C1","chr5",143404603,"Island","TSS1500;TSS1500;TSS1500;TSS1500;TSS1500;TSS1500;TSS1500;TSS1500;TSS1500;TSS1500;TSS1500;TSS1500;TSS1500;TSS1500;TSS200;TSS200;TSS200"
"cg07515400_TC21","NR3C1","chr5",143404713,"Island","TSS1500;TSS1500;TSS1500;TSS1500;TSS1500;TSS1500;TSS1500;TSS1500;TSS1500;TSS1500;TSS1500;TSS1500;TSS1500;TSS1500;TSS1500;TSS1500;TSS1500"
"cg26081259_TC21","NR3C1","chr5",143280117,"OpenSea","3UTR;exon_9;3UTR;exon_9;3UTR;exon_9;3UTR;exon_9;3UTR;exon_9;3UTR;exon_9;3UTR;exon_9;3UTR;exon_9;3UTR;exon_9;3UTR;exon_9;3UTR;exon_9;3UTR;exon_9;3UTR;exon_9;3UTR;exon_9;3UTR;exon_9;3UTR;exon_9;3UTR;exon_10;3UTR;exon_9;3UTR;exon_9;exon_8"
"cg16224829_BC21","NR3C1","chr5",143413133,"OpenSea",""
"cg20728768_BC21","NR3C1","chr5",143317029,"OpenSea",""
"cg16535116_TC21","NR3C1","chr5",143390047,"OpenSea",""
"cg03906910_TC21","NR3C1","chr5",143434823,"OpenSea","5UTR;exon_1;TSS200"
"cg19176661_TC21","NR3C1","chr5",143338984,"OpenSea",""
"cg14621978_BC21","NR3C1","chr5",143355673,"OpenSea",""
"cg00407401_TC21","NR3C1","chr5",143311394,"OpenSea",""
"cg07742588_BC21","NR3C1","chr5",143400874,"Shore",""
"cg19820298_BC21","NR3C1","chr5",143391217,"OpenSea",""
"cg15374100_TC21","NR3C1","chr5",143271674,"OpenSea",""
"cg25708981_BC21","NR3C1","chr5",143318303,"OpenSea",""
"cg08651931_BC21","NR3C1","chr5",143419734,"OpenSea",""
"cg08651424_BC21","NR3C1","chr5",143377615,"OpenSea",""
"cg16594263_BC21","NR3C1","chr5",143388483,"OpenSea",""
"cg08651947_BC21","NR3C1","chr5",143421914,"OpenSea",""
"cg08651335_BC21","NR3C1","chr5",143363397,"OpenSea",""
"cg05483455_BC21","NR3C1","chr5",143383048,"OpenSea",""
"cg08650751_BC21","NR3C1","chr5",143276473,"OpenSea",""
"cg17349736_BC21","NR3C1","chr5",143422764,"OpenSea",""
"cg03746860_BC21","NR3C1","chr5",143379810,"OpenSea",""
"cg05900547_TC21","NR3C1","chr5",143390226,"OpenSea",""
"cg01294526_TC21","NR3C1","chr5",143436852,"OpenSea","TSS1500;TSS1500;TSS1500"
"cg13373360_TC11","NR3C2","chr4",148443729,"Island","TSS1500;TSS1500;TSS1500"
"cg14381972_TC11","NR3C2","chr4",148444190,"Island",""
"cg27304079_TC11","NR3C2","chr4",148442760,"Island","TSS1500;TSS1500;TSS1500"
"cg07202928_BC11","NR3C2","chr4",148445439,"Island","TSS1500"
"cg11580341_BC21","NR3C2","chr4",148442617,"Island","TSS1500;TSS1500;TSS1500"
"cg13996731_BC21","NR3C2","chr4",148442370,"Island","5UTR;exon_1;5UTR;exon_1;exon_1"
"cg20140452_TC21","NR3C2","chr4",148442563,"Island","TSS200;TSS200;TSS200"
"cg10621979_BC21","NR3C2","chr4",148444672,"Island","5UTR;exon_1"
"cg05437692_BC21","NR3C2","chr4",148441283,"Shore",""
"cg26035844_TC21","NR3C2","chr4",148145763,"OpenSea",""
"cg23650353_TC21","NR3C2","chr4",148072492,"OpenSea","exon_23;3UTR"
"cg21783716_BC21","NR3C2","chr4",148145736,"OpenSea",""
"cg11239219_BC21","NR3C2","chr4",148444735,"Island","TSS200"
"cg24396090_TC21","NR3C2","chr4",148146425,"OpenSea",""
"cg07651033_TC21","NR3C2","chr4",148437891,"OpenSea",""
"cg22391185_BC21","NR3C2","chr4",148443637,"Island","TSS1500;TSS1500;TSS1500"
"cg27225476_TC21","NR3C2","chr4",148354390,"OpenSea",""
"cg26054404_TC21","NR3C2","chr4",148442670,"Island","TSS1500;TSS1500;TSS1500"
"cg10002915_BC21","NR3C2","chr4",148448023,"Shelf",""
"cg10590842_BC21","NR3C2","chr4",148162804,"OpenSea",""
"cg10207656_BC21","NR3C2","chr4",148098375,"OpenSea",""
"cg27460943_BC21","NR3C2","chr4",148441657,"Shore",""
"cg02534661_TC21","NR3C2","chr4",148443391,"Island","TSS1500;TSS1500;TSS1500"
"cg07275757_BC21","NR3C2","chr4",148268822,"OpenSea",""
"cg15247500_TC21","NR3C2","chr4",148070766,"OpenSea",""
"cg24450582_BC21","NR3C2","chr4",148445105,"Island","TSS1500"
"cg19491599_BC21","NR3C2","chr4",148079456,"OpenSea","3UTR;exon_9;3UTR;exon_8;3UTR;exon_8;exon_7"
"cg12841684_TC21","NR3C2","chr4",148330616,"OpenSea",""
"cg13000004_TC21","NR3C2","chr4",148152942,"OpenSea",""
"cg06669759_TC21","NR3C2","chr4",148441678,"Shore",""
"cg16692923_BC21","NR3C2","chr4",148443548,"Island","TSS1500;TSS1500;TSS1500"
"cg04424630_BC21","NR3C2","chr4",148442626,"Island","TSS1500;TSS1500;TSS1500"
"cg05075176_TC21","NR3C2","chr4",148441609,"Shore",""
"cg24525872_BC21","NR3C2","chr4",148442526,"Island","TSS200;TSS200;TSS200"
"cg10288772_BC21","NR3C2","chr4",148442309,"Island","5UTR;exon_1;5UTR;exon_1;exon_1"
"cg06843189_BC21","NR3C2","chr4",148217168,"OpenSea",""
"cg01516788_BC21","NR3C2","chr4",148146363,"OpenSea",""
"cg09160032_BC21","NR3C2","chr4",148425868,"OpenSea",""
"cg06240648_BC21","NR3C2","chr4",148368610,"OpenSea",""
"cg27234800_TC21","NR3C2","chr4",148195460,"OpenSea",""
"cg10073316_TC21","NR3C2","chr4",148438116,"Shelf",""
"cg04867484_BC21","NR3C2","chr4",148376317,"OpenSea",""
"cg13157799_TC21","NR3C2","chr4",148270839,"OpenSea",""
"cg21701890_TC21","NR3C2","chr4",148173481,"OpenSea",""
"cg19650300_TC21","NR3C2","chr4",148436808,"OpenSea","exon_2;exon_2;exon_2;exon_2"
"cg07335874_TC21","NR3C2","chr4",148215356,"OpenSea",""
"cg01896848_BC21","NR3C2","chr4",148444724,"Island","TSS200"
"cg25672354_BC21","NR3C2","chr4",148201232,"OpenSea",""
"cg09238384_TC21","NR3C2","chr4",148437047,"OpenSea",""
"cg22482155_TC21","NR3C2","chr4",148444721,"Island","TSS200"
"cg00328411_TC21","NR3C2","chr4",148284465,"OpenSea",""
"cg01576854_TC21","NR3C2","chr4",148442298,"Island","5UTR;exon_1;5UTR;exon_1;exon_1"
"cg09143276_BC21","NR3C2","chr4",148145367,"OpenSea",""
"cg17253842_TC21","NR3C2","chr4",148426839,"OpenSea",""
"cg07200645_TC21","NR3C2","chr4",148146429,"OpenSea",""
"cg10993059_TC21","NR3C2","chr4",148201911,"OpenSea",""
"cg12946179_TC21","NR3C2","chr4",148437665,"OpenSea",""
"cg07200718_TC21","NR3C2","chr4",148154898,"OpenSea","exon_5"
"cg19496136_TC21","NR3C2","chr4",148415613,"OpenSea",""
"cg08264907_BC21","NR3C2","chr4",148222893,"OpenSea",""
"cg23920442_BC21","NR3C2","chr4",148444310,"Island",""
"cg01117572_BC21","NR3C2","chr4",148444556,"Island","5UTR;exon_1"
"cg07200798_BC21","NR3C2","chr4",148166828,"OpenSea",""
"cg07200796_BC21","NR3C2","chr4",148166764,"OpenSea",""
"cg07200793_BC21","NR3C2","chr4",148166469,"OpenSea",""
"cg07201140_BC21","NR3C2","chr4",148214686,"OpenSea",""
"cg07201070_BC21","NR3C2","chr4",148203683,"OpenSea",""
"cg20489898_BC11","NTRK2","chr9",84670344,"Island","TSS200;TSS200"
"cg18800854_BC11","NTRK2","chr9",84670564,"Island","5UTR;exon_4;5UTR;exon_2;5UTR;exon_2;5UTR;exon_4;5UTR;exon_4;5UTR;exon_3;5UTR;exon_2;5UTR;exon_2;5UTR;exon_3;5UTR;exon_1;5UTR;exon_2;5UTR;exon_2;5UTR;exon_4;5UTR;exon_3;5UTR;exon_4;5UTR;exon_4;5UTR;exon_3;5UTR;exon_2;5UTR;exon_2;5UTR;exon_2;5UTR;exon_1;5UTR;exon_2"
"cg13723118_TC11","NTRK2","chr9",84669807,"Island","5UTR;exon_3;5UTR;exon_1;5UTR;exon_3;5UTR;exon_3;5UTR;exon_2;5UTR;exon_1;5UTR;exon_3;5UTR;exon_3;5UTR;exon_3;5UTR;exon_1;TSS1500;TSS1500;TSS1500;TSS1500"
"cg04671253_TC11","NTRK2","chr9",84668451,"Island","TSS1500;TSS1500;TSS1500;TSS1500;TSS1500;TSS200;TSS200;TSS200;TSS200;TSS200;TSS200;TSS200;TSS200;TSS200;TSS200;TSS200;TSS200;TSS200"
"cg10652491_TC11","NTRK2","chr9",84670588,"Island","5UTR;exon_4;5UTR;exon_2;5UTR;exon_2;5UTR;exon_4;5UTR;exon_4;5UTR;exon_3;5UTR;exon_2;5UTR;exon_2;5UTR;exon_3;5UTR;exon_1;5UTR;exon_2;5UTR;exon_2;5UTR;exon_4;5UTR;exon_3;5UTR;exon_4;5UTR;exon_4;5UTR;exon_3;5UTR;exon_2;5UTR;exon_2;5UTR;exon_2;5UTR;exon_1;5UTR;exon_2"
"cg13849090_TC11","NTRK2","chr9",84697748,"OpenSea",""
"cg14531834_BC21","NTRK2","chr9",85041073,"OpenSea",""
"cg13626246_BC21","NTRK2","chr9",85009027,"OpenSea",""
"cg09539438_BC21","NTRK2","chr9",84668874,"Island","TSS1500;TSS1500;TSS1500;TSS1500;TSS1500;TSS1500;TSS1500;TSS1500;TSS1500"
"cg22402007_TC21","NTRK2","chr9",84667908,"Shore","TSS1500;TSS1500;TSS1500;TSS1500;TSS1500;TSS1500;TSS1500;TSS1500;TSS1500;TSS1500;TSS1500;TSS1500;TSS1500;TSS1500;TSS1500"
"cg03628748_BC21","NTRK2","chr9",84670218,"Island","5UTR;exon_1;5UTR;exon_1;TSS200;TSS200"
"cg08470639_TC21","NTRK2","chr9",84670271,"Island","TSS200;TSS200"
"cg09171763_TC21","NTRK2","chr9",84970614,"OpenSea",""
"cg10043652_TC21","NTRK2","chr9",84670571,"Island","5UTR;exon_4;5UTR;exon_2;5UTR;exon_2;5UTR;exon_4;5UTR;exon_4;5UTR;exon_3;5UTR;exon_2;5UTR;exon_2;5UTR;exon_3;5UTR;exon_1;5UTR;exon_2;5UTR;exon_2;5UTR;exon_4;5UTR;exon_3;5UTR;exon_4;5UTR;exon_4;5UTR;exon_3;5UTR;exon_2;5UTR;exon_2;5UTR;exon_2;5UTR;exon_1;5UTR;exon_2"
"cg13504245_BC21","NTRK2","chr9",84667695,"Shore","TSS1500;TSS1500;TSS1500;TSS1500;TSS1500;TSS1500;TSS1500;TSS1500;TSS1500;TSS1500;TSS1500;TSS1500;TSS1500"
"cg01292475_TC21","NTRK2","chr9",84669656,"Island","TSS1500;TSS1500;TSS1500;TSS1500;TSS200;TSS200;TSS200"
"cg13654445_TC21","NTRK2","chr9",85021468,"OpenSea","exon_18;3UTR;exon_19;3UTR;exon_18;3UTR;exon_17;3UTR;exon_17;3UTR;exon_18;3UTR;exon_19;3UTR"
"cg13698224_BC21","NTRK2","chr9",84694479,"OpenSea",""
"cg27267507_TC21","NTRK2","chr9",84670786,"Island","exon_4;exon_2;exon_2;exon_4;exon_4;exon_3;exon_2;exon_2;exon_3;exon_1;exon_2;exon_2;exon_4;exon_3;exon_4;exon_4;exon_3;exon_2;exon_2;exon_2;exon_1;exon_2;TSS1500;TSS1500;TSS1500"
"cg21060123_TC21","NTRK2","chr9",84789166,"OpenSea",""
"cg02728979_BC21","NTRK2","chr9",84701805,"OpenSea",""
"cg15340382_BC21","NTRK2","chr9",84669401,"Island","5UTR;exon_2;5UTR;exon_2;5UTR;exon_2;5UTR;exon_2;5UTR;exon_2;5UTR;exon_2;5UTR;exon_2;5UTR;exon_2;5UTR;exon_2;5UTR;exon_1;5UTR;exon_1;TSS1500;TSS1500;TSS1500;TSS1500;TSS1500;TSS1500;TSS1500"
"cg21103728_TC21","NTRK2","chr9",84702165,"OpenSea","exon_5;exon_3;exon_3;exon_5;exon_5;exon_4;exon_3;exon_3;5UTR;exon_2;5UTR;exon_2;exon_4;exon_2;exon_3;exon_3;exon_5;exon_4;exon_5;exon_5;exon_4;exon_3;exon_3;exon_3;exon_2;5UTR;exon_2;5UTR;exon_2;exon_3"
"cg13620631_BC21","NTRK2","chr9",84874613,"OpenSea","exon_15;3UTR;exon_16;3UTR;exon_16;3UTR;exon_13;3UTR"
"cg14447193_BC21","NTRK2","chr9",84818949,"OpenSea",""
"cg09926027_BC21","NTRK2","chr9",84670778,"Island","exon_4;exon_2;exon_2;exon_4;exon_4;exon_3;exon_2;exon_2;exon_3;exon_1;exon_2;exon_2;exon_4;exon_3;exon_4;exon_4;exon_3;exon_2;exon_2;exon_2;exon_1;exon_2;TSS1500;TSS1500;TSS1500"
"cg01009697_BC21","NTRK2","chr9",84668555,"Island","5UTR;exon_1;5UTR;exon_1;5UTR;exon_1;5UTR;exon_1;5UTR;exon_1;5UTR;exon_1;5UTR;exon_1;5UTR;exon_1;5UTR;exon_1;5UTR;exon_1;5UTR;exon_1;5UTR;exon_1;5UTR;exon_1;TSS1500;TSS1500;TSS1500;TSS1500;TSS1500;TSS1500;TSS1500"
"cg04016867_TC21","NTRK2","chr9",84754875,"OpenSea",""
"cg26191960_BC21","NTRK2","chr9",84744504,"OpenSea",""
"cg16964439_BC21","NTRK2","chr9",84672092,"Shore","5UTR;exon_1;5UTR;exon_1;5UTR;exon_1"
"cg00630322_BC21","NTRK2","chr9",84669016,"Island","TSS1500;TSS1500;TSS1500;TSS1500;TSS1500;TSS1500;TSS1500;TSS1500;TSS1500"
"cg23910073_BC21","NTRK2","chr9",84709649,"OpenSea",""
"cg09450275_BC21","NTRK2","chr9",84954735,"OpenSea",""
"cg25710507_BC21","NTRK2","chr9",84670832,"Shore","exon_4;exon_2;exon_2;exon_4;exon_4;exon_3;exon_2;exon_2;exon_3;exon_1;exon_2;exon_2;exon_4;exon_3;exon_4;exon_4;exon_3;exon_2;exon_2;exon_2;exon_1;exon_2;TSS1500;TSS1500;TSS1500"
"cg00886225_TC21","NTRK2","chr9",84759468,"OpenSea",""
"cg23205551_TC21","NTRK2","chr9",84823851,"OpenSea",""
"cg13118735_BC21","NTRK2","chr9",84967662,"OpenSea",""
"cg24555451_BC21","NTRK2","chr9",84752008,"OpenSea","exon_14;exon_12;exon_12;exon_14;exon_14;exon_13;exon_12;exon_11;exon_11;exon_11;exon_13;exon_11;exon_12;exon_12;exon_14;exon_13;exon_14;exon_14;exon_13;exon_12;exon_12;exon_12;exon_11;exon_11;exon_11;exon_9;exon_12"
"cg25888138_BC21","NTRK2","chr9",84782769,"OpenSea",""
"cg06880832_BC21","NTRK2","chr9",84667866,"Shore","TSS1500;TSS1500;TSS1500;TSS1500;TSS1500;TSS1500;TSS1500;TSS1500;TSS1500;TSS1500;TSS1500;TSS1500;TSS1500;TSS1500;TSS1500"
"cg24698222_TC21","NTRK2","chr9",84712196,"OpenSea",""
"cg06660935_BC21","NTRK2","chr9",84781865,"OpenSea",""
"cg23166374_TC21","NTRK2","chr9",84669514,"Island","TSS1500;TSS1500;TSS1500;TSS1500;TSS1500;TSS1500;TSS200"
"cg16771344_TC21","NTRK2","chr9",84667882,"Shore","TSS1500;TSS1500;TSS1500;TSS1500;TSS1500;TSS1500;TSS1500;TSS1500;TSS1500;TSS1500;TSS1500;TSS1500;TSS1500;TSS1500;TSS1500"
"cg08004835_TC21","NTRK2","chr9",84850775,"OpenSea",""
"cg08423686_BC21","NTRK2","chr9",84697162,"OpenSea",""
"cg26865872_TC21","NTRK2","chr9",84750673,"OpenSea",""
"cg09912325_TC21","NTRK2","chr9",85068041,"OpenSea",""
"cg15509461_TC21","NTRK2","chr9",84946247,"OpenSea",""
"cg12108202_BC21","NTRK2","chr9",84748551,"OpenSea",""
"cg13127973_BC21","NTRK2","chr9",85078247,"OpenSea",""
"cg02661311_TC21","NTRK2","chr9",84671977,"Shore","TSS200;TSS200;TSS200"
"cg13851477_BC21","NTRK2","chr9",85005431,"OpenSea",""
"cg04684218_TC21","NTRK2","chr9",84668521,"Island","TSS1500;TSS1500;TSS1500;TSS1500;TSS1500;TSS200;TSS200;TSS200;TSS200;TSS200;TSS200;TSS200;TSS200;TSS200;TSS200;TSS200;TSS200;TSS200"
"cg01786630_BC21","NTRK2","chr9",84669564,"Island","TSS1500;TSS1500;TSS1500;TSS1500;TSS200;TSS200;TSS200"
"cg00905895_BC21","NTRK2","chr9",85069337,"OpenSea",""
"cg09440862_BC21","NTRK2","chr9",84669724,"Island","5UTR;exon_3;5UTR;exon_1;5UTR;exon_3;5UTR;exon_3;5UTR;exon_2;5UTR;exon_3;5UTR;exon_3;5UTR;exon_3;TSS1500;TSS1500;TSS1500;TSS1500;TSS200;TSS200"
"cg03616755_BC21","NTRK2","chr9",84669712,"Island","5UTR;exon_3;5UTR;exon_1;5UTR;exon_3;5UTR;exon_3;5UTR;exon_2;5UTR;exon_3;5UTR;exon_3;TSS1500;TSS1500;TSS1500;TSS1500;TSS200;TSS200"
"cg13849771_BC21","NTRK2","chr9",84786752,"OpenSea",""
"cg13851101_BC21","NTRK2","chr9",84954257,"OpenSea",""
"cg00638344_BC21","NTRK2","chr9",84701848,"OpenSea",""
"cg15733849_BC21","NTRK2","chr9",84672079,"Shore","TSS200;TSS200;TSS200"
"cg13851404_BC21","NTRK2","chr9",84996411,"OpenSea",""
"cg00132384_BC21","NTRK2","chr9",84669510,"Island","TSS1500;TSS1500;TSS1500;TSS1500;TSS1500;TSS1500;TSS200"
"cg13849201_BC21","NTRK2","chr9",84711680,"OpenSea",""
"cg13850960_BC21","NTRK2","chr9",84933217,"OpenSea",""
"cg09781034_BC21","NTRK2","chr9",84731795,"OpenSea",""
"cg03319208_BC21","NTRK2","chr9",84702195,"OpenSea","exon_5;exon_3;exon_3;exon_5;exon_5;exon_4;exon_3;exon_3;5UTR;exon_2;5UTR;exon_2;exon_4;exon_2;exon_3;exon_3;exon_5;exon_4;exon_5;exon_5;exon_4;exon_3;exon_3;exon_3;exon_2;5UTR;exon_2;5UTR;exon_2;exon_3"
"cg13702024_BC21","NTRK2","chr9",84766561,"OpenSea",""
"cg13849354_BC21","NTRK2","chr9",84731160,"OpenSea",""
"cg15737609_BC21","NTRK2","chr9",85005412,"OpenSea",""
"cg13848734_BC21","NTRK2","chr9",84668541,"Island","5UTR;exon_1;5UTR;exon_1;5UTR;exon_1;5UTR;exon_1;5UTR;exon_1;5UTR;exon_1;5UTR;exon_1;5UTR;exon_1;5UTR;exon_1;5UTR;exon_1;5UTR;exon_1;5UTR;exon_1;5UTR;exon_1;TSS1500;TSS1500;TSS1500;TSS1500;TSS1500;TSS1500;TSS1500"
"cg13849122_BC21","NTRK2","chr9",84701929,"OpenSea",""
"cg13848920_BC21","NTRK2","chr9",84673940,"Shelf",""
"cg13850350_BC21","NTRK2","chr9",84858982,"OpenSea",""
"cg13850341_BC21","NTRK2","chr9",84857855,"OpenSea",""
"cg13850978_TC21","NTRK2","chr9",84937048,"OpenSea",""
"cg13850970_TC21","NTRK2","chr9",84934211,"OpenSea","exon_14;exon_15;exon_14;exon_13;exon_13;exon_14;exon_15"
"cg13850964_BC21","NTRK2","chr9",84933544,"OpenSea",""
"cg13850917_BC21","NTRK2","chr9",84929273,"OpenSea",""
"cg13850865_TC21","NTRK2","chr9",84923343,"OpenSea",""
"cg13850857_TC21","NTRK2","chr9",84922194,"OpenSea",""
"cg13850846_TC21","NTRK2","chr9",84920368,"OpenSea",""
"cg13850829_TC21","NTRK2","chr9",84917820,"OpenSea",""
"cg13849734_BC21","NTRK2","chr9",84781510,"OpenSea",""
"cg13849091_BC21","NTRK2","chr9",84697825,"OpenSea",""
"cg13851851_TC21","NTRK2","chr9",85056559,"OpenSea",""
"cg13851136_TC21","NTRK2","chr9",84955989,"OpenSea",""
"cg13851101_BC22","NTRK2","chr9",84954257,"OpenSea",""
"cg13851095_TC21","NTRK2","chr9",84954009,"OpenSea",""
"cg13851075_BC21","NTRK2","chr9",84951513,"OpenSea",""
"cg13850198_TC21","NTRK2","chr9",84839792,"OpenSea",""
"cg13850197_BC21","NTRK2","chr9",84839761,"OpenSea",""
"cg13849651_TC21","NTRK2","chr9",84769989,"OpenSea",""
"cg13849197_BC21","NTRK2","chr9",84711345,"OpenSea",""
"cg13850345_BC21","NTRK2","chr9",84858599,"OpenSea",""
"cg08322244_BC11","PER1","chr17",8163351,"Shore","TSS1500;TSS1500"
"cg08521677_BC11","PER1","chr17",8151370,"Island",""
"cg10088519_TC11","PER1","chr17",8162922,"Island","exon_1;5UTR;TSS200"
"cg27099373_BC11","PER1","chr17",8156456,"Island",""
"cg06505999_TC11","PER1","chr17",8156426,"Island",""
"cg16571098_BC11","PER1","chr17",8162524,"Shore","exon_1;5UTR"
"cg05012902_TC11","PER1","chr17",8162199,"Shore",""
"cg08898192_TC11","PER1","chr17",8138749,"OpenSea",""
"cg02689667_BC11","PER1","chr17",8162866,"Island","exon_1;5UTR"
"cg07536452_BC11","PER1","chr17",8156396,"Island",""
"cg07592976_TC11","PER1","chr17",8152415,"Island","TSS200"
"cg13433366_TC21","PER1","chr17",8153740,"Shore","TSS1500"
"cg22145003_BC21","PER1","chr17",8154528,"Shore",""
"cg10708955_BC21","PER1","chr17",8153632,"Shore","TSS1500"
"cg16545079_BC21","PER1","chr17",8152570,"Shore","TSS200"
"cg04658021_TC21","PER1","chr17",8153649,"Shore","TSS1500"
"cg04055490_TC21","PER1","chr17",8155694,"Shore",""
"cg11257113_TC21","PER1","chr17",8158886,"Shore",""
"cg10028884_BC21","PER1","chr17",8151511,"Island",""
"cg15008041_BC21","PER1","chr17",8156593,"Island",""
"cg13759852_BC21","PER1","chr17",8153667,"Shore","TSS1500"
"cg01803844_BC21","PER1","chr17",8133498,"OpenSea",""
"cg08189088_BC21","PER1","chr17",8153174,"Shore","TSS1500"
"cg02359589_BC21","PER1","chr17",8142345,"OpenSea","exon_21"
"cg06271327_TC21","PER1","chr17",8159194,"Shelf","3UTR;exon_5;3UTR;exon_5"
"cg14158601_BC21","PER1","chr17",8152513,"Island","TSS200"
"cg22195222_BC21","PER1","chr17",8163152,"Island","TSS1500;TSS1500"
"cg27004243_BC21","PER1","chr17",8152042,"Island",""
"cg17314998_TC21","PER1","chr17",8142297,"OpenSea","exon_21"
"cg10234375_TC21","PER1","chr17",8156725,"Island",""
"cg25479708_TC21","PER1","chr17",8164441,"Shore","TSS1500"
"cg00938816_BC21","PER1","chr17",8154831,"Shore",""
"cg05893602_TC21","PER1","chr17",8140938,"OpenSea","3UTR;exon_23"
"cg03301481_BC21","PER1","chr17",8148757,"Shelf","exon_8"
"cg13284983_TC21","PER1","chr17",8143313,"OpenSea","exon_19"
"cg20503576_TC21","PER1","chr17",8152566,"Shore","TSS200"
"cg00693172_TC21","PER1","chr17",8150108,"Shore","exon_4"
"cg22315544_TC21","PER1","chr17",8163353,"Shore","TSS1500;TSS1500"
"cg24750681_BC21","PER1","chr17",8133861,"OpenSea",""
"cg06061483_TC21","PER1","chr17",8154452,"Shore",""
"cg08783928_TC21","PER1","chr17",8164005,"Shore","TSS1500;TSS1500"
"cg01507817_TC21","PER1","chr17",8132164,"OpenSea",""
"cg26173986_TC21","PER1","chr17",8163698,"Shore","TSS1500;TSS1500"
"cg02617476_BC21","PER1","chr17",8133485,"OpenSea",""
"cg14966850_BC21","PER1","chr17",8139522,"OpenSea",""
"cg21093368_TC21","PER1","chr17",8152516,"Island","TSS200"
"cg08274538_BC21","PER1","chr17",8163165,"Island","TSS1500;TSS1500"
"cg27073561_BC21","PER1","chr17",8142299,"OpenSea","exon_21"
"cg05247640_TC21","PER1","chr17",8164458,"Shore",""
"cg22144855_TC21","PER1","chr17",8150634,"Shore","exon_2"
"cg22144854_BC21","PER1","chr17",8150606,"Shore","exon_2"
"cg22144697_TC21","PER1","chr17",8144757,"OpenSea","exon_18"
"cg22144696_TC21","PER1","chr17",8144753,"OpenSea","exon_18"
"cg22144684_BC21","PER1","chr17",8143951,"OpenSea",""
"cg22144678_BC21","PER1","chr17",8143816,"OpenSea","exon_19"
"cg22144595_BC21","PER1","chr17",8140083,"OpenSea",""
"cg22144594_BC21","PER1","chr17",8140075,"OpenSea",""
"cg22144519_TC21","PER1","chr17",8138481,"OpenSea",""
"cg22144515_BC21","PER1","chr17",8138300,"OpenSea",""
"cg00039627_TC11","PER2","chr2",238234575,"Shelf",""
"cg24127874_BC11","PER2","chr2",238241218,"Island","TSS1500;TSS1500;TSS1500"
"cg23905308_TC11","PER2","chr2",238288306,"Island",""
"cg15319457_BC11","PER2","chr2",238239491,"Island","exon_3;exon_3"
"cg10976861_BC11","PER2","chr2",238241296,"Shore","TSS1500;TSS1500;TSS1500"
"cg11815105_TC11","PER2","chr2",238240208,"Island","TSS200;TSS200;TSS200"
"cg12912690_BC11","PER2","chr2",238288816,"Island","TSS1500"
"cg11027325_TC11","PER2","chr2",238240033,"Island","exon_1;5UTR;exon_1;5UTR;exon_1;5UTR"
"cg17283117_BC11","PER2","chr2",238239978,"Island","exon_1;5UTR;exon_1;5UTR;exon_1;5UTR"
"cg13787782_BC11","PER2","chr2",238252927,"OpenSea","exon_19"
"cg24831107_TC11","PER2","chr2",238288498,"Island","5UTR;exon_1"
"cg09577426_TC11","PER2","chr2",238234697,"Shelf",""
"cg03438090_BC11","PER2","chr2",238234452,"Shelf",""
"cg09163117_BC11","PER2","chr2",238240056,"Island","TSS200;TSS200;TSS200"
"cg03004097_BC11","PER2","chr2",238289141,"Island","TSS1500"
"cg03200764_BC11","PER2","chr2",238240851,"Island","TSS1500;TSS1500;TSS1500"
"cg03054157_TC11","PER2","chr2",238239840,"Island","exon_1;exon_1;exon_1"
"cg16948082_BC11","PER2","chr2",238288715,"Island","TSS200"
"cg04366702_TC21","PER2","chr2",238259806,"OpenSea",""
"cg05664072_BC21","PER2","chr2",238289653,"Shore","TSS1500"
"cg23969423_TC21","PER2","chr2",238238964,"Island","exon_4;3UTR;exon_4;exon_4"
"cg07719617_TC21","PER2","chr2",238261055,"OpenSea",""
"cg11903188_TC21","PER2","chr2",238286961,"Shore",""
"cg13469320_BC21","PER2","chr2",238253481,"OpenSea","exon_19"
"cg06594010_BC21","PER2","chr2",238241343,"Shore","TSS1500;TSS1500;TSS1500"
"cg12649232_BC21","PER2","chr2",238237263,"Shore",""
"cg02105326_TC21","PER2","chr2",238240501,"Island","TSS1500;TSS1500;TSS1500"
"cg04169774_TC21","PER2","chr2",238289796,"Shore","TSS1500"
"cg06246651_TC21","PER2","chr2",238279157,"OpenSea",""
"cg08202720_BC21","PER2","chr2",238287578,"Shore",""
"cg24917789_BC21","PER2","chr2",238278509,"OpenSea",""
"cg03671396_BC21","PER2","chr2",238258282,"OpenSea","exon_16"
"cg16914508_BC21","PER2","chr2",238252461,"OpenSea",""
"cg02976543_TC21","PER2","chr2",238288966,"Island","TSS1500"
"cg06259818_TC21","PER2","chr2",238245224,"Shelf","3UTR;exon_23"
"cg10780517_TC21","PER2","chr2",238290177,"Shore",""
"cg23072629_BC21","PER2","chr2",238286896,"Shore",""
"cg10210789_BC21","PER2","chr2",238240443,"Island","TSS1500;TSS1500;TSS1500"
"cg12308675_TC21","PER2","chr2",238260896,"OpenSea","exon_13"
"cg25706474_TC21","PER2","chr2",238252516,"OpenSea",""
"cg21462970_TC21","PER2","chr2",238252847,"OpenSea",""
"cg20070418_BC21","PER2","chr2",238253589,"OpenSea","exon_19"
"cg24204951_TC21","PER2","chr2",238263443,"OpenSea",""
"cg08121041_TC21","PER2","chr2",238238804,"Shore","3UTR;exon_4;3UTR;exon_4;3UTR;exon_4"
"cg21315421_TC21","PER2","chr2",238252550,"OpenSea",""
"cg05486647_BC21","PER2","chr2",238277951,"OpenSea","exon_2;5UTR"
"cg23864664_TC21","PER2","chr2",238267188,"OpenSea",""
"cg09128059_BC21","PER2","chr2",238290393,"Shore",""
"cg08224291_BC21","PER2","chr2",238283319,"OpenSea",""
"cg10992253_TC21","PER2","chr2",238272479,"OpenSea",""
"cg13875151_BC21","PER2","chr2",238278905,"OpenSea",""
"cg06174546_BC21","PER2","chr2",238263079,"OpenSea",""
"cg07725712_TC21","PER2","chr2",238243278,"Shelf",""
"cg17536667_BC21","PER2","chr2",238297873,"OpenSea",""
"cg14026288_TC21","PER2","chr2",238247594,"OpenSea",""
"cg02424494_TC21","PER2","chr2",238291487,"Shelf",""
"cg14055421_TC21","PER2","chr2",238290901,"Shore",""
"cg21854965_TC21","PER2","chr2",238274344,"OpenSea",""
"cg01480447_TC21","PER2","chr2",238285743,"Shelf",""
"cg04310348_BC21","PER2","chr2",238278007,"OpenSea",""
"cg20146792_BC21","PER2","chr2",238259855,"OpenSea",""
"cg21812149_BC21","PER2","chr2",238294650,"OpenSea",""
"cg04366515_BC21","PER2","chr2",238250568,"OpenSea","exon_21"
"cg04366588_BC21","PER2","chr2",238253403,"OpenSea","exon_19"
"cg04366785_BC21","PER2","chr2",238263811,"OpenSea",""
"cg04366523_BC21","PER2","chr2",238250994,"OpenSea",""
"cg04366762_BC21","PER2","chr2",238262711,"OpenSea",""
"cg04366683_BC21","PER2","chr2",238258978,"OpenSea",""
"cg08846772_BC21","PER2","chr2",238257821,"OpenSea",""
"cg04117792_BC21","PER2","chr2",238252610,"OpenSea",""
"cg14782104_BC21","PER2","chr2",238261212,"OpenSea",""
"cg04367198_TC21","PER2","chr2",238287903,"Shore",""
"cg04366785_BC22","PER2","chr2",238263811,"OpenSea",""
"cg04367564_BC21","PER2","chr2",238300062,"OpenSea",""
"cg04366946_BC21","PER2","chr2",238273455,"OpenSea",""
"cg20387815_TC11","POMC","chr2",25168797,"Island","TSS1500;TSS1500;TSS1500;TSS1500"
"cg06904565_TC11","POMC","chr2",25168653,"Island","TSS200;TSS200;TSS200;TSS200"
"cg13025668_TC11","POMC","chr2",25168787,"Island","TSS1500;TSS1500;TSS1500;TSS1500"
"cg00674304_BC11","POMC","chr2",25168831,"Island","TSS1500;TSS1500;TSS1500;TSS1500"
"cg10045137_TC11","POMC","chr2",25161071,"Island","3UTR;exon_3;3UTR;exon_4;3UTR;exon_4;3UTR;exon_3"
"cg06846259_BC11","POMC","chr2",25161785,"Island",""
"cg23598419_BC11","POMC","chr2",25168173,"Shore",""
"cg02757179_TC11","POMC","chr2",25161940,"Shore",""
"cg24718866_TC11","POMC","chr2",25168405,"Island",""
"cg02558428_BC11","POMC","chr2",25168634,"Island","TSS200;TSS200;TSS200;TSS200"
"cg09527270_TC11","POMC","chr2",25167516,"Shore",""
"cg09527270_TC12","POMC","chr2",25167516,"Shore",""
"cg09527270_TC13","POMC","chr2",25167516,"Shore",""
"cg11952478_TC21","POMC","chr2",25157773,"Shelf","exon_23;3UTR;exon_23;3UTR"
"cg03385207_TC21","POMC","chr2",25171566,"Shelf",""
"cg08030082_TC21","POMC","chr2",25168970,"Island","TSS1500;TSS1500;TSS1500;TSS1500"
"cg16302441_TC21","POMC","chr2",25168961,"Island","TSS1500;TSS1500;TSS1500;TSS1500"
"cg09916783_TC21","POMC","chr2",25169042,"Shore","TSS1500;TSS1500;TSS1500;TSS1500"
"cg02716646_TC21","POMC","chr2",25161424,"Island","exon_3;exon_4;exon_4;exon_3"
"cg00293936_TC21","POMC","chr2",25168636,"Island","TSS200;TSS200;TSS200;TSS200"
"cg22900229_BC21","POMC","chr2",25168904,"Island","TSS1500;TSS1500;TSS1500;TSS1500"
"cg19241807_BC21","POMC","chr2",25169687,"Shore","TSS1500;TSS1500;TSS1500;TSS1500"
"cg24425171_BC21","POMC","chr2",25168842,"Island","TSS1500;TSS1500;TSS1500;TSS1500"
"cg01926269_BC21","POMC","chr2",25168801,"Island","TSS1500;TSS1500;TSS1500;TSS1500"
"cg09672383_BC21","POMC","chr2",25167671,"Shore",""
"cg04722939_BC21","POMC","chr2",25151921,"OpenSea","exon_21;exon_21"
"cg14357535_BC21","POMC","chr2",25166171,"Shelf",""
"cg15391491_BC21","POMC","chr2",25160535,"Shore",""
"cg23809645_TC21","POMC","chr2",25160982,"Shore","3UTR;exon_3;3UTR;exon_4;3UTR;exon_4;3UTR;exon_3"
"cg02079741_TC21","POMC","chr2",25167555,"Shore",""
"cg17736230_TC21","POMC","chr2",25168851,"Island","TSS1500;TSS1500;TSS1500;TSS1500"
"cg11894631_TC21","POMC","chr2",25167120,"Shore",""
"cg03560973_TC21","POMC","chr2",25167531,"Shore",""
"cg20807790_BC21","POMC","chr2",25161893,"Island",""
"cg03131220_BC21","POMC","chr2",25156938,"OpenSea","exon_23;3UTR;exon_23;3UTR"
"cg02066478_TC21","POMC","chr2",25156994,"OpenSea","exon_23;3UTR;exon_23;3UTR"
"cg21331367_TC21","POMC","chr2",25171108,"Shelf",""
"cg20475380_BC21","POMC","chr2",25155782,"OpenSea","exon_23;3UTR;exon_23;3UTR"
"cg07984818_TC21","POMC","chr2",25175239,"OpenSea",""
"cg00488988_BC21","POMC","chr2",25178640,"OpenSea",""
"cg00333669_TC21","POMC","chr2",25157170,"Shelf","exon_23;3UTR;exon_23;3UTR"
"cg02558452_BC21","POMC","chr2",25169716,"Shore","TSS1500;TSS1500;TSS1500;TSS1500"
"cg26008643_TC21","POMC","chr2",25157137,"Shelf","exon_23;3UTR;exon_23;3UTR"
"cg02558138_TC21","POMC","chr2",25156461,"OpenSea","exon_23;3UTR;exon_23;3UTR"
"cg15715889_TC21","POMC","chr2",25170072,"Shore","TSS1500;TSS1500;TSS1500;TSS1500"
"cg02558334_BC21","POMC","chr2",25166262,"Shore",""
"cg09916783_TC22","POMC","chr2",25169042,"Shore","TSS1500;TSS1500;TSS1500;TSS1500"
"cg27569822_BC11","SLC6A4","chr17",30236101,"Island","TSS1500"
"cg06841846_BC11","SLC6A4","chr17",30237076,"Shore","TSS1500"
"cg14692377_TC11","SLC6A4","chr17",30235667,"Island","5UTR;exon_1"
"cg26741280_BC11","SLC6A4","chr17",30236071,"Island","TSS1500"
"cg19227924_BC11","SLC6A4","chr17",30238691,"Shelf",""
"cg12074493_TC11","SLC6A4","chr17",30237099,"Shore","TSS1500"
"cg10901968_TC11","SLC6A4","chr17",30236090,"Island","TSS1500"
"cg22584138_TC21","SLC6A4","chr17",30235202,"Shore",""
"cg05016953_BC21","SLC6A4","chr17",30235795,"Island","TSS200"
"cg06961290_TC21","SLC6A4","chr17",30208022,"OpenSea",""
"cg07119172_TC21","SLC6A4","chr17",30185000,"OpenSea","exon_6;exon_7"
"cg03363743_BC21","SLC6A4","chr17",30235456,"Island",""
"cg16647683_BC21","SLC6A4","chr17",30231080,"OpenSea",""
"cg24312412_BC21","SLC6A4","chr17",30185009,"OpenSea","exon_6;exon_7"
"cg20209182_BC21","SLC6A4","chr17",30203831,"OpenSea",""
"cg26438554_TC21","SLC6A4","chr17",30235715,"Island","TSS200"
"cg18584905_BC21","SLC6A4","chr17",30236282,"Shore","TSS1500"
"cg10241426_TC21","SLC6A4","chr17",30231916,"Shelf",""
"cg14352032_TC21","SLC6A4","chr17",30237816,"Shore",""
"cg25725890_TC21","SLC6A4","chr17",30236036,"Island","TSS1500"
"cg18397357_TC21","SLC6A4","chr17",30238240,"Shelf",""
"cg26126367_BC21","SLC6A4","chr17",30232479,"Shelf",""
"cg01991100_TC21","SLC6A4","chr17",30228917,"OpenSea",""
"cg10146136_TC21","SLC6A4","chr17",30220532,"OpenSea",""
"cg27427014_BC21","SLC6A4","chr17",30212962,"OpenSea",""
"cg06373684_BC21","SLC6A4","chr17",30235733,"Island","TSS200"
"cg09921370_TC21","SLC6A4","chr17",30228297,"OpenSea",""
"cg26067340_BC21","SLC6A4","chr17",30226187,"OpenSea",""
"cg03943825_TC21","SLC6A4","chr17",30219228,"OpenSea",""
"cg00386645_TC21","SLC6A4","chr17",30233947,"Shore",""
"cg03465955_BC21","SLC6A4","chr17",30244969,"OpenSea",""
"cg27641908_BC21","SLC6A4","chr17",30248043,"OpenSea",""
"cg04557871_BC21","SLC6A4","chr17",30248056,"OpenSea",""
"cg22315577_TC21","SLC6A4","chr17",30246820,"OpenSea",""
"cg22395754_TC21","SLC6A4","chr17",30247171,"OpenSea",""
"cg08743901_BC21","SLC6A4","chr17",30208538,"OpenSea",""
"cg14312898_BC21","SLC6A4","chr17",30236961,"Shore","TSS1500"
"cg03829016_TC21","SLC6A4","chr17",30236841,"Shore","TSS1500"
"cg22395263_BC21","SLC6A4","chr17",30219103,"OpenSea",""
"cg22113926_TC21","SLC6A4","chr17",30239313,"Shelf",""
"cg01330016_BC21","SLC6A4","chr17",30222788,"OpenSea",""
"cg22395403_BC21","SLC6A4","chr17",30227237,"OpenSea",""
"cg22395395_BC21","SLC6A4","chr17",30227023,"OpenSea",""
"cg23509869_TC11","TNF","chr6",31585664,"OpenSea","TSS1500;TSS1500;TSS1500;TSS1500;TSS1500"
"cg14868222_TC11","TNF","chr6",31580563,"Shore","3UTR;exon_4;3UTR;exon_3"
"cg21467614_BC11","TNF","chr6",31575861,"OpenSea","exon_1"
"cg17169196_TC11","TNF","chr6",31572249,"OpenSea","5UTR;exon_1;TSS200"
"cg02402436_TC11","TNF","chr6",31572274,"OpenSea","5UTR;exon_1;TSS200"
"cg14597739_BC11","TNF","chr6",31572221,"OpenSea","5UTR;exon_1;TSS200"
"cg11586857_BC11","TNF","chr6",31572359,"OpenSea","5UTR;exon_1"
"cg16219283_TC11","TNF","chr6",31572225,"OpenSea","5UTR;exon_1;TSS200"
"cg15804767_TC11","TNF","chr6",31580819,"Island","exon_4;3UTR;exon_3"
"cg13815684_TC11","TNF","chr6",31572663,"OpenSea","exon_1"
"cg14437551_TC11","TNF","chr6",31572209,"OpenSea","5UTR;exon_1;TSS200"
"cg24216966_BC11","TNF","chr6",31572344,"OpenSea","5UTR;exon_1"
"cg12234287_TC11","TNF","chr6",31581452,"Island",""
"cg03880509_TC11","TNF","chr6",31580822,"Island","exon_4;3UTR;exon_3"
"cg25827881_TC11","TNF","chr6",31581084,"Island","exon_4;3UTR;exon_3"
"cg21029447_BC11","TNF","chr6",31580795,"Island","exon_4;3UTR;exon_3"
"cg23826582_TC11","TNF","chr6",31580835,"Island","exon_4;3UTR;exon_3"
"cg16280132_BC11","TNF","chr6",31572682,"OpenSea","exon_1"
"cg27531490_TC11","TNF","chr6",31574682,"OpenSea","TSS1500"
"cg15025383_BC11","TNF","chr6",31580892,"Island","exon_4;3UTR;exon_3"
"cg03702435_TC11","TNF","chr6",31581066,"Island","exon_4;3UTR;exon_3"
"cg16795830_TC11","TNF","chr6",31586422,"OpenSea","TSS1500;TSS1500;TSS1500;TSS1500"
"cg23351030_BC11","TNF","chr6",31581266,"Island",""
"cg17741993_TC11","TNF","chr6",31576917,"Shelf",""
"cg02075405_TC11","TNF","chr6",31581080,"Island","exon_4;3UTR;exon_3"
"cg13150632_BC11","TNF","chr6",31581445,"Island",""
"cg14208573_BC11","TNF","chr6",31581464,"Island",""
"cg27245606_TC11","TNF","chr6",31581261,"Island",""
"cg01360627_BC11","TNF","chr6",31577154,"Shelf","exon_4"
"cg21999229_BC11","TNF","chr6",31572237,"OpenSea","5UTR;exon_1;TSS200"
"cg17709873_TC21","TNF","chr6",31572679,"OpenSea","exon_1"
"cg23509869_BC21","TNF","chr6",31585664,"OpenSea","TSS1500;TSS1500;TSS1500;TSS1500;TSS1500"
"cg23509869_BC22","TNF","chr6",31585664,"OpenSea","TSS1500;TSS1500;TSS1500;TSS1500;TSS1500"
"cg09365972_BC21","TNF","chr6",31575571,"OpenSea","5UTR;exon_1"
"cg14324675_BC21","TNF","chr6",31587071,"OpenSea","TSS200;TSS200;TSS200"
"cg17755321_BC21","TNF","chr6",31578308,"Shelf","exon_4;3UTR"
"cg18656170_BC21","TNF","chr6",31583648,"Shelf","TSS1500;TSS1500"
"cg04425624_BC21","TNF","chr6",31575788,"OpenSea","exon_1"
"cg11484872_TC21","TNF","chr6",31575392,"OpenSea","TSS200"
"cg10995925_BC21","TNF","chr6",31571824,"OpenSea","TSS1500;TSS1500"
"cg18384277_BC21","TNF","chr6",31583065,"Shore","TSS1500;TSS1500"
"cg14441276_TC21","TNF","chr6",31571958,"OpenSea","TSS1500;TSS200"
"cg02249390_TC21","TNF","chr6",31582835,"Shore","TSS1500;TSS1500"
"cg13335388_TC21","TNF","chr6",31582464,"Shore","TSS200;TSS200"
"cg07744273_TC21","TNF","chr6",31570747,"OpenSea","TSS1500"
"cg21370522_BC21","TNF","chr6",31575442,"OpenSea","TSS200"
"cg09736959_TC21","TNF","chr6",31572337,"OpenSea","5UTR;exon_1"
"cg22318806_TC21","TNF","chr6",31572634,"OpenSea","exon_1"
"cg20477259_TC21","TNF","chr6",31577183,"Shelf","exon_4"
"cg14910524_BC21","TNF","chr6",31574171,"OpenSea","exon_4;3UTR;exon_4;3UTR;TSS1500;TSS1500"
"cg00900444_BC21","TNF","chr6",31580514,"Shore",""
"cg14306709_TC21","TNF","chr6",31579927,"Shore",""
"cg26729380_BC21","TNF","chr6",31575878,"OpenSea","exon_1"
"cg08553327_TC21","TNF","chr6",31575870,"OpenSea","exon_1"
"cg18031455_TC21","TNF","chr6",31587654,"OpenSea","exon_2;exon_3;exon_3;exon_2"
"cg06825478_TC21","TNF","chr6",31578290,"Shelf","exon_4;3UTR"
"cg01569083_TC21","TNF","chr6",31575512,"OpenSea","TSS200"
"cg00731683_BC21","TNF","chr6",31580660,"Island","3UTR;exon_4;3UTR;exon_3"
"cg09531959_BC21","TNF","chr6",31586781,"OpenSea","5UTR;exon_1;TSS1500;TSS1500;TSS1500"
"cg01157951_BC21","TNF","chr6",31572622,"OpenSea","exon_1"
"cg06526741_TC21","TNF","chr6",31582152,"Shore",""
"cg24452282_TC21","TNF","chr6",31574963,"OpenSea","TSS1500"
"cg04836028_TC21","TNF","chr6",31586486,"OpenSea","TSS1500;TSS1500;TSS1500;TSS1500"
"cg19124225_BC21","TNF","chr6",31578059,"Shelf","exon_4;3UTR"
"cg19271190_TC21","TNF","chr6",31587169,"OpenSea","TSS200;TSS200;TSS200"
"cg24926370_BC21","TNF","chr6",31581256,"Island",""
"cg26311932_BC21","TNF","chr6",31581786,"Shore",""
"cg06887580_BC21","TNF","chr6",31582922,"Shore","TSS1500;TSS1500"
"cg03739609_TC21","TNF","chr6",31587239,"OpenSea","5UTR;exon_1;5UTR;exon_1;5UTR;exon_2;5UTR;exon_2;5UTR;exon_2;5UTR;exon_1;exon_2;exon_2"
"cg15989608_BC21","TNF","chr6",31577544,"Shelf","exon_4;3UTR"
"cg03599224_BC21","TNF","chr6",31573572,"OpenSea","exon_4;exon_4;TSS1500"
"cg10196103_BC21","TNF","chr6",31581366,"Island",""
"cg21240855_BC21","TNF","chr6",31573684,"OpenSea","exon_4;exon_4;TSS1500"
"cg12681001_TC21","TNF","chr6",31575763,"OpenSea","exon_1"
"cg24479522_TC21","TNF","chr6",31581848,"Shore","exon_2"
"cg23204396_TC21","TNF","chr6",31580330,"Shore",""
"cg03037030_BC21","TNF","chr6",31575523,"OpenSea","TSS200"
"cg10650821_BC21","TNF","chr6",31575909,"OpenSea","exon_1"
"cg02104962_BC21","TNF","chr6",31580537,"Shore",""
"cg10476003_BC21","TNF","chr6",31572392,"OpenSea","5UTR;exon_1"
"cg26724726_BC21","TNF","chr6",31582076,"Shore",""
"cg24540603_BC21","TNF","chr6",31580140,"Shore",""
"cg01106410_TC21","TNF","chr6",31581382,"Island",""
"cg27616007_TC21","TNF","chr6",31587052,"OpenSea","TSS200;TSS200;TSS200"
"cg10717214_BC21","TNF","chr6",31575780,"OpenSea","exon_1"
"cg04472685_BC21","TNF","chr6",31577696,"Shelf","exon_4;3UTR"
"cg21222743_BC21","TNF","chr6",31575768,"OpenSea","exon_1"
"cg20330447_TC21","TNF","chr6",31571762,"OpenSea","TSS1500;TSS1500"
"cg23384708_TC21","TNF","chr6",31577157,"Shelf","exon_4"
"cg26736341_TC21","TNF","chr6",31577565,"Shelf","exon_4;3UTR"
"cg19818722_TC21","TNF","chr6",31581485,"Island",""
"cg15553408_BC21","TNF","chr6",31581233,"Island",""
"cg02137984_BC21","TNF","chr6",31578121,"Shelf","exon_4;3UTR"
"cg11930820_TC21","TNF","chr6",31581499,"Island",""
"cg23245017_BC21","TNF","chr6",31568222,"OpenSea",""
"cg08639424_TC21","TNF","chr6",31574779,"OpenSea","TSS1500"
"cg19978379_TC21","TNF","chr6",31574894,"OpenSea","TSS1500"
"cg09365930_BC21","TNF","chr6",31570946,"OpenSea","TSS1500;TSS1500"
"cg19279042_TC21","TNF","chr6",31582313,"Shore","exon_1;exon_1"
"cg19279042_TC22","TNF","chr6",31582313,"Shore","exon_1;exon_1"
"cg19279042_TC23","TNF","chr6",31582313,"Shore","exon_1;exon_1"
"cg09365910_BC21","TNF","chr6",31568821,"OpenSea",""
"cg11699436_TC21","TNF","chr6",31568115,"OpenSea",""
